experiment_id,attack,severity,params,image,psnr_attacked,ssim_attacked,blind_ber,blind_bit_accuracy,nonblind_ber,nonblind_bit_accuracy
robustness-20260918-025634-2cf93d,identity,0.0,{},0801,inf,1.0,0.25,0.75,0.0625,0.9375
robustness-20260918-025634-2cf93d,identity,0.0,{},0802,inf,1.0,0.34375,0.65625,0.015625,0.984375
robustness-20260918-025634-2cf93d,identity,0.0,{},0803,inf,1.0,0.296875,0.703125,0.03125,0.96875
robustness-20260918-025634-2cf93d,identity,0.0,{},0804,inf,1.0,0.296875,0.703125,0.03125,0.96875
robustness-20260918-025634-2cf93d,identity,0.0,{},0805,inf,1.0,0.296875,0.703125,0.09375,0.90625
robustness-20260918-025634-2cf93d,identity,0.0,{},0806,inf,1.0,0.234375,0.765625,0.015625,0.984375
robustness-20260918-025634-2cf93d,identity,0.0,{},0807,inf,1.0,0.25,0.75,0.046875,0.953125
robustness-20260918-025634-2cf93d,identity,0.0,{},0808,inf,1.0,0.171875,0.828125,0.046875,0.953125
robustness-20260918-025634-2cf93d,identity,0.0,{},0809,inf,1.0,0.265625,0.734375,0.03125,0.96875
robustness-20260918-025634-2cf93d,identity,0.0,{},0810,inf,1.0,0.234375,0.765625,0.015625,0.984375
robustness-20260918-025634-2cf93d,identity,0.0,{},0811,inf,1.0,0.25,0.75,0.09375,0.90625
robustness-20260918-025634-2cf93d,identity,0.0,{},0812,inf,1.0,0.3125,0.6875,0.109375,0.890625
robustness-20260918-025634-2cf93d,identity,0.0,{},0813,inf,1.0,0.28125,0.71875,0.0,1.0
robustness-20260918-025634-2cf93d,identity,0.0,{},0814,inf,1.0,0.28125,0.71875,0.03125,0.96875
robustness-20260918-025634-2cf93d,identity,0.0,{},0815,inf,1.0,0.21875,0.78125,0.0625,0.9375
robustness-20260918-025634-2cf93d,identity,0.0,{},0816,inf,1.0,0.265625,0.734375,0.015625,0.984375
robustness-20260918-025634-2cf93d,identity,0.0,{},0817,inf,1.0,0.203125,0.796875,0.109375,0.890625
robustness-20260918-025634-2cf93d,identity,0.0,{},0818,inf,1.0,0.25,0.75,0.078125,0.921875
robustness-20260918-025634-2cf93d,identity,0.0,{},0819,inf,1.0,0.203125,0.796875,0.03125,0.96875
robustness-20260918-025634-2cf93d,identity,0.0,{},0820,inf,1.0,0.21875,0.78125,0.09375,0.90625
robustness-20260918-025634-2cf93d,identity,0.0,{},0821,inf,1.0,0.328125,0.671875,0.03125,0.96875
robustness-20260918-025634-2cf93d,identity,0.0,{},0822,inf,1.0,0.3125,0.6875,0.171875,0.828125
robustness-20260918-025634-2cf93d,identity,0.0,{},0823,inf,1.0,0.25,0.75,0.109375,0.890625
robustness-20260918-025634-2cf93d,identity,0.0,{},0824,inf,1.0,0.25,0.75,0.0625,0.9375
robustness-20260918-025634-2cf93d,identity,0.0,{},0825,inf,1.0,0.140625,0.859375,0.078125,0.921875
robustness-20260918-025634-2cf93d,identity,0.0,{},0826,inf,1.0,0.296875,0.703125,0.0625,0.9375
robustness-20260918-025634-2cf93d,identity,0.0,{},0827,inf,1.0,0.28125,0.71875,0.15625,0.84375
robustness-20260918-025634-2cf93d,identity,0.0,{},0828,inf,1.0,0.21875,0.78125,0.109375,0.890625
robustness-20260918-025634-2cf93d,identity,0.0,{},0829,inf,1.0,0.34375,0.65625,0.046875,0.953125
robustness-20260918-025634-2cf93d,identity,0.0,{},0830,inf,1.0,0.296875,0.703125,0.015625,0.984375
robustness-20260918-025634-2cf93d,identity,0.0,{},0831,inf,1.0,0.328125,0.671875,0.015625,0.984375
robustness-20260918-025634-2cf93d,identity,0.0,{},0832,inf,1.0,0.203125,0.796875,0.03125,0.96875
robustness-20260918-025634-2cf93d,identity,0.0,{},0833,inf,1.0,0.21875,0.78125,0.0625,0.9375
robustness-20260918-025634-2cf93d,identity,0.0,{},0834,inf,1.0,0.234375,0.765625,0.109375,0.890625
robustness-20260918-025634-2cf93d,identity,0.0,{},0835,inf,1.0,0.25,0.75,0.0625,0.9375
robustness-20260918-025634-2cf93d,identity,0.0,{},0836,inf,1.0,0.265625,0.734375,0.09375,0.90625
robustness-20260918-025634-2cf93d,identity,0.0,{},0837,inf,1.0,0.171875,0.828125,0.125,0.875
robustness-20260918-025634-2cf93d,identity,0.0,{},0838,inf,1.0,0.3125,0.6875,0.015625,0.984375
robustness-20260918-025634-2cf93d,identity,0.0,{},0839,inf,1.0,0.21875,0.78125,0.03125,0.96875
robustness-20260918-025634-2cf93d,identity,0.0,{},0840,inf,1.0,0.21875,0.78125,0.046875,0.953125
robustness-20260918-025634-2cf93d,identity,0.0,{},0841,inf,1.0,0.296875,0.703125,0.078125,0.921875
robustness-20260918-025634-2cf93d,identity,0.0,{},0842,inf,1.0,0.328125,0.671875,0.0625,0.9375
robustness-20260918-025634-2cf93d,identity,0.0,{},0843,inf,1.0,0.40625,0.59375,0.21875,0.78125
robustness-20260918-025634-2cf93d,identity,0.0,{},0844,inf,1.0,0.28125,0.71875,0.015625,0.984375
robustness-20260918-025634-2cf93d,identity,0.0,{},0845,inf,1.0,0.296875,0.703125,0.0,1.0
robustness-20260918-025634-2cf93d,identity,0.0,{},0846,inf,1.0,0.265625,0.734375,0.03125,0.96875
robustness-20260918-025634-2cf93d,identity,0.0,{},0847,inf,1.0,0.3125,0.6875,0.03125,0.96875
robustness-20260918-025634-2cf93d,identity,0.0,{},0848,inf,1.0,0.265625,0.734375,0.03125,0.96875
robustness-20260918-025634-2cf93d,identity,0.0,{},0849,inf,1.0,0.328125,0.671875,0.0625,0.9375
robustness-20260918-025634-2cf93d,identity,0.0,{},0850,inf,1.0,0.25,0.75,0.03125,0.96875
robustness-20260918-025634-2cf93d,identity,0.0,{},0851,inf,1.0,0.15625,0.84375,0.0625,0.9375
robustness-20260918-025634-2cf93d,identity,0.0,{},0852,inf,1.0,0.3125,0.6875,0.046875,0.953125
robustness-20260918-025634-2cf93d,identity,0.0,{},0853,inf,1.0,0.234375,0.765625,0.0,1.0
robustness-20260918-025634-2cf93d,identity,0.0,{},0854,inf,1.0,0.25,0.75,0.125,0.875
robustness-20260918-025634-2cf93d,identity,0.0,{},0855,inf,1.0,0.28125,0.71875,0.0625,0.9375
robustness-20260918-025634-2cf93d,identity,0.0,{},0856,inf,1.0,0.328125,0.671875,0.21875,0.78125
robustness-20260918-025634-2cf93d,identity,0.0,{},0857,inf,1.0,0.25,0.75,0.015625,0.984375
robustness-20260918-025634-2cf93d,identity,0.0,{},0858,inf,1.0,0.265625,0.734375,0.015625,0.984375
robustness-20260918-025634-2cf93d,identity,0.0,{},0859,inf,1.0,0.28125,0.71875,0.078125,0.921875
robustness-20260918-025634-2cf93d,identity,0.0,{},0860,inf,1.0,0.296875,0.703125,0.078125,0.921875
robustness-20260918-025634-2cf93d,identity,0.0,{},0861,inf,1.0,0.328125,0.671875,0.09375,0.90625
robustness-20260918-025634-2cf93d,identity,0.0,{},0862,inf,1.0,0.21875,0.78125,0.09375,0.90625
robustness-20260918-025634-2cf93d,identity,0.0,{},0863,inf,1.0,0.21875,0.78125,0.125,0.875
robustness-20260918-025634-2cf93d,identity,0.0,{},0864,inf,1.0,0.203125,0.796875,0.078125,0.921875
robustness-20260918-025634-2cf93d,identity,0.0,{},0865,inf,1.0,0.234375,0.765625,0.03125,0.96875
robustness-20260918-025634-2cf93d,identity,0.0,{},0866,inf,1.0,0.1875,0.8125,0.078125,0.921875
robustness-20260918-025634-2cf93d,identity,0.0,{},0867,inf,1.0,0.28125,0.71875,0.09375,0.90625
robustness-20260918-025634-2cf93d,identity,0.0,{},0868,inf,1.0,0.359375,0.640625,0.09375,0.90625
robustness-20260918-025634-2cf93d,identity,0.0,{},0869,inf,1.0,0.21875,0.78125,0.078125,0.921875
robustness-20260918-025634-2cf93d,identity,0.0,{},0870,inf,1.0,0.203125,0.796875,0.09375,0.90625
robustness-20260918-025634-2cf93d,identity,0.0,{},0871,inf,1.0,0.21875,0.78125,0.0625,0.9375
robustness-20260918-025634-2cf93d,identity,0.0,{},0872,inf,1.0,0.265625,0.734375,0.09375,0.90625
robustness-20260918-025634-2cf93d,identity,0.0,{},0873,inf,1.0,0.296875,0.703125,0.046875,0.953125
robustness-20260918-025634-2cf93d,identity,0.0,{},0874,inf,1.0,0.15625,0.84375,0.125,0.875
robustness-20260918-025634-2cf93d,identity,0.0,{},0875,inf,1.0,0.21875,0.78125,0.0,1.0
robustness-20260918-025634-2cf93d,identity,0.0,{},0876,inf,1.0,0.3125,0.6875,0.078125,0.921875
robustness-20260918-025634-2cf93d,identity,0.0,{},0877,inf,1.0,0.171875,0.828125,0.125,0.875
robustness-20260918-025634-2cf93d,identity,0.0,{},0878,inf,1.0,0.21875,0.78125,0.125,0.875
robustness-20260918-025634-2cf93d,identity,0.0,{},0879,inf,1.0,0.296875,0.703125,0.0625,0.9375
robustness-20260918-025634-2cf93d,identity,0.0,{},0880,inf,1.0,0.1875,0.8125,0.078125,0.921875
robustness-20260918-025634-2cf93d,identity,0.0,{},0881,inf,1.0,0.21875,0.78125,0.0,1.0
robustness-20260918-025634-2cf93d,identity,0.0,{},0882,inf,1.0,0.265625,0.734375,0.046875,0.953125
robustness-20260918-025634-2cf93d,identity,0.0,{},0883,inf,1.0,0.171875,0.828125,0.0625,0.9375
robustness-20260918-025634-2cf93d,identity,0.0,{},0884,inf,1.0,0.203125,0.796875,0.046875,0.953125
robustness-20260918-025634-2cf93d,identity,0.0,{},0885,inf,1.0,0.265625,0.734375,0.125,0.875
robustness-20260918-025634-2cf93d,identity,0.0,{},0886,inf,1.0,0.296875,0.703125,0.03125,0.96875
robustness-20260918-025634-2cf93d,identity,0.0,{},0887,inf,1.0,0.1875,0.8125,0.09375,0.90625
robustness-20260918-025634-2cf93d,identity,0.0,{},0888,inf,1.0,0.1875,0.8125,0.03125,0.96875
robustness-20260918-025634-2cf93d,identity,0.0,{},0889,inf,1.0,0.15625,0.84375,0.03125,0.96875
robustness-20260918-025634-2cf93d,identity,0.0,{},0890,inf,1.0,0.1875,0.8125,0.0625,0.9375
robustness-20260918-025634-2cf93d,identity,0.0,{},0891,inf,1.0,0.21875,0.78125,0.046875,0.953125
robustness-20260918-025634-2cf93d,identity,0.0,{},0892,inf,1.0,0.25,0.75,0.046875,0.953125
robustness-20260918-025634-2cf93d,identity,0.0,{},0893,inf,1.0,0.21875,0.78125,0.0625,0.9375
robustness-20260918-025634-2cf93d,identity,0.0,{},0894,inf,1.0,0.171875,0.828125,0.125,0.875
robustness-20260918-025634-2cf93d,identity,0.0,{},0895,inf,1.0,0.296875,0.703125,0.125,0.875
robustness-20260918-025634-2cf93d,identity,0.0,{},0896,inf,1.0,0.25,0.75,0.109375,0.890625
robustness-20260918-025634-2cf93d,identity,0.0,{},0897,inf,1.0,0.171875,0.828125,0.078125,0.921875
robustness-20260918-025634-2cf93d,identity,0.0,{},0898,inf,1.0,0.328125,0.671875,0.03125,0.96875
robustness-20260918-025634-2cf93d,identity,0.0,{},0899,inf,1.0,0.3125,0.6875,0.15625,0.84375
robustness-20260918-025634-2cf93d,identity,0.0,{},0900,inf,1.0,0.28125,0.71875,0.015625,0.984375
robustness-20260918-025634-2cf93d,jpeg_compress,95.0,"{""quality"": 95}",0801,37.9759,0.987807,0.21875,0.78125,0.0625,0.9375
robustness-20260918-025634-2cf93d,jpeg_compress,95.0,"{""quality"": 95}",0802,34.1177,0.940572,0.375,0.625,0.1875,0.8125
robustness-20260918-025634-2cf93d,jpeg_compress,95.0,"{""quality"": 95}",0803,33.6951,0.955324,0.3125,0.6875,0.046875,0.953125
robustness-20260918-025634-2cf93d,jpeg_compress,95.0,"{""quality"": 95}",0804,31.2371,0.962841,0.265625,0.734375,0.03125,0.96875
robustness-20260918-025634-2cf93d,jpeg_compress,95.0,"{""quality"": 95}",0805,38.5923,0.9835,0.25,0.75,0.09375,0.90625
robustness-20260918-025634-2cf93d,jpeg_compress,95.0,"{""quality"": 95}",0806,36.9047,0.969841,0.25,0.75,0.03125,0.96875
robustness-20260918-025634-2cf93d,jpeg_compress,95.0,"{""quality"": 95}",0807,32.0266,0.936798,0.21875,0.78125,0.03125,0.96875
robustness-20260918-025634-2cf93d,jpeg_compress,95.0,"{""quality"": 95}",0808,36.6477,0.970036,0.21875,0.78125,0.046875,0.953125
robustness-20260918-025634-2cf93d,jpeg_compress,95.0,"{""quality"": 95}",0809,37.1849,0.977266,0.296875,0.703125,0.03125,0.96875
robustness-20260918-025634-2cf93d,jpeg_compress,95.0,"{""quality"": 95}",0810,39.8939,0.983897,0.28125,0.71875,0.0625,0.9375
robustness-20260918-025634-2cf93d,jpeg_compress,95.0,"{""quality"": 95}",0811,36.3132,0.954268,0.25,0.75,0.09375,0.90625
robustness-20260918-025634-2cf93d,jpeg_compress,95.0,"{""quality"": 95}",0812,39.2061,0.984488,0.328125,0.671875,0.109375,0.890625
robustness-20260918-025634-2cf93d,jpeg_compress,95.0,"{""quality"": 95}",0813,34.42,0.972417,0.3125,0.6875,0.015625,0.984375
robustness-20260918-025634-2cf93d,jpeg_compress,95.0,"{""quality"": 95}",0814,38.4713,0.984718,0.375,0.625,0.109375,0.890625
robustness-20260918-025634-2cf93d,jpeg_compress,95.0,"{""quality"": 95}",0815,34.2694,0.967858,0.21875,0.78125,0.03125,0.96875
robustness-20260918-025634-2cf93d,jpeg_compress,95.0,"{""quality"": 95}",0816,40.5388,0.985156,0.296875,0.703125,0.046875,0.953125
robustness-20260918-025634-2cf93d,jpeg_compress,95.0,"{""quality"": 95}",0817,30.0575,0.922635,0.203125,0.796875,0.078125,0.921875
robustness-20260918-025634-2cf93d,jpeg_compress,95.0,"{""quality"": 95}",0818,34.784,0.973405,0.25,0.75,0.078125,0.921875
robustness-20260918-025634-2cf93d,jpeg_compress,95.0,"{""quality"": 95}",0819,35.1345,0.968994,0.15625,0.84375,0.0,1.0
robustness-20260918-025634-2cf93d,jpeg_compress,95.0,"{""quality"": 95}",0820,37.248,0.987391,0.265625,0.734375,0.078125,0.921875
robustness-20260918-025634-2cf93d,jpeg_compress,95.0,"{""quality"": 95}",0821,31.562,0.966542,0.328125,0.671875,0.046875,0.953125
robustness-20260918-025634-2cf93d,jpeg_compress,95.0,"{""quality"": 95}",0822,34.2775,0.969509,0.3125,0.6875,0.171875,0.828125
robustness-20260918-025634-2cf93d,jpeg_compress,95.0,"{""quality"": 95}",0823,36.0387,0.97653,0.265625,0.734375,0.109375,0.890625
robustness-20260918-025634-2cf93d,jpeg_compress,95.0,"{""quality"": 95}",0824,37.6542,0.984051,0.25,0.75,0.0625,0.9375
robustness-20260918-025634-2cf93d,jpeg_compress,95.0,"{""quality"": 95}",0825,34.1198,0.979,0.109375,0.890625,0.09375,0.90625
robustness-20260918-025634-2cf93d,jpeg_compress,95.0,"{""quality"": 95}",0826,33.1132,0.964448,0.28125,0.71875,0.09375,0.90625
robustness-20260918-025634-2cf93d,jpeg_compress,95.0,"{""quality"": 95}",0827,40.306,0.971442,0.21875,0.78125,0.171875,0.828125
robustness-20260918-025634-2cf93d,jpeg_compress,95.0,"{""quality"": 95}",0828,31.1146,0.942765,0.25,0.75,0.09375,0.90625
robustness-20260918-025634-2cf93d,jpeg_compress,95.0,"{""quality"": 95}",0829,35.2507,0.956222,0.3125,0.6875,0.046875,0.953125
robustness-20260918-025634-2cf93d,jpeg_compress,95.0,"{""quality"": 95}",0830,38.0865,0.975014,0.328125,0.671875,0.09375,0.90625
robustness-20260918-025634-2cf93d,jpeg_compress,95.0,"{""quality"": 95}",0831,35.5191,0.972262,0.359375,0.640625,0.03125,0.96875
robustness-20260918-025634-2cf93d,jpeg_compress,95.0,"{""quality"": 95}",0832,35.1726,0.975093,0.21875,0.78125,0.03125,0.96875
robustness-20260918-025634-2cf93d,jpeg_compress,95.0,"{""quality"": 95}",0833,37.8973,0.985491,0.21875,0.78125,0.109375,0.890625
robustness-20260918-025634-2cf93d,jpeg_compress,95.0,"{""quality"": 95}",0834,37.2356,0.977535,0.25,0.75,0.109375,0.890625
robustness-20260918-025634-2cf93d,jpeg_compress,95.0,"{""quality"": 95}",0835,37.491,0.972076,0.25,0.75,0.09375,0.90625
robustness-20260918-025634-2cf93d,jpeg_compress,95.0,"{""quality"": 95}",0836,32.6984,0.965303,0.265625,0.734375,0.109375,0.890625
robustness-20260918-025634-2cf93d,jpeg_compress,95.0,"{""quality"": 95}",0837,34.0613,0.974977,0.15625,0.84375,0.125,0.875
robustness-20260918-025634-2cf93d,jpeg_compress,95.0,"{""quality"": 95}",0838,40.5312,0.977442,0.296875,0.703125,0.0625,0.9375
robustness-20260918-025634-2cf93d,jpeg_compress,95.0,"{""quality"": 95}",0839,39.8395,0.986624,0.25,0.75,0.046875,0.953125
robustness-20260918-025634-2cf93d,jpeg_compress,95.0,"{""quality"": 95}",0840,38.523,0.987261,0.25,0.75,0.078125,0.921875
robustness-20260918-025634-2cf93d,jpeg_compress,95.0,"{""quality"": 95}",0841,37.4487,0.969701,0.25,0.75,0.109375,0.890625
robustness-20260918-025634-2cf93d,jpeg_compress,95.0,"{""quality"": 95}",0842,40.6679,0.988364,0.359375,0.640625,0.0625,0.9375
robustness-20260918-025634-2cf93d,jpeg_compress,95.0,"{""quality"": 95}",0843,44.3906,0.996879,0.421875,0.578125,0.234375,0.765625
robustness-20260918-025634-2cf93d,jpeg_compress,95.0,"{""quality"": 95}",0844,38.488,0.967825,0.3125,0.6875,0.078125,0.921875
robustness-20260918-025634-2cf93d,jpeg_compress,95.0,"{""quality"": 95}",0845,40.4814,0.990115,0.28125,0.71875,0.015625,0.984375
robustness-20260918-025634-2cf93d,jpeg_compress,95.0,"{""quality"": 95}",0846,40.7687,0.992274,0.265625,0.734375,0.015625,0.984375
robustness-20260918-025634-2cf93d,jpeg_compress,95.0,"{""quality"": 95}",0847,34.5875,0.980844,0.34375,0.65625,0.046875,0.953125
robustness-20260918-025634-2cf93d,jpeg_compress,95.0,"{""quality"": 95}",0848,33.6305,0.96044,0.265625,0.734375,0.046875,0.953125
robustness-20260918-025634-2cf93d,jpeg_compress,95.0,"{""quality"": 95}",0849,32.2588,0.979132,0.34375,0.65625,0.078125,0.921875
robustness-20260918-025634-2cf93d,jpeg_compress,95.0,"{""quality"": 95}",0850,35.4032,0.974058,0.25,0.75,0.03125,0.96875
robustness-20260918-025634-2cf93d,jpeg_compress,95.0,"{""quality"": 95}",0851,33.1808,0.962397,0.15625,0.84375,0.046875,0.953125
robustness-20260918-025634-2cf93d,jpeg_compress,95.0,"{""quality"": 95}",0852,38.2557,0.942653,0.296875,0.703125,0.140625,0.859375
robustness-20260918-025634-2cf93d,jpeg_compress,95.0,"{""quality"": 95}",0853,33.3622,0.951818,0.28125,0.71875,0.015625,0.984375
robustness-20260918-025634-2cf93d,jpeg_compress,95.0,"{""quality"": 95}",0854,37.8,0.983512,0.265625,0.734375,0.140625,0.859375
robustness-20260918-025634-2cf93d,jpeg_compress,95.0,"{""quality"": 95}",0855,40.5884,0.983872,0.265625,0.734375,0.109375,0.890625
robustness-20260918-025634-2cf93d,jpeg_compress,95.0,"{""quality"": 95}",0856,30.5868,0.891789,0.28125,0.71875,0.265625,0.734375
robustness-20260918-025634-2cf93d,jpeg_compress,95.0,"{""quality"": 95}",0857,40.357,0.980788,0.265625,0.734375,0.046875,0.953125
robustness-20260918-025634-2cf93d,jpeg_compress,95.0,"{""quality"": 95}",0858,35.3754,0.946017,0.25,0.75,0.03125,0.96875
robustness-20260918-025634-2cf93d,jpeg_compress,95.0,"{""quality"": 95}",0859,37.9083,0.981273,0.296875,0.703125,0.09375,0.90625
robustness-20260918-025634-2cf93d,jpeg_compress,95.0,"{""quality"": 95}",0860,33.9714,0.977223,0.3125,0.6875,0.078125,0.921875
robustness-20260918-025634-2cf93d,jpeg_compress,95.0,"{""quality"": 95}",0861,37.2245,0.975668,0.3125,0.6875,0.140625,0.859375
robustness-20260918-025634-2cf93d,jpeg_compress,95.0,"{""quality"": 95}",0862,41.889,0.981001,0.28125,0.71875,0.15625,0.84375
robustness-20260918-025634-2cf93d,jpeg_compress,95.0,"{""quality"": 95}",0863,37.7982,0.98148,0.28125,0.71875,0.125,0.875
robustness-20260918-025634-2cf93d,jpeg_compress,95.0,"{""quality"": 95}",0864,40.5127,0.988991,0.234375,0.765625,0.078125,0.921875
robustness-20260918-025634-2cf93d,jpeg_compress,95.0,"{""quality"": 95}",0865,39.3159,0.985424,0.234375,0.765625,0.046875,0.953125
robustness-20260918-025634-2cf93d,jpeg_compress,95.0,"{""quality"": 95}",0866,36.2203,0.982996,0.15625,0.84375,0.09375,0.90625
robustness-20260918-025634-2cf93d,jpeg_compress,95.0,"{""quality"": 95}",0867,31.6605,0.959959,0.265625,0.734375,0.09375,0.90625
robustness-20260918-025634-2cf93d,jpeg_compress,95.0,"{""quality"": 95}",0868,40.8879,0.993168,0.421875,0.578125,0.140625,0.859375
robustness-20260918-025634-2cf93d,jpeg_compress,95.0,"{""quality"": 95}",0869,39.6303,0.98711,0.21875,0.78125,0.125,0.875
robustness-20260918-025634-2cf93d,jpeg_compress,95.0,"{""quality"": 95}",0870,32.4471,0.960706,0.21875,0.78125,0.09375,0.90625
robustness-20260918-025634-2cf93d,jpeg_compress,95.0,"{""quality"": 95}",0871,34.4191,0.972512,0.234375,0.765625,0.0625,0.9375
robustness-20260918-025634-2cf93d,jpeg_compress,95.0,"{""quality"": 95}",0872,34.0198,0.979126,0.265625,0.734375,0.0625,0.9375
robustness-20260918-025634-2cf93d,jpeg_compress,95.0,"{""quality"": 95}",0873,34.0807,0.968783,0.28125,0.71875,0.046875,0.953125
robustness-20260918-025634-2cf93d,jpeg_compress,95.0,"{""quality"": 95}",0874,40.268,0.983247,0.203125,0.796875,0.15625,0.84375
robustness-20260918-025634-2cf93d,jpeg_compress,95.0,"{""quality"": 95}",0875,32.658,0.968176,0.1875,0.8125,0.015625,0.984375
robustness-20260918-025634-2cf93d,jpeg_compress,95.0,"{""quality"": 95}",0876,36.3666,0.97067,0.328125,0.671875,0.09375,0.90625
robustness-20260918-025634-2cf93d,jpeg_compress,95.0,"{""quality"": 95}",0877,37.5767,0.945055,0.1875,0.8125,0.125,0.875
robustness-20260918-025634-2cf93d,jpeg_compress,95.0,"{""quality"": 95}",0878,38.4197,0.987566,0.28125,0.71875,0.125,0.875
robustness-20260918-025634-2cf93d,jpeg_compress,95.0,"{""quality"": 95}",0879,36.805,0.979512,0.28125,0.71875,0.078125,0.921875
robustness-20260918-025634-2cf93d,jpeg_compress,95.0,"{""quality"": 95}",0880,41.41,0.9891,0.21875,0.78125,0.0625,0.9375
robustness-20260918-025634-2cf93d,jpeg_compress,95.0,"{""quality"": 95}",0881,39.6188,0.978349,0.1875,0.8125,0.0,1.0
robustness-20260918-025634-2cf93d,jpeg_compress,95.0,"{""quality"": 95}",0882,36.1432,0.982249,0.265625,0.734375,0.03125,0.96875
robustness-20260918-025634-2cf93d,jpeg_compress,95.0,"{""quality"": 95}",0883,36.7867,0.983899,0.171875,0.828125,0.0625,0.9375
robustness-20260918-025634-2cf93d,jpeg_compress,95.0,"{""quality"": 95}",0884,35.3635,0.979998,0.21875,0.78125,0.0625,0.9375
robustness-20260918-025634-2cf93d,jpeg_compress,95.0,"{""quality"": 95}",0885,32.5177,0.942779,0.234375,0.765625,0.125,0.875
robustness-20260918-025634-2cf93d,jpeg_compress,95.0,"{""quality"": 95}",0886,35.3511,0.970748,0.3125,0.6875,0.03125,0.96875
robustness-20260918-025634-2cf93d,jpeg_compress,95.0,"{""quality"": 95}",0887,35.8354,0.948539,0.203125,0.796875,0.09375,0.90625
robustness-20260918-025634-2cf93d,jpeg_compress,95.0,"{""quality"": 95}",0888,34.1593,0.981323,0.171875,0.828125,0.015625,0.984375
robustness-20260918-025634-2cf93d,jpeg_compress,95.0,"{""quality"": 95}",0889,31.6616,0.97302,0.15625,0.84375,0.046875,0.953125
robustness-20260918-025634-2cf93d,jpeg_compress,95.0,"{""quality"": 95}",0890,37.1425,0.971863,0.234375,0.765625,0.109375,0.890625
robustness-20260918-025634-2cf93d,jpeg_compress,95.0,"{""quality"": 95}",0891,31.3675,0.956275,0.234375,0.765625,0.03125,0.96875
robustness-20260918-025634-2cf93d,jpeg_compress,95.0,"{""quality"": 95}",0892,33.921,0.982002,0.234375,0.765625,0.0625,0.9375
robustness-20260918-025634-2cf93d,jpeg_compress,95.0,"{""quality"": 95}",0893,36.2932,0.963691,0.203125,0.796875,0.046875,0.953125
robustness-20260918-025634-2cf93d,jpeg_compress,95.0,"{""quality"": 95}",0894,36.7604,0.973913,0.203125,0.796875,0.140625,0.859375
robustness-20260918-025634-2cf93d,jpeg_compress,95.0,"{""quality"": 95}",0895,34.8575,0.971902,0.28125,0.71875,0.125,0.875
robustness-20260918-025634-2cf93d,jpeg_compress,95.0,"{""quality"": 95}",0896,42.4556,0.983369,0.28125,0.71875,0.078125,0.921875
robustness-20260918-025634-2cf93d,jpeg_compress,95.0,"{""quality"": 95}",0897,29.0598,0.966548,0.1875,0.8125,0.0625,0.9375
robustness-20260918-025634-2cf93d,jpeg_compress,95.0,"{""quality"": 95}",0898,34.762,0.968907,0.34375,0.65625,0.046875,0.953125
robustness-20260918-025634-2cf93d,jpeg_compress,95.0,"{""quality"": 95}",0899,33.1984,0.948457,0.3125,0.6875,0.15625,0.84375
robustness-20260918-025634-2cf93d,jpeg_compress,95.0,"{""quality"": 95}",0900,32.4925,0.920365,0.265625,0.734375,0.046875,0.953125
robustness-20260918-025634-2cf93d,jpeg_compress,90.0,"{""quality"": 90}",0801,35.3478,0.977899,0.21875,0.78125,0.078125,0.921875
robustness-20260918-025634-2cf93d,jpeg_compress,90.0,"{""quality"": 90}",0802,32.439,0.920389,0.34375,0.65625,0.265625,0.734375
robustness-20260918-025634-2cf93d,jpeg_compress,90.0,"{""quality"": 90}",0803,32.5416,0.941061,0.28125,0.71875,0.0625,0.9375
robustness-20260918-025634-2cf93d,jpeg_compress,90.0,"{""quality"": 90}",0804,30.1753,0.94872,0.28125,0.71875,0.03125,0.96875
robustness-20260918-025634-2cf93d,jpeg_compress,90.0,"{""quality"": 90}",0805,36.0856,0.971974,0.265625,0.734375,0.109375,0.890625
robustness-20260918-025634-2cf93d,jpeg_compress,90.0,"{""quality"": 90}",0806,35.1576,0.957557,0.234375,0.765625,0.015625,0.984375
robustness-20260918-025634-2cf93d,jpeg_compress,90.0,"{""quality"": 90}",0807,30.6873,0.916875,0.328125,0.671875,0.0625,0.9375
robustness-20260918-025634-2cf93d,jpeg_compress,90.0,"{""quality"": 90}",0808,34.8097,0.958146,0.28125,0.71875,0.109375,0.890625
robustness-20260918-025634-2cf93d,jpeg_compress,90.0,"{""quality"": 90}",0809,34.7947,0.960137,0.28125,0.71875,0.078125,0.921875
robustness-20260918-025634-2cf93d,jpeg_compress,90.0,"{""quality"": 90}",0810,37.1262,0.972482,0.28125,0.71875,0.078125,0.921875
robustness-20260918-025634-2cf93d,jpeg_compress,90.0,"{""quality"": 90}",0811,34.1607,0.933692,0.328125,0.671875,0.171875,0.828125
robustness-20260918-025634-2cf93d,jpeg_compress,90.0,"{""quality"": 90}",0812,36.7441,0.97589,0.3125,0.6875,0.140625,0.859375
robustness-20260918-025634-2cf93d,jpeg_compress,90.0,"{""quality"": 90}",0813,33.0369,0.960503,0.296875,0.703125,0.015625,0.984375
robustness-20260918-025634-2cf93d,jpeg_compress,90.0,"{""quality"": 90}",0814,36.542,0.977746,0.359375,0.640625,0.203125,0.796875
robustness-20260918-025634-2cf93d,jpeg_compress,90.0,"{""quality"": 90}",0815,32.6309,0.953561,0.25,0.75,0.046875,0.953125
robustness-20260918-025634-2cf93d,jpeg_compress,90.0,"{""quality"": 90}",0816,37.9926,0.975254,0.359375,0.640625,0.078125,0.921875
robustness-20260918-025634-2cf93d,jpeg_compress,90.0,"{""quality"": 90}",0817,29.1714,0.90357,0.234375,0.765625,0.09375,0.90625
robustness-20260918-025634-2cf93d,jpeg_compress,90.0,"{""quality"": 90}",0818,33.142,0.963479,0.25,0.75,0.109375,0.890625
robustness-20260918-025634-2cf93d,jpeg_compress,90.0,"{""quality"": 90}",0819,33.0866,0.951972,0.25,0.75,0.078125,0.921875
robustness-20260918-025634-2cf93d,jpeg_compress,90.0,"{""quality"": 90}",0820,34.744,0.977728,0.203125,0.796875,0.078125,0.921875
robustness-20260918-025634-2cf93d,jpeg_compress,90.0,"{""quality"": 90}",0821,30.0174,0.957383,0.3125,0.6875,0.0625,0.9375
robustness-20260918-025634-2cf93d,jpeg_compress,90.0,"{""quality"": 90}",0822,32.1966,0.953117,0.296875,0.703125,0.15625,0.84375
robustness-20260918-025634-2cf93d,jpeg_compress,90.0,"{""quality"": 90}",0823,34.012,0.965723,0.28125,0.71875,0.125,0.875
robustness-20260918-025634-2cf93d,jpeg_compress,90.0,"{""quality"": 90}",0824,35.6371,0.975823,0.234375,0.765625,0.078125,0.921875
robustness-20260918-025634-2cf93d,jpeg_compress,90.0,"{""quality"": 90}",0825,32.4251,0.968524,0.140625,0.859375,0.125,0.875
robustness-20260918-025634-2cf93d,jpeg_compress,90.0,"{""quality"": 90}",0826,31.8953,0.950453,0.3125,0.6875,0.078125,0.921875
robustness-20260918-025634-2cf93d,jpeg_compress,90.0,"{""quality"": 90}",0827,38.419,0.958469,0.234375,0.765625,0.203125,0.796875
robustness-20260918-025634-2cf93d,jpeg_compress,90.0,"{""quality"": 90}",0828,30.1908,0.929408,0.234375,0.765625,0.078125,0.921875
robustness-20260918-025634-2cf93d,jpeg_compress,90.0,"{""quality"": 90}",0829,33.7198,0.937729,0.375,0.625,0.109375,0.890625
robustness-20260918-025634-2cf93d,jpeg_compress,90.0,"{""quality"": 90}",0830,36.2931,0.963404,0.359375,0.640625,0.140625,0.859375
robustness-20260918-025634-2cf93d,jpeg_compress,90.0,"{""quality"": 90}",0831,33.5562,0.959276,0.359375,0.640625,0.03125,0.96875
robustness-20260918-025634-2cf93d,jpeg_compress,90.0,"{""quality"": 90}",0832,33.3495,0.962935,0.203125,0.796875,0.03125,0.96875
robustness-20260918-025634-2cf93d,jpeg_compress,90.0,"{""quality"": 90}",0833,36.456,0.979674,0.28125,0.71875,0.1875,0.8125
robustness-20260918-025634-2cf93d,jpeg_compress,90.0,"{""quality"": 90}",0834,35.0595,0.965604,0.25,0.75,0.15625,0.84375
robustness-20260918-025634-2cf93d,jpeg_compress,90.0,"{""quality"": 90}",0835,34.9511,0.957335,0.234375,0.765625,0.078125,0.921875
robustness-20260918-025634-2cf93d,jpeg_compress,90.0,"{""quality"": 90}",0836,31.5262,0.952656,0.296875,0.703125,0.109375,0.890625
robustness-20260918-025634-2cf93d,jpeg_compress,90.0,"{""quality"": 90}",0837,32.1193,0.962379,0.21875,0.78125,0.125,0.875
robustness-20260918-025634-2cf93d,jpeg_compress,90.0,"{""quality"": 90}",0838,38.8076,0.970466,0.3125,0.6875,0.046875,0.953125
robustness-20260918-025634-2cf93d,jpeg_compress,90.0,"{""quality"": 90}",0839,37.3509,0.976708,0.3125,0.6875,0.078125,0.921875
robustness-20260918-025634-2cf93d,jpeg_compress,90.0,"{""quality"": 90}",0840,35.7471,0.977368,0.265625,0.734375,0.03125,0.96875
robustness-20260918-025634-2cf93d,jpeg_compress,90.0,"{""quality"": 90}",0841,35.3835,0.956991,0.265625,0.734375,0.09375,0.90625
robustness-20260918-025634-2cf93d,jpeg_compress,90.0,"{""quality"": 90}",0842,37.9996,0.979804,0.34375,0.65625,0.0625,0.9375
robustness-20260918-025634-2cf93d,jpeg_compress,90.0,"{""quality"": 90}",0843,42.3295,0.995148,0.40625,0.59375,0.265625,0.734375
robustness-20260918-025634-2cf93d,jpeg_compress,90.0,"{""quality"": 90}",0844,36.9376,0.956844,0.296875,0.703125,0.125,0.875
robustness-20260918-025634-2cf93d,jpeg_compress,90.0,"{""quality"": 90}",0845,37.6451,0.983619,0.34375,0.65625,0.046875,0.953125
robustness-20260918-025634-2cf93d,jpeg_compress,90.0,"{""quality"": 90}",0846,37.877,0.986501,0.328125,0.671875,0.046875,0.953125
robustness-20260918-025634-2cf93d,jpeg_compress,90.0,"{""quality"": 90}",0847,32.9657,0.971086,0.359375,0.640625,0.03125,0.96875
robustness-20260918-025634-2cf93d,jpeg_compress,90.0,"{""quality"": 90}",0848,32.05,0.942876,0.28125,0.71875,0.046875,0.953125
robustness-20260918-025634-2cf93d,jpeg_compress,90.0,"{""quality"": 90}",0849,30.3692,0.968029,0.328125,0.671875,0.0625,0.9375
robustness-20260918-025634-2cf93d,jpeg_compress,90.0,"{""quality"": 90}",0850,33.7645,0.960743,0.234375,0.765625,0.046875,0.953125
robustness-20260918-025634-2cf93d,jpeg_compress,90.0,"{""quality"": 90}",0851,32.1245,0.948742,0.234375,0.765625,0.09375,0.90625
robustness-20260918-025634-2cf93d,jpeg_compress,90.0,"{""quality"": 90}",0852,36.5331,0.921004,0.328125,0.671875,0.28125,0.71875
robustness-20260918-025634-2cf93d,jpeg_compress,90.0,"{""quality"": 90}",0853,32.449,0.940059,0.28125,0.71875,0.140625,0.859375
robustness-20260918-025634-2cf93d,jpeg_compress,90.0,"{""quality"": 90}",0854,35.492,0.973819,0.234375,0.765625,0.15625,0.84375
robustness-20260918-025634-2cf93d,jpeg_compress,90.0,"{""quality"": 90}",0855,37.9125,0.974555,0.28125,0.71875,0.078125,0.921875
robustness-20260918-025634-2cf93d,jpeg_compress,90.0,"{""quality"": 90}",0856,29.534,0.861766,0.296875,0.703125,0.3125,0.6875
robustness-20260918-025634-2cf93d,jpeg_compress,90.0,"{""quality"": 90}",0857,38.6297,0.972959,0.28125,0.71875,0.09375,0.90625
robustness-20260918-025634-2cf93d,jpeg_compress,90.0,"{""quality"": 90}",0858,33.4394,0.924192,0.296875,0.703125,0.0625,0.9375
robustness-20260918-025634-2cf93d,jpeg_compress,90.0,"{""quality"": 90}",0859,35.1725,0.967348,0.3125,0.6875,0.09375,0.90625
robustness-20260918-025634-2cf93d,jpeg_compress,90.0,"{""quality"": 90}",0860,31.7254,0.961684,0.34375,0.65625,0.0625,0.9375
robustness-20260918-025634-2cf93d,jpeg_compress,90.0,"{""quality"": 90}",0861,34.9756,0.960701,0.296875,0.703125,0.125,0.875
robustness-20260918-025634-2cf93d,jpeg_compress,90.0,"{""quality"": 90}",0862,39.7895,0.972445,0.296875,0.703125,0.203125,0.796875
robustness-20260918-025634-2cf93d,jpeg_compress,90.0,"{""quality"": 90}",0863,35.6932,0.971795,0.265625,0.734375,0.109375,0.890625
robustness-20260918-025634-2cf93d,jpeg_compress,90.0,"{""quality"": 90}",0864,37.854,0.980287,0.25,0.75,0.140625,0.859375
robustness-20260918-025634-2cf93d,jpeg_compress,90.0,"{""quality"": 90}",0865,36.8192,0.975513,0.234375,0.765625,0.0625,0.9375
robustness-20260918-025634-2cf93d,jpeg_compress,90.0,"{""quality"": 90}",0866,34.0709,0.972643,0.234375,0.765625,0.15625,0.84375
robustness-20260918-025634-2cf93d,jpeg_compress,90.0,"{""quality"": 90}",0867,30.6523,0.948849,0.296875,0.703125,0.078125,0.921875
robustness-20260918-025634-2cf93d,jpeg_compress,90.0,"{""quality"": 90}",0868,39.1194,0.989187,0.40625,0.59375,0.125,0.875
robustness-20260918-025634-2cf93d,jpeg_compress,90.0,"{""quality"": 90}",0869,36.9515,0.98021,0.25,0.75,0.125,0.875
robustness-20260918-025634-2cf93d,jpeg_compress,90.0,"{""quality"": 90}",0870,30.6921,0.943417,0.15625,0.84375,0.046875,0.953125
robustness-20260918-025634-2cf93d,jpeg_compress,90.0,"{""quality"": 90}",0871,32.5964,0.95826,0.21875,0.78125,0.078125,0.921875
robustness-20260918-025634-2cf93d,jpeg_compress,90.0,"{""quality"": 90}",0872,31.99,0.966123,0.234375,0.765625,0.09375,0.90625
robustness-20260918-025634-2cf93d,jpeg_compress,90.0,"{""quality"": 90}",0873,32.1593,0.952857,0.3125,0.6875,0.03125,0.96875
robustness-20260918-025634-2cf93d,jpeg_compress,90.0,"{""quality"": 90}",0874,37.7935,0.971039,0.1875,0.8125,0.203125,0.796875
robustness-20260918-025634-2cf93d,jpeg_compress,90.0,"{""quality"": 90}",0875,30.7882,0.952464,0.234375,0.765625,0.015625,0.984375
robustness-20260918-025634-2cf93d,jpeg_compress,90.0,"{""quality"": 90}",0876,34.1955,0.954563,0.3125,0.6875,0.109375,0.890625
robustness-20260918-025634-2cf93d,jpeg_compress,90.0,"{""quality"": 90}",0877,35.7407,0.924965,0.171875,0.828125,0.140625,0.859375
robustness-20260918-025634-2cf93d,jpeg_compress,90.0,"{""quality"": 90}",0878,35.7664,0.978462,0.203125,0.796875,0.125,0.875
robustness-20260918-025634-2cf93d,jpeg_compress,90.0,"{""quality"": 90}",0879,35.0813,0.97166,0.328125,0.671875,0.125,0.875
robustness-20260918-025634-2cf93d,jpeg_compress,90.0,"{""quality"": 90}",0880,38.5156,0.982167,0.234375,0.765625,0.125,0.875
robustness-20260918-025634-2cf93d,jpeg_compress,90.0,"{""quality"": 90}",0881,37.4036,0.968181,0.203125,0.796875,0.078125,0.921875
robustness-20260918-025634-2cf93d,jpeg_compress,90.0,"{""quality"": 90}",0882,34.1143,0.972063,0.265625,0.734375,0.03125,0.96875
robustness-20260918-025634-2cf93d,jpeg_compress,90.0,"{""quality"": 90}",0883,34.3881,0.973447,0.234375,0.765625,0.0625,0.9375
robustness-20260918-025634-2cf93d,jpeg_compress,90.0,"{""quality"": 90}",0884,33.3147,0.967977,0.296875,0.703125,0.09375,0.90625
robustness-20260918-025634-2cf93d,jpeg_compress,90.0,"{""quality"": 90}",0885,31.5608,0.928538,0.265625,0.734375,0.1875,0.8125
robustness-20260918-025634-2cf93d,jpeg_compress,90.0,"{""quality"": 90}",0886,34.3229,0.962532,0.328125,0.671875,0.0625,0.9375
robustness-20260918-025634-2cf93d,jpeg_compress,90.0,"{""quality"": 90}",0887,33.9902,0.933428,0.25,0.75,0.171875,0.828125
robustness-20260918-025634-2cf93d,jpeg_compress,90.0,"{""quality"": 90}",0888,32.3585,0.970641,0.21875,0.78125,0.03125,0.96875
robustness-20260918-025634-2cf93d,jpeg_compress,90.0,"{""quality"": 90}",0889,30.226,0.961059,0.171875,0.828125,0.046875,0.953125
robustness-20260918-025634-2cf93d,jpeg_compress,90.0,"{""quality"": 90}",0890,35.2931,0.959302,0.1875,0.8125,0.109375,0.890625
robustness-20260918-025634-2cf93d,jpeg_compress,90.0,"{""quality"": 90}",0891,30.2901,0.945272,0.265625,0.734375,0.0625,0.9375
robustness-20260918-025634-2cf93d,jpeg_compress,90.0,"{""quality"": 90}",0892,32.1734,0.972961,0.25,0.75,0.03125,0.96875
robustness-20260918-025634-2cf93d,jpeg_compress,90.0,"{""quality"": 90}",0893,34.5124,0.948539,0.25,0.75,0.109375,0.890625
robustness-20260918-025634-2cf93d,jpeg_compress,90.0,"{""quality"": 90}",0894,35.2024,0.959723,0.21875,0.78125,0.09375,0.90625
robustness-20260918-025634-2cf93d,jpeg_compress,90.0,"{""quality"": 90}",0895,32.7539,0.955551,0.28125,0.71875,0.140625,0.859375
robustness-20260918-025634-2cf93d,jpeg_compress,90.0,"{""quality"": 90}",0896,40.0639,0.977873,0.3125,0.6875,0.09375,0.90625
robustness-20260918-025634-2cf93d,jpeg_compress,90.0,"{""quality"": 90}",0897,28.2636,0.961628,0.171875,0.828125,0.0625,0.9375
robustness-20260918-025634-2cf93d,jpeg_compress,90.0,"{""quality"": 90}",0898,33.6253,0.959323,0.328125,0.671875,0.125,0.875
robustness-20260918-025634-2cf93d,jpeg_compress,90.0,"{""quality"": 90}",0899,31.6249,0.930148,0.3125,0.6875,0.140625,0.859375
robustness-20260918-025634-2cf93d,jpeg_compress,90.0,"{""quality"": 90}",0900,31.429,0.902355,0.296875,0.703125,0.140625,0.859375
robustness-20260918-025634-2cf93d,jpeg_compress,75.0,"{""quality"": 75}",0801,31.5053,0.948972,0.328125,0.671875,0.1875,0.8125
robustness-20260918-025634-2cf93d,jpeg_compress,75.0,"{""quality"": 75}",0802,29.6029,0.874921,0.375,0.625,0.34375,0.65625
robustness-20260918-025634-2cf93d,jpeg_compress,75.0,"{""quality"": 75}",0803,30.0883,0.907916,0.28125,0.71875,0.125,0.875
robustness-20260918-025634-2cf93d,jpeg_compress,75.0,"{""quality"": 75}",0804,27.9474,0.914564,0.28125,0.71875,0.09375,0.90625
robustness-20260918-025634-2cf93d,jpeg_compress,75.0,"{""quality"": 75}",0805,32.6342,0.943774,0.296875,0.703125,0.21875,0.78125
robustness-20260918-025634-2cf93d,jpeg_compress,75.0,"{""quality"": 75}",0806,32.5193,0.931805,0.296875,0.703125,0.125,0.875
robustness-20260918-025634-2cf93d,jpeg_compress,75.0,"{""quality"": 75}",0807,28.2876,0.871772,0.375,0.625,0.109375,0.890625
robustness-20260918-025634-2cf93d,jpeg_compress,75.0,"{""quality"": 75}",0808,31.986,0.93266,0.296875,0.703125,0.125,0.875
robustness-20260918-025634-2cf93d,jpeg_compress,75.0,"{""quality"": 75}",0809,31.9096,0.922416,0.359375,0.640625,0.15625,0.84375
robustness-20260918-025634-2cf93d,jpeg_compress,75.0,"{""quality"": 75}",0810,33.4144,0.942854,0.34375,0.65625,0.171875,0.828125
robustness-20260918-025634-2cf93d,jpeg_compress,75.0,"{""quality"": 75}",0811,31.5302,0.896704,0.28125,0.71875,0.1875,0.8125
robustness-20260918-025634-2cf93d,jpeg_compress,75.0,"{""quality"": 75}",0812,33.2516,0.955425,0.421875,0.578125,0.25,0.75
robustness-20260918-025634-2cf93d,jpeg_compress,75.0,"{""quality"": 75}",0813,30.5185,0.933749,0.390625,0.609375,0.171875,0.828125
robustness-20260918-025634-2cf93d,jpeg_compress,75.0,"{""quality"": 75}",0814,33.8424,0.963051,0.484375,0.515625,0.234375,0.765625
robustness-20260918-025634-2cf93d,jpeg_compress,75.0,"{""quality"": 75}",0815,30.2706,0.925871,0.328125,0.671875,0.1875,0.8125
robustness-20260918-025634-2cf93d,jpeg_compress,75.0,"{""quality"": 75}",0816,34.6424,0.952004,0.40625,0.59375,0.1875,0.8125
robustness-20260918-025634-2cf93d,jpeg_compress,75.0,"{""quality"": 75}",0817,27.2443,0.860067,0.21875,0.78125,0.09375,0.90625
robustness-20260918-025634-2cf93d,jpeg_compress,75.0,"{""quality"": 75}",0818,30.3948,0.941307,0.34375,0.65625,0.171875,0.828125
robustness-20260918-025634-2cf93d,jpeg_compress,75.0,"{""quality"": 75}",0819,30.3047,0.914663,0.265625,0.734375,0.15625,0.84375
robustness-20260918-025634-2cf93d,jpeg_compress,75.0,"{""quality"": 75}",0820,30.6957,0.949055,0.296875,0.703125,0.171875,0.828125
robustness-20260918-025634-2cf93d,jpeg_compress,75.0,"{""quality"": 75}",0821,26.8482,0.931891,0.25,0.75,0.046875,0.953125
robustness-20260918-025634-2cf93d,jpeg_compress,75.0,"{""quality"": 75}",0822,29.4125,0.918178,0.328125,0.671875,0.1875,0.8125
robustness-20260918-025634-2cf93d,jpeg_compress,75.0,"{""quality"": 75}",0823,31.0479,0.941846,0.359375,0.640625,0.25,0.75
robustness-20260918-025634-2cf93d,jpeg_compress,75.0,"{""quality"": 75}",0824,32.524,0.95668,0.296875,0.703125,0.171875,0.828125
robustness-20260918-025634-2cf93d,jpeg_compress,75.0,"{""quality"": 75}",0825,29.5193,0.942195,0.21875,0.78125,0.21875,0.78125
robustness-20260918-025634-2cf93d,jpeg_compress,75.0,"{""quality"": 75}",0826,29.47,0.917875,0.359375,0.640625,0.15625,0.84375
robustness-20260918-025634-2cf93d,jpeg_compress,75.0,"{""quality"": 75}",0827,35.7974,0.932178,0.3125,0.6875,0.234375,0.765625
robustness-20260918-025634-2cf93d,jpeg_compress,75.0,"{""quality"": 75}",0828,27.8464,0.894925,0.328125,0.671875,0.1875,0.8125
robustness-20260918-025634-2cf93d,jpeg_compress,75.0,"{""quality"": 75}",0829,31.0608,0.89841,0.40625,0.59375,0.21875,0.78125
robustness-20260918-025634-2cf93d,jpeg_compress,75.0,"{""quality"": 75}",0830,33.2497,0.935619,0.453125,0.546875,0.3125,0.6875
robustness-20260918-025634-2cf93d,jpeg_compress,75.0,"{""quality"": 75}",0831,30.5668,0.929669,0.359375,0.640625,0.03125,0.96875
robustness-20260918-025634-2cf93d,jpeg_compress,75.0,"{""quality"": 75}",0832,30.3375,0.935297,0.34375,0.65625,0.140625,0.859375
robustness-20260918-025634-2cf93d,jpeg_compress,75.0,"{""quality"": 75}",0833,33.7225,0.966194,0.28125,0.71875,0.1875,0.8125
robustness-20260918-025634-2cf93d,jpeg_compress,75.0,"{""quality"": 75}",0834,32.1017,0.940402,0.296875,0.703125,0.171875,0.828125
robustness-20260918-025634-2cf93d,jpeg_compress,75.0,"{""quality"": 75}",0835,31.4811,0.924608,0.375,0.625,0.15625,0.84375
robustness-20260918-025634-2cf93d,jpeg_compress,75.0,"{""quality"": 75}",0836,29.1647,0.922607,0.3125,0.6875,0.140625,0.859375
robustness-20260918-025634-2cf93d,jpeg_compress,75.0,"{""quality"": 75}",0837,29.2389,0.933943,0.21875,0.78125,0.125,0.875
robustness-20260918-025634-2cf93d,jpeg_compress,75.0,"{""quality"": 75}",0838,36.33,0.95648,0.359375,0.640625,0.15625,0.84375
robustness-20260918-025634-2cf93d,jpeg_compress,75.0,"{""quality"": 75}",0839,34.0801,0.95502,0.34375,0.65625,0.203125,0.796875
robustness-20260918-025634-2cf93d,jpeg_compress,75.0,"{""quality"": 75}",0840,32.0368,0.951821,0.296875,0.703125,0.109375,0.890625
robustness-20260918-025634-2cf93d,jpeg_compress,75.0,"{""quality"": 75}",0841,32.3274,0.929771,0.3125,0.6875,0.265625,0.734375
robustness-20260918-025634-2cf93d,jpeg_compress,75.0,"{""quality"": 75}",0842,34.2767,0.958136,0.359375,0.640625,0.078125,0.921875
robustness-20260918-025634-2cf93d,jpeg_compress,75.0,"{""quality"": 75}",0843,39.1904,0.991056,0.484375,0.515625,0.296875,0.703125
robustness-20260918-025634-2cf93d,jpeg_compress,75.0,"{""quality"": 75}",0844,34.3763,0.936602,0.296875,0.703125,0.21875,0.78125
robustness-20260918-025634-2cf93d,jpeg_compress,75.0,"{""quality"": 75}",0845,33.2446,0.965485,0.34375,0.65625,0.140625,0.859375
robustness-20260918-025634-2cf93d,jpeg_compress,75.0,"{""quality"": 75}",0846,33.4573,0.968509,0.390625,0.609375,0.09375,0.90625
robustness-20260918-025634-2cf93d,jpeg_compress,75.0,"{""quality"": 75}",0847,30.0702,0.947309,0.359375,0.640625,0.109375,0.890625
robustness-20260918-025634-2cf93d,jpeg_compress,75.0,"{""quality"": 75}",0848,29.2344,0.90826,0.25,0.75,0.078125,0.921875
robustness-20260918-025634-2cf93d,jpeg_compress,75.0,"{""quality"": 75}",0849,27.2737,0.941497,0.375,0.625,0.109375,0.890625
robustness-20260918-025634-2cf93d,jpeg_compress,75.0,"{""quality"": 75}",0850,31.0676,0.930004,0.359375,0.640625,0.09375,0.90625
robustness-20260918-025634-2cf93d,jpeg_compress,75.0,"{""quality"": 75}",0851,29.6936,0.919079,0.234375,0.765625,0.171875,0.828125
robustness-20260918-025634-2cf93d,jpeg_compress,75.0,"{""quality"": 75}",0852,34.4234,0.884695,0.40625,0.59375,0.328125,0.671875
robustness-20260918-025634-2cf93d,jpeg_compress,75.0,"{""quality"": 75}",0853,30.3541,0.91021,0.265625,0.734375,0.1875,0.8125
robustness-20260918-025634-2cf93d,jpeg_compress,75.0,"{""quality"": 75}",0854,32.1721,0.949874,0.328125,0.671875,0.203125,0.796875
robustness-20260918-025634-2cf93d,jpeg_compress,75.0,"{""quality"": 75}",0855,34.235,0.952193,0.28125,0.71875,0.203125,0.796875
robustness-20260918-025634-2cf93d,jpeg_compress,75.0,"{""quality"": 75}",0856,27.6427,0.797618,0.390625,0.609375,0.390625,0.609375
robustness-20260918-025634-2cf93d,jpeg_compress,75.0,"{""quality"": 75}",0857,36.2165,0.956222,0.296875,0.703125,0.203125,0.796875
robustness-20260918-025634-2cf93d,jpeg_compress,75.0,"{""quality"": 75}",0858,30.9163,0.884158,0.421875,0.578125,0.265625,0.734375
robustness-20260918-025634-2cf93d,jpeg_compress,75.0,"{""quality"": 75}",0859,31.4528,0.932943,0.265625,0.734375,0.15625,0.84375
robustness-20260918-025634-2cf93d,jpeg_compress,75.0,"{""quality"": 75}",0860,28.3359,0.921779,0.34375,0.65625,0.109375,0.890625
robustness-20260918-025634-2cf93d,jpeg_compress,75.0,"{""quality"": 75}",0861,31.6443,0.926443,0.40625,0.59375,0.21875,0.78125
robustness-20260918-025634-2cf93d,jpeg_compress,75.0,"{""quality"": 75}",0862,37.0997,0.953865,0.453125,0.546875,0.328125,0.671875
robustness-20260918-025634-2cf93d,jpeg_compress,75.0,"{""quality"": 75}",0863,32.9509,0.952303,0.296875,0.703125,0.234375,0.765625
robustness-20260918-025634-2cf93d,jpeg_compress,75.0,"{""quality"": 75}",0864,34.3236,0.957803,0.375,0.625,0.171875,0.828125
robustness-20260918-025634-2cf93d,jpeg_compress,75.0,"{""quality"": 75}",0865,33.542,0.953122,0.28125,0.71875,0.1875,0.8125
robustness-20260918-025634-2cf93d,jpeg_compress,75.0,"{""quality"": 75}",0866,30.9391,0.946886,0.28125,0.71875,0.203125,0.796875
robustness-20260918-025634-2cf93d,jpeg_compress,75.0,"{""quality"": 75}",0867,28.4683,0.918691,0.3125,0.6875,0.125,0.875
robustness-20260918-025634-2cf93d,jpeg_compress,75.0,"{""quality"": 75}",0868,35.7538,0.979923,0.40625,0.59375,0.203125,0.796875
robustness-20260918-025634-2cf93d,jpeg_compress,75.0,"{""quality"": 75}",0869,33.2658,0.961007,0.390625,0.609375,0.203125,0.796875
robustness-20260918-025634-2cf93d,jpeg_compress,75.0,"{""quality"": 75}",0870,27.7838,0.898196,0.296875,0.703125,0.140625,0.859375
robustness-20260918-025634-2cf93d,jpeg_compress,75.0,"{""quality"": 75}",0871,29.894,0.928555,0.265625,0.734375,0.15625,0.84375
robustness-20260918-025634-2cf93d,jpeg_compress,75.0,"{""quality"": 75}",0872,28.9677,0.936961,0.25,0.75,0.140625,0.859375
robustness-20260918-025634-2cf93d,jpeg_compress,75.0,"{""quality"": 75}",0873,29.5532,0.919539,0.40625,0.59375,0.21875,0.78125
robustness-20260918-025634-2cf93d,jpeg_compress,75.0,"{""quality"": 75}",0874,34.4709,0.942341,0.234375,0.765625,0.1875,0.8125
robustness-20260918-025634-2cf93d,jpeg_compress,75.0,"{""quality"": 75}",0875,28.0522,0.919161,0.265625,0.734375,0.1875,0.8125
robustness-20260918-025634-2cf93d,jpeg_compress,75.0,"{""quality"": 75}",0876,31.2701,0.918501,0.328125,0.671875,0.078125,0.921875
robustness-20260918-025634-2cf93d,jpeg_compress,75.0,"{""quality"": 75}",0877,33.2943,0.892106,0.296875,0.703125,0.203125,0.796875
robustness-20260918-025634-2cf93d,jpeg_compress,75.0,"{""quality"": 75}",0878,32.0608,0.954268,0.296875,0.703125,0.171875,0.828125
robustness-20260918-025634-2cf93d,jpeg_compress,75.0,"{""quality"": 75}",0879,31.9273,0.95337,0.359375,0.640625,0.28125,0.71875
robustness-20260918-025634-2cf93d,jpeg_compress,75.0,"{""quality"": 75}",0880,34.6922,0.963672,0.375,0.625,0.25,0.75
robustness-20260918-025634-2cf93d,jpeg_compress,75.0,"{""quality"": 75}",0881,34.0308,0.942828,0.359375,0.640625,0.234375,0.765625
robustness-20260918-025634-2cf93d,jpeg_compress,75.0,"{""quality"": 75}",0882,30.866,0.947946,0.3125,0.6875,0.078125,0.921875
robustness-20260918-025634-2cf93d,jpeg_compress,75.0,"{""quality"": 75}",0883,31.0392,0.948022,0.328125,0.671875,0.171875,0.828125
robustness-20260918-025634-2cf93d,jpeg_compress,75.0,"{""quality"": 75}",0884,30.4063,0.941055,0.296875,0.703125,0.203125,0.796875
robustness-20260918-025634-2cf93d,jpeg_compress,75.0,"{""quality"": 75}",0885,29.7105,0.895301,0.3125,0.6875,0.21875,0.78125
robustness-20260918-025634-2cf93d,jpeg_compress,75.0,"{""quality"": 75}",0886,31.9035,0.940901,0.3125,0.6875,0.078125,0.921875
robustness-20260918-025634-2cf93d,jpeg_compress,75.0,"{""quality"": 75}",0887,31.3609,0.905637,0.328125,0.671875,0.234375,0.765625
robustness-20260918-025634-2cf93d,jpeg_compress,75.0,"{""quality"": 75}",0888,29.4604,0.945607,0.171875,0.828125,0.109375,0.890625
robustness-20260918-025634-2cf93d,jpeg_compress,75.0,"{""quality"": 75}",0889,27.3713,0.929008,0.21875,0.78125,0.109375,0.890625
robustness-20260918-025634-2cf93d,jpeg_compress,75.0,"{""quality"": 75}",0890,32.6317,0.930845,0.3125,0.6875,0.1875,0.8125
robustness-20260918-025634-2cf93d,jpeg_compress,75.0,"{""quality"": 75}",0891,27.9947,0.918158,0.203125,0.796875,0.140625,0.859375
robustness-20260918-025634-2cf93d,jpeg_compress,75.0,"{""quality"": 75}",0892,29.1643,0.947983,0.3125,0.6875,0.09375,0.90625
robustness-20260918-025634-2cf93d,jpeg_compress,75.0,"{""quality"": 75}",0893,31.8539,0.920333,0.28125,0.71875,0.140625,0.859375
robustness-20260918-025634-2cf93d,jpeg_compress,75.0,"{""quality"": 75}",0894,32.3294,0.925984,0.1875,0.8125,0.21875,0.78125
robustness-20260918-025634-2cf93d,jpeg_compress,75.0,"{""quality"": 75}",0895,29.5665,0.914506,0.28125,0.71875,0.125,0.875
robustness-20260918-025634-2cf93d,jpeg_compress,75.0,"{""quality"": 75}",0896,36.2506,0.963217,0.3125,0.6875,0.125,0.875
robustness-20260918-025634-2cf93d,jpeg_compress,75.0,"{""quality"": 75}",0897,26.2008,0.944838,0.15625,0.84375,0.125,0.875
robustness-20260918-025634-2cf93d,jpeg_compress,75.0,"{""quality"": 75}",0898,31.0583,0.940189,0.375,0.625,0.203125,0.796875
robustness-20260918-025634-2cf93d,jpeg_compress,75.0,"{""quality"": 75}",0899,28.848,0.89363,0.296875,0.703125,0.15625,0.84375
robustness-20260918-025634-2cf93d,jpeg_compress,75.0,"{""quality"": 75}",0900,29.1127,0.860701,0.359375,0.640625,0.375,0.625
robustness-20260918-025634-2cf93d,jpeg_compress,50.0,"{""quality"": 50}",0801,29.1032,0.915123,0.328125,0.671875,0.1875,0.8125
robustness-20260918-025634-2cf93d,jpeg_compress,50.0,"{""quality"": 50}",0802,27.8523,0.841055,0.375,0.625,0.421875,0.578125
robustness-20260918-025634-2cf93d,jpeg_compress,50.0,"{""quality"": 50}",0803,28.3115,0.875103,0.390625,0.609375,0.234375,0.765625
robustness-20260918-025634-2cf93d,jpeg_compress,50.0,"{""quality"": 50}",0804,26.1983,0.876749,0.328125,0.671875,0.171875,0.828125
robustness-20260918-025634-2cf93d,jpeg_compress,50.0,"{""quality"": 50}",0805,30.4978,0.914472,0.375,0.625,0.296875,0.703125
robustness-20260918-025634-2cf93d,jpeg_compress,50.0,"{""quality"": 50}",0806,30.6805,0.905799,0.265625,0.734375,0.21875,0.78125
robustness-20260918-025634-2cf93d,jpeg_compress,50.0,"{""quality"": 50}",0807,26.7222,0.827493,0.421875,0.578125,0.25,0.75
robustness-20260918-025634-2cf93d,jpeg_compress,50.0,"{""quality"": 50}",0808,30.2434,0.907326,0.265625,0.734375,0.265625,0.734375
robustness-20260918-025634-2cf93d,jpeg_compress,50.0,"{""quality"": 50}",0809,29.9841,0.881444,0.359375,0.640625,0.1875,0.8125
robustness-20260918-025634-2cf93d,jpeg_compress,50.0,"{""quality"": 50}",0810,31.2945,0.908779,0.484375,0.515625,0.234375,0.765625
robustness-20260918-025634-2cf93d,jpeg_compress,50.0,"{""quality"": 50}",0811,29.7921,0.858815,0.40625,0.59375,0.234375,0.765625
robustness-20260918-025634-2cf93d,jpeg_compress,50.0,"{""quality"": 50}",0812,30.8027,0.931483,0.4375,0.5625,0.28125,0.71875
robustness-20260918-025634-2cf93d,jpeg_compress,50.0,"{""quality"": 50}",0813,28.5459,0.903785,0.328125,0.671875,0.15625,0.84375
robustness-20260918-025634-2cf93d,jpeg_compress,50.0,"{""quality"": 50}",0814,31.8729,0.94514,0.40625,0.59375,0.25,0.75
robustness-20260918-025634-2cf93d,jpeg_compress,50.0,"{""quality"": 50}",0815,28.6681,0.897923,0.4375,0.5625,0.25,0.75
robustness-20260918-025634-2cf93d,jpeg_compress,50.0,"{""quality"": 50}",0816,32.3928,0.924925,0.40625,0.59375,0.234375,0.765625
robustness-20260918-025634-2cf93d,jpeg_compress,50.0,"{""quality"": 50}",0817,25.8524,0.820285,0.28125,0.71875,0.25,0.75
robustness-20260918-025634-2cf93d,jpeg_compress,50.0,"{""quality"": 50}",0818,28.474,0.916148,0.3125,0.6875,0.3125,0.6875
robustness-20260918-025634-2cf93d,jpeg_compress,50.0,"{""quality"": 50}",0819,28.4322,0.87534,0.34375,0.65625,0.296875,0.703125
robustness-20260918-025634-2cf93d,jpeg_compress,50.0,"{""quality"": 50}",0820,27.9157,0.914194,0.28125,0.71875,0.1875,0.8125
robustness-20260918-025634-2cf93d,jpeg_compress,50.0,"{""quality"": 50}",0821,24.4124,0.901785,0.296875,0.703125,0.265625,0.734375
robustness-20260918-025634-2cf93d,jpeg_compress,50.0,"{""quality"": 50}",0822,27.5811,0.879659,0.390625,0.609375,0.28125,0.71875
robustness-20260918-025634-2cf93d,jpeg_compress,50.0,"{""quality"": 50}",0823,29.0136,0.916911,0.328125,0.671875,0.28125,0.71875
robustness-20260918-025634-2cf93d,jpeg_compress,50.0,"{""quality"": 50}",0824,30.2428,0.933906,0.359375,0.640625,0.171875,0.828125
robustness-20260918-025634-2cf93d,jpeg_compress,50.0,"{""quality"": 50}",0825,27.5698,0.913647,0.21875,0.78125,0.1875,0.8125
robustness-20260918-025634-2cf93d,jpeg_compress,50.0,"{""quality"": 50}",0826,27.7448,0.883394,0.46875,0.53125,0.265625,0.734375
robustness-20260918-025634-2cf93d,jpeg_compress,50.0,"{""quality"": 50}",0827,33.6972,0.900291,0.421875,0.578125,0.359375,0.640625
robustness-20260918-025634-2cf93d,jpeg_compress,50.0,"{""quality"": 50}",0828,26.0207,0.858264,0.359375,0.640625,0.3125,0.6875
robustness-20260918-025634-2cf93d,jpeg_compress,50.0,"{""quality"": 50}",0829,29.26,0.862323,0.359375,0.640625,0.171875,0.828125
robustness-20260918-025634-2cf93d,jpeg_compress,50.0,"{""quality"": 50}",0830,31.0303,0.902906,0.515625,0.484375,0.359375,0.640625
robustness-20260918-025634-2cf93d,jpeg_compress,50.0,"{""quality"": 50}",0831,28.5765,0.896712,0.515625,0.484375,0.25,0.75
robustness-20260918-025634-2cf93d,jpeg_compress,50.0,"{""quality"": 50}",0832,28.1715,0.905528,0.390625,0.609375,0.125,0.875
robustness-20260918-025634-2cf93d,jpeg_compress,50.0,"{""quality"": 50}",0833,31.5578,0.951178,0.359375,0.640625,0.265625,0.734375
robustness-20260918-025634-2cf93d,jpeg_compress,50.0,"{""quality"": 50}",0834,30.0945,0.912547,0.28125,0.71875,0.234375,0.765625
robustness-20260918-025634-2cf93d,jpeg_compress,50.0,"{""quality"": 50}",0835,29.3261,0.889476,0.34375,0.65625,0.1875,0.8125
robustness-20260918-025634-2cf93d,jpeg_compress,50.0,"{""quality"": 50}",0836,27.3693,0.891724,0.328125,0.671875,0.1875,0.8125
robustness-20260918-025634-2cf93d,jpeg_compress,50.0,"{""quality"": 50}",0837,27.2904,0.90393,0.328125,0.671875,0.171875,0.828125
robustness-20260918-025634-2cf93d,jpeg_compress,50.0,"{""quality"": 50}",0838,34.4364,0.939415,0.484375,0.515625,0.328125,0.671875
robustness-20260918-025634-2cf93d,jpeg_compress,50.0,"{""quality"": 50}",0839,31.9683,0.931249,0.390625,0.609375,0.265625,0.734375
robustness-20260918-025634-2cf93d,jpeg_compress,50.0,"{""quality"": 50}",0840,29.5953,0.91864,0.28125,0.71875,0.15625,0.84375
robustness-20260918-025634-2cf93d,jpeg_compress,50.0,"{""quality"": 50}",0841,30.1919,0.89866,0.40625,0.59375,0.28125,0.71875
robustness-20260918-025634-2cf93d,jpeg_compress,50.0,"{""quality"": 50}",0842,31.8619,0.932885,0.484375,0.515625,0.1875,0.8125
robustness-20260918-025634-2cf93d,jpeg_compress,50.0,"{""quality"": 50}",0843,36.9808,0.985906,0.5,0.5,0.359375,0.640625
robustness-20260918-025634-2cf93d,jpeg_compress,50.0,"{""quality"": 50}",0844,32.7601,0.914815,0.375,0.625,0.296875,0.703125
robustness-20260918-025634-2cf93d,jpeg_compress,50.0,"{""quality"": 50}",0845,30.2677,0.938784,0.40625,0.59375,0.15625,0.84375
robustness-20260918-025634-2cf93d,jpeg_compress,50.0,"{""quality"": 50}",0846,30.3629,0.943968,0.40625,0.59375,0.171875,0.828125
robustness-20260918-025634-2cf93d,jpeg_compress,50.0,"{""quality"": 50}",0847,28.0461,0.922274,0.3125,0.6875,0.109375,0.890625
robustness-20260918-025634-2cf93d,jpeg_compress,50.0,"{""quality"": 50}",0848,27.2895,0.873403,0.296875,0.703125,0.21875,0.78125
robustness-20260918-025634-2cf93d,jpeg_compress,50.0,"{""quality"": 50}",0849,25.1305,0.911538,0.375,0.625,0.140625,0.859375
robustness-20260918-025634-2cf93d,jpeg_compress,50.0,"{""quality"": 50}",0850,29.1854,0.897963,0.34375,0.65625,0.1875,0.8125
robustness-20260918-025634-2cf93d,jpeg_compress,50.0,"{""quality"": 50}",0851,27.884,0.883493,0.296875,0.703125,0.265625,0.734375
robustness-20260918-025634-2cf93d,jpeg_compress,50.0,"{""quality"": 50}",0852,33.0234,0.845399,0.390625,0.609375,0.40625,0.59375
robustness-20260918-025634-2cf93d,jpeg_compress,50.0,"{""quality"": 50}",0853,28.7348,0.881037,0.328125,0.671875,0.265625,0.734375
robustness-20260918-025634-2cf93d,jpeg_compress,50.0,"{""quality"": 50}",0854,29.7004,0.920261,0.34375,0.65625,0.28125,0.71875
robustness-20260918-025634-2cf93d,jpeg_compress,50.0,"{""quality"": 50}",0855,31.8682,0.924713,0.375,0.625,0.328125,0.671875
robustness-20260918-025634-2cf93d,jpeg_compress,50.0,"{""quality"": 50}",0856,26.4385,0.741442,0.421875,0.578125,0.375,0.625
robustness-20260918-025634-2cf93d,jpeg_compress,50.0,"{""quality"": 50}",0857,34.1561,0.934208,0.421875,0.578125,0.25,0.75
robustness-20260918-025634-2cf93d,jpeg_compress,50.0,"{""quality"": 50}",0858,29.282,0.843091,0.375,0.625,0.34375,0.65625
robustness-20260918-025634-2cf93d,jpeg_compress,50.0,"{""quality"": 50}",0859,29.3058,0.896281,0.359375,0.640625,0.28125,0.71875
robustness-20260918-025634-2cf93d,jpeg_compress,50.0,"{""quality"": 50}",0860,26.2658,0.878166,0.40625,0.59375,0.25,0.75
robustness-20260918-025634-2cf93d,jpeg_compress,50.0,"{""quality"": 50}",0861,29.3537,0.889402,0.453125,0.546875,0.28125,0.71875
robustness-20260918-025634-2cf93d,jpeg_compress,50.0,"{""quality"": 50}",0862,35.1425,0.931717,0.5625,0.4375,0.34375,0.65625
robustness-20260918-025634-2cf93d,jpeg_compress,50.0,"{""quality"": 50}",0863,31.2042,0.933416,0.328125,0.671875,0.21875,0.78125
robustness-20260918-025634-2cf93d,jpeg_compress,50.0,"{""quality"": 50}",0864,31.9835,0.929881,0.328125,0.671875,0.171875,0.828125
robustness-20260918-025634-2cf93d,jpeg_compress,50.0,"{""quality"": 50}",0865,31.3486,0.927285,0.3125,0.6875,0.140625,0.859375
robustness-20260918-025634-2cf93d,jpeg_compress,50.0,"{""quality"": 50}",0866,28.9415,0.918942,0.28125,0.71875,0.203125,0.796875
robustness-20260918-025634-2cf93d,jpeg_compress,50.0,"{""quality"": 50}",0867,26.7117,0.884429,0.4375,0.5625,0.328125,0.671875
robustness-20260918-025634-2cf93d,jpeg_compress,50.0,"{""quality"": 50}",0868,33.3435,0.968754,0.46875,0.53125,0.265625,0.734375
robustness-20260918-025634-2cf93d,jpeg_compress,50.0,"{""quality"": 50}",0869,30.9045,0.934088,0.328125,0.671875,0.265625,0.734375
robustness-20260918-025634-2cf93d,jpeg_compress,50.0,"{""quality"": 50}",0870,26.0958,0.855412,0.296875,0.703125,0.171875,0.828125
robustness-20260918-025634-2cf93d,jpeg_compress,50.0,"{""quality"": 50}",0871,28.2288,0.899573,0.3125,0.6875,0.171875,0.828125
robustness-20260918-025634-2cf93d,jpeg_compress,50.0,"{""quality"": 50}",0872,27.0356,0.904433,0.265625,0.734375,0.21875,0.78125
robustness-20260918-025634-2cf93d,jpeg_compress,50.0,"{""quality"": 50}",0873,27.7675,0.882813,0.40625,0.59375,0.171875,0.828125
robustness-20260918-025634-2cf93d,jpeg_compress,50.0,"{""quality"": 50}",0874,32.2331,0.910108,0.3125,0.6875,0.28125,0.71875
robustness-20260918-025634-2cf93d,jpeg_compress,50.0,"{""quality"": 50}",0875,26.2845,0.886682,0.375,0.625,0.21875,0.78125
robustness-20260918-025634-2cf93d,jpeg_compress,50.0,"{""quality"": 50}",0876,29.4347,0.880173,0.390625,0.609375,0.203125,0.796875
robustness-20260918-025634-2cf93d,jpeg_compress,50.0,"{""quality"": 50}",0877,31.562,0.860283,0.234375,0.765625,0.25,0.75
robustness-20260918-025634-2cf93d,jpeg_compress,50.0,"{""quality"": 50}",0878,29.5447,0.922892,0.34375,0.65625,0.1875,0.8125
robustness-20260918-025634-2cf93d,jpeg_compress,50.0,"{""quality"": 50}",0879,29.888,0.934321,0.359375,0.640625,0.328125,0.671875
robustness-20260918-025634-2cf93d,jpeg_compress,50.0,"{""quality"": 50}",0880,32.4259,0.940633,0.390625,0.609375,0.28125,0.71875
robustness-20260918-025634-2cf93d,jpeg_compress,50.0,"{""quality"": 50}",0881,31.8618,0.914048,0.53125,0.46875,0.390625,0.609375
robustness-20260918-025634-2cf93d,jpeg_compress,50.0,"{""quality"": 50}",0882,28.7694,0.92366,0.296875,0.703125,0.140625,0.859375
robustness-20260918-025634-2cf93d,jpeg_compress,50.0,"{""quality"": 50}",0883,28.8577,0.918867,0.3125,0.6875,0.25,0.75
robustness-20260918-025634-2cf93d,jpeg_compress,50.0,"{""quality"": 50}",0884,28.4245,0.909642,0.28125,0.71875,0.265625,0.734375
robustness-20260918-025634-2cf93d,jpeg_compress,50.0,"{""quality"": 50}",0885,28.1338,0.857212,0.375,0.625,0.28125,0.71875
robustness-20260918-025634-2cf93d,jpeg_compress,50.0,"{""quality"": 50}",0886,30.1734,0.915578,0.390625,0.609375,0.21875,0.78125
robustness-20260918-025634-2cf93d,jpeg_compress,50.0,"{""quality"": 50}",0887,29.5677,0.877586,0.453125,0.546875,0.359375,0.640625
robustness-20260918-025634-2cf93d,jpeg_compress,50.0,"{""quality"": 50}",0888,27.3583,0.918461,0.171875,0.828125,0.1875,0.8125
robustness-20260918-025634-2cf93d,jpeg_compress,50.0,"{""quality"": 50}",0889,25.4463,0.895079,0.28125,0.71875,0.234375,0.765625
robustness-20260918-025634-2cf93d,jpeg_compress,50.0,"{""quality"": 50}",0890,30.8102,0.902173,0.390625,0.609375,0.4375,0.5625
robustness-20260918-025634-2cf93d,jpeg_compress,50.0,"{""quality"": 50}",0891,26.1665,0.887693,0.328125,0.671875,0.171875,0.828125
robustness-20260918-025634-2cf93d,jpeg_compress,50.0,"{""quality"": 50}",0892,27.2305,0.92084,0.34375,0.65625,0.15625,0.84375
robustness-20260918-025634-2cf93d,jpeg_compress,50.0,"{""quality"": 50}",0893,29.9084,0.890885,0.265625,0.734375,0.234375,0.765625
robustness-20260918-025634-2cf93d,jpeg_compress,50.0,"{""quality"": 50}",0894,30.327,0.884455,0.34375,0.65625,0.34375,0.65625
robustness-20260918-025634-2cf93d,jpeg_compress,50.0,"{""quality"": 50}",0895,27.4679,0.867762,0.34375,0.65625,0.296875,0.703125
robustness-20260918-025634-2cf93d,jpeg_compress,50.0,"{""quality"": 50}",0896,33.5197,0.946106,0.359375,0.640625,0.265625,0.734375
robustness-20260918-025634-2cf93d,jpeg_compress,50.0,"{""quality"": 50}",0897,24.2631,0.922825,0.21875,0.78125,0.28125,0.71875
robustness-20260918-025634-2cf93d,jpeg_compress,50.0,"{""quality"": 50}",0898,29.3162,0.921782,0.515625,0.484375,0.234375,0.765625
robustness-20260918-025634-2cf93d,jpeg_compress,50.0,"{""quality"": 50}",0899,26.9494,0.860488,0.359375,0.640625,0.125,0.875
robustness-20260918-025634-2cf93d,jpeg_compress,50.0,"{""quality"": 50}",0900,27.3793,0.825616,0.421875,0.578125,0.40625,0.59375
robustness-20260918-025634-2cf93d,jpeg_compress,30.0,"{""quality"": 30}",0801,27.6321,0.88435,0.390625,0.609375,0.296875,0.703125
robustness-20260918-025634-2cf93d,jpeg_compress,30.0,"{""quality"": 30}",0802,26.6803,0.81601,0.359375,0.640625,0.4375,0.5625
robustness-20260918-025634-2cf93d,jpeg_compress,30.0,"{""quality"": 30}",0803,27.1135,0.845041,0.453125,0.546875,0.28125,0.71875
robustness-20260918-025634-2cf93d,jpeg_compress,30.0,"{""quality"": 30}",0804,24.825,0.842198,0.390625,0.609375,0.265625,0.734375
robustness-20260918-025634-2cf93d,jpeg_compress,30.0,"{""quality"": 30}",0805,28.9633,0.88321,0.46875,0.53125,0.390625,0.609375
robustness-20260918-025634-2cf93d,jpeg_compress,30.0,"{""quality"": 30}",0806,29.2494,0.876876,0.359375,0.640625,0.25,0.75
robustness-20260918-025634-2cf93d,jpeg_compress,30.0,"{""quality"": 30}",0807,25.5984,0.787123,0.515625,0.484375,0.359375,0.640625
robustness-20260918-025634-2cf93d,jpeg_compress,30.0,"{""quality"": 30}",0808,28.9531,0.880157,0.390625,0.609375,0.34375,0.65625
robustness-20260918-025634-2cf93d,jpeg_compress,30.0,"{""quality"": 30}",0809,28.5443,0.839386,0.34375,0.65625,0.21875,0.78125
robustness-20260918-025634-2cf93d,jpeg_compress,30.0,"{""quality"": 30}",0810,29.8114,0.8737,0.375,0.625,0.265625,0.734375
robustness-20260918-025634-2cf93d,jpeg_compress,30.0,"{""quality"": 30}",0811,28.5683,0.820655,0.359375,0.640625,0.3125,0.6875
robustness-20260918-025634-2cf93d,jpeg_compress,30.0,"{""quality"": 30}",0812,29.11,0.905335,0.34375,0.65625,0.265625,0.734375
robustness-20260918-025634-2cf93d,jpeg_compress,30.0,"{""quality"": 30}",0813,27.2284,0.87626,0.359375,0.640625,0.203125,0.796875
robustness-20260918-025634-2cf93d,jpeg_compress,30.0,"{""quality"": 30}",0814,30.3003,0.925254,0.5,0.5,0.34375,0.65625
robustness-20260918-025634-2cf93d,jpeg_compress,30.0,"{""quality"": 30}",0815,27.4643,0.867828,0.390625,0.609375,0.28125,0.71875
robustness-20260918-025634-2cf93d,jpeg_compress,30.0,"{""quality"": 30}",0816,30.8603,0.89705,0.421875,0.578125,0.265625,0.734375
robustness-20260918-025634-2cf93d,jpeg_compress,30.0,"{""quality"": 30}",0817,24.8501,0.785696,0.359375,0.640625,0.234375,0.765625
robustness-20260918-025634-2cf93d,jpeg_compress,30.0,"{""quality"": 30}",0818,27.1774,0.890951,0.375,0.625,0.40625,0.59375
robustness-20260918-025634-2cf93d,jpeg_compress,30.0,"{""quality"": 30}",0819,27.1477,0.83952,0.40625,0.59375,0.28125,0.71875
robustness-20260918-025634-2cf93d,jpeg_compress,30.0,"{""quality"": 30}",0820,26.105,0.878311,0.34375,0.65625,0.265625,0.734375
robustness-20260918-025634-2cf93d,jpeg_compress,30.0,"{""quality"": 30}",0821,22.7803,0.872186,0.296875,0.703125,0.234375,0.765625
robustness-20260918-025634-2cf93d,jpeg_compress,30.0,"{""quality"": 30}",0822,26.3448,0.844173,0.375,0.625,0.34375,0.65625
robustness-20260918-025634-2cf93d,jpeg_compress,30.0,"{""quality"": 30}",0823,27.5273,0.886279,0.375,0.625,0.34375,0.65625
robustness-20260918-025634-2cf93d,jpeg_compress,30.0,"{""quality"": 30}",0824,28.6146,0.907128,0.359375,0.640625,0.296875,0.703125
robustness-20260918-025634-2cf93d,jpeg_compress,30.0,"{""quality"": 30}",0825,26.1109,0.884072,0.265625,0.734375,0.25,0.75
robustness-20260918-025634-2cf93d,jpeg_compress,30.0,"{""quality"": 30}",0826,26.5947,0.849912,0.40625,0.59375,0.375,0.625
robustness-20260918-025634-2cf93d,jpeg_compress,30.0,"{""quality"": 30}",0827,32.0213,0.865181,0.5,0.5,0.453125,0.546875
robustness-20260918-025634-2cf93d,jpeg_compress,30.0,"{""quality"": 30}",0828,24.8049,0.817064,0.390625,0.609375,0.296875,0.703125
robustness-20260918-025634-2cf93d,jpeg_compress,30.0,"{""quality"": 30}",0829,27.9589,0.827121,0.484375,0.515625,0.296875,0.703125
robustness-20260918-025634-2cf93d,jpeg_compress,30.0,"{""quality"": 30}",0830,29.3787,0.871862,0.59375,0.40625,0.359375,0.640625
robustness-20260918-025634-2cf93d,jpeg_compress,30.0,"{""quality"": 30}",0831,27.1018,0.862236,0.484375,0.515625,0.171875,0.828125
robustness-20260918-025634-2cf93d,jpeg_compress,30.0,"{""quality"": 30}",0832,26.6994,0.875696,0.359375,0.640625,0.234375,0.765625
robustness-20260918-025634-2cf93d,jpeg_compress,30.0,"{""quality"": 30}",0833,29.9959,0.932306,0.4375,0.5625,0.359375,0.640625
robustness-20260918-025634-2cf93d,jpeg_compress,30.0,"{""quality"": 30}",0834,28.6721,0.885466,0.375,0.625,0.28125,0.71875
robustness-20260918-025634-2cf93d,jpeg_compress,30.0,"{""quality"": 30}",0835,27.9288,0.855404,0.5,0.5,0.265625,0.734375
robustness-20260918-025634-2cf93d,jpeg_compress,30.0,"{""quality"": 30}",0836,26.0908,0.863033,0.375,0.625,0.21875,0.78125
robustness-20260918-025634-2cf93d,jpeg_compress,30.0,"{""quality"": 30}",0837,25.8912,0.873762,0.34375,0.65625,0.25,0.75
robustness-20260918-025634-2cf93d,jpeg_compress,30.0,"{""quality"": 30}",0838,32.68,0.919369,0.5,0.5,0.359375,0.640625
robustness-20260918-025634-2cf93d,jpeg_compress,30.0,"{""quality"": 30}",0839,30.561,0.91078,0.375,0.625,0.34375,0.65625
robustness-20260918-025634-2cf93d,jpeg_compress,30.0,"{""quality"": 30}",0840,28.0329,0.885249,0.265625,0.734375,0.25,0.75
robustness-20260918-025634-2cf93d,jpeg_compress,30.0,"{""quality"": 30}",0841,28.6485,0.86457,0.390625,0.609375,0.28125,0.71875
robustness-20260918-025634-2cf93d,jpeg_compress,30.0,"{""quality"": 30}",0842,30.1948,0.90484,0.484375,0.515625,0.265625,0.734375
robustness-20260918-025634-2cf93d,jpeg_compress,30.0,"{""quality"": 30}",0843,35.1285,0.979344,0.40625,0.59375,0.40625,0.59375
robustness-20260918-025634-2cf93d,jpeg_compress,30.0,"{""quality"": 30}",0844,31.4077,0.892329,0.375,0.625,0.421875,0.578125
robustness-20260918-025634-2cf93d,jpeg_compress,30.0,"{""quality"": 30}",0845,28.376,0.912208,0.4375,0.5625,0.265625,0.734375
robustness-20260918-025634-2cf93d,jpeg_compress,30.0,"{""quality"": 30}",0846,28.3542,0.914735,0.46875,0.53125,0.234375,0.765625
robustness-20260918-025634-2cf93d,jpeg_compress,30.0,"{""quality"": 30}",0847,26.6169,0.897882,0.5,0.5,0.296875,0.703125
robustness-20260918-025634-2cf93d,jpeg_compress,30.0,"{""quality"": 30}",0848,26.042,0.84119,0.328125,0.671875,0.34375,0.65625
robustness-20260918-025634-2cf93d,jpeg_compress,30.0,"{""quality"": 30}",0849,23.6105,0.880277,0.375,0.625,0.234375,0.765625
robustness-20260918-025634-2cf93d,jpeg_compress,30.0,"{""quality"": 30}",0850,27.8643,0.866507,0.40625,0.59375,0.234375,0.765625
robustness-20260918-025634-2cf93d,jpeg_compress,30.0,"{""quality"": 30}",0851,26.5717,0.844217,0.359375,0.640625,0.28125,0.71875
robustness-20260918-025634-2cf93d,jpeg_compress,30.0,"{""quality"": 30}",0852,31.8301,0.807435,0.484375,0.515625,0.4375,0.5625
robustness-20260918-025634-2cf93d,jpeg_compress,30.0,"{""quality"": 30}",0853,27.6049,0.853174,0.328125,0.671875,0.28125,0.71875
robustness-20260918-025634-2cf93d,jpeg_compress,30.0,"{""quality"": 30}",0854,27.9767,0.887761,0.484375,0.515625,0.265625,0.734375
robustness-20260918-025634-2cf93d,jpeg_compress,30.0,"{""quality"": 30}",0855,30.1506,0.89375,0.34375,0.65625,0.328125,0.671875
robustness-20260918-025634-2cf93d,jpeg_compress,30.0,"{""quality"": 30}",0856,25.6386,0.69413,0.546875,0.453125,0.421875,0.578125
robustness-20260918-025634-2cf93d,jpeg_compress,30.0,"{""quality"": 30}",0857,32.4843,0.9098,0.484375,0.515625,0.390625,0.609375
robustness-20260918-025634-2cf93d,jpeg_compress,30.0,"{""quality"": 30}",0858,28.1334,0.803443,0.484375,0.515625,0.421875,0.578125
robustness-20260918-025634-2cf93d,jpeg_compress,30.0,"{""quality"": 30}",0859,27.9185,0.86322,0.4375,0.5625,0.28125,0.71875
robustness-20260918-025634-2cf93d,jpeg_compress,30.0,"{""quality"": 30}",0860,25.0035,0.83893,0.375,0.625,0.21875,0.78125
robustness-20260918-025634-2cf93d,jpeg_compress,30.0,"{""quality"": 30}",0861,27.6858,0.85429,0.4375,0.5625,0.21875,0.78125
robustness-20260918-025634-2cf93d,jpeg_compress,30.0,"{""quality"": 30}",0862,33.4441,0.904084,0.4375,0.5625,0.46875,0.53125
robustness-20260918-025634-2cf93d,jpeg_compress,30.0,"{""quality"": 30}",0863,29.7757,0.911063,0.453125,0.546875,0.375,0.625
robustness-20260918-025634-2cf93d,jpeg_compress,30.0,"{""quality"": 30}",0864,30.318,0.900527,0.40625,0.59375,0.265625,0.734375
robustness-20260918-025634-2cf93d,jpeg_compress,30.0,"{""quality"": 30}",0865,29.6894,0.898368,0.3125,0.6875,0.265625,0.734375
robustness-20260918-025634-2cf93d,jpeg_compress,30.0,"{""quality"": 30}",0866,27.5531,0.89228,0.46875,0.53125,0.359375,0.640625
robustness-20260918-025634-2cf93d,jpeg_compress,30.0,"{""quality"": 30}",0867,25.4123,0.8524,0.421875,0.578125,0.3125,0.6875
robustness-20260918-025634-2cf93d,jpeg_compress,30.0,"{""quality"": 30}",0868,31.7269,0.958628,0.484375,0.515625,0.390625,0.609375
robustness-20260918-025634-2cf93d,jpeg_compress,30.0,"{""quality"": 30}",0869,29.4444,0.909356,0.375,0.625,0.359375,0.640625
robustness-20260918-025634-2cf93d,jpeg_compress,30.0,"{""quality"": 30}",0870,25.0205,0.820531,0.375,0.625,0.21875,0.78125
robustness-20260918-025634-2cf93d,jpeg_compress,30.0,"{""quality"": 30}",0871,26.9675,0.87056,0.28125,0.71875,0.265625,0.734375
robustness-20260918-025634-2cf93d,jpeg_compress,30.0,"{""quality"": 30}",0872,25.741,0.872859,0.296875,0.703125,0.296875,0.703125
robustness-20260918-025634-2cf93d,jpeg_compress,30.0,"{""quality"": 30}",0873,26.5427,0.847641,0.5,0.5,0.28125,0.71875
robustness-20260918-025634-2cf93d,jpeg_compress,30.0,"{""quality"": 30}",0874,30.6312,0.876393,0.421875,0.578125,0.328125,0.671875
robustness-20260918-025634-2cf93d,jpeg_compress,30.0,"{""quality"": 30}",0875,25.0468,0.857331,0.40625,0.59375,0.3125,0.6875
robustness-20260918-025634-2cf93d,jpeg_compress,30.0,"{""quality"": 30}",0876,28.1323,0.841612,0.453125,0.546875,0.28125,0.71875
robustness-20260918-025634-2cf93d,jpeg_compress,30.0,"{""quality"": 30}",0877,30.1168,0.82755,0.265625,0.734375,0.28125,0.71875
robustness-20260918-025634-2cf93d,jpeg_compress,30.0,"{""quality"": 30}",0878,27.9347,0.893258,0.40625,0.59375,0.328125,0.671875
robustness-20260918-025634-2cf93d,jpeg_compress,30.0,"{""quality"": 30}",0879,28.4176,0.912071,0.328125,0.671875,0.34375,0.65625
robustness-20260918-025634-2cf93d,jpeg_compress,30.0,"{""quality"": 30}",0880,30.8499,0.915021,0.328125,0.671875,0.28125,0.71875
robustness-20260918-025634-2cf93d,jpeg_compress,30.0,"{""quality"": 30}",0881,30.3328,0.88575,0.4375,0.5625,0.359375,0.640625
robustness-20260918-025634-2cf93d,jpeg_compress,30.0,"{""quality"": 30}",0882,27.1856,0.8963,0.296875,0.703125,0.203125,0.796875
robustness-20260918-025634-2cf93d,jpeg_compress,30.0,"{""quality"": 30}",0883,27.3931,0.889836,0.359375,0.640625,0.171875,0.828125
robustness-20260918-025634-2cf93d,jpeg_compress,30.0,"{""quality"": 30}",0884,27.0031,0.877888,0.359375,0.640625,0.34375,0.65625
robustness-20260918-025634-2cf93d,jpeg_compress,30.0,"{""quality"": 30}",0885,26.9228,0.820667,0.359375,0.640625,0.296875,0.703125
robustness-20260918-025634-2cf93d,jpeg_compress,30.0,"{""quality"": 30}",0886,28.881,0.890616,0.453125,0.546875,0.25,0.75
robustness-20260918-025634-2cf93d,jpeg_compress,30.0,"{""quality"": 30}",0887,28.1315,0.846321,0.453125,0.546875,0.3125,0.6875
robustness-20260918-025634-2cf93d,jpeg_compress,30.0,"{""quality"": 30}",0888,26.0023,0.890646,0.25,0.75,0.15625,0.84375
robustness-20260918-025634-2cf93d,jpeg_compress,30.0,"{""quality"": 30}",0889,24.1984,0.863684,0.296875,0.703125,0.34375,0.65625
robustness-20260918-025634-2cf93d,jpeg_compress,30.0,"{""quality"": 30}",0890,29.4964,0.875586,0.34375,0.65625,0.375,0.625
robustness-20260918-025634-2cf93d,jpeg_compress,30.0,"{""quality"": 30}",0891,24.9333,0.858862,0.375,0.625,0.265625,0.734375
robustness-20260918-025634-2cf93d,jpeg_compress,30.0,"{""quality"": 30}",0892,25.8412,0.893021,0.390625,0.609375,0.140625,0.859375
robustness-20260918-025634-2cf93d,jpeg_compress,30.0,"{""quality"": 30}",0893,28.3706,0.860812,0.328125,0.671875,0.296875,0.703125
robustness-20260918-025634-2cf93d,jpeg_compress,30.0,"{""quality"": 30}",0894,28.9436,0.846875,0.359375,0.640625,0.328125,0.671875
robustness-20260918-025634-2cf93d,jpeg_compress,30.0,"{""quality"": 30}",0895,26.1972,0.823736,0.4375,0.5625,0.21875,0.78125
robustness-20260918-025634-2cf93d,jpeg_compress,30.0,"{""quality"": 30}",0896,31.6517,0.927593,0.375,0.625,0.265625,0.734375
robustness-20260918-025634-2cf93d,jpeg_compress,30.0,"{""quality"": 30}",0897,23.1389,0.904798,0.375,0.625,0.375,0.625
robustness-20260918-025634-2cf93d,jpeg_compress,30.0,"{""quality"": 30}",0898,28.1976,0.903965,0.46875,0.53125,0.34375,0.65625
robustness-20260918-025634-2cf93d,jpeg_compress,30.0,"{""quality"": 30}",0899,25.618,0.828612,0.328125,0.671875,0.1875,0.8125
robustness-20260918-025634-2cf93d,jpeg_compress,30.0,"{""quality"": 30}",0900,26.1684,0.791033,0.40625,0.59375,0.46875,0.53125
robustness-20260918-025634-2cf93d,gaussian_noise,1.0,"{""sigma"": 1}",0801,47.7633,0.998165,0.265625,0.734375,0.0625,0.9375
robustness-20260918-025634-2cf93d,gaussian_noise,1.0,"{""sigma"": 1}",0802,47.8498,0.996951,0.34375,0.65625,0.0,1.0
robustness-20260918-025634-2cf93d,gaussian_noise,1.0,"{""sigma"": 1}",0803,47.7848,0.995283,0.296875,0.703125,0.03125,0.96875
robustness-20260918-025634-2cf93d,gaussian_noise,1.0,"{""sigma"": 1}",0804,47.765,0.99751,0.328125,0.671875,0.03125,0.96875
robustness-20260918-025634-2cf93d,gaussian_noise,1.0,"{""sigma"": 1}",0805,47.8343,0.997613,0.28125,0.71875,0.09375,0.90625
robustness-20260918-025634-2cf93d,gaussian_noise,1.0,"{""sigma"": 1}",0806,47.8175,0.994447,0.234375,0.765625,0.015625,0.984375
robustness-20260918-025634-2cf93d,gaussian_noise,1.0,"{""sigma"": 1}",0807,47.7864,0.996735,0.28125,0.71875,0.03125,0.96875
robustness-20260918-025634-2cf93d,gaussian_noise,1.0,"{""sigma"": 1}",0808,47.8235,0.991187,0.15625,0.84375,0.046875,0.953125
robustness-20260918-025634-2cf93d,gaussian_noise,1.0,"{""sigma"": 1}",0809,47.7788,0.997296,0.28125,0.71875,0.03125,0.96875
robustness-20260918-025634-2cf93d,gaussian_noise,1.0,"{""sigma"": 1}",0810,47.776,0.995036,0.234375,0.765625,0.03125,0.96875
robustness-20260918-025634-2cf93d,gaussian_noise,1.0,"{""sigma"": 1}",0811,47.7749,0.995623,0.265625,0.734375,0.09375,0.90625
robustness-20260918-025634-2cf93d,gaussian_noise,1.0,"{""sigma"": 1}",0812,47.7723,0.995132,0.296875,0.703125,0.125,0.875
robustness-20260918-025634-2cf93d,gaussian_noise,1.0,"{""sigma"": 1}",0813,47.8533,0.994687,0.296875,0.703125,0.046875,0.953125
robustness-20260918-025634-2cf93d,gaussian_noise,1.0,"{""sigma"": 1}",0814,47.7913,0.988425,0.296875,0.703125,0.109375,0.890625
robustness-20260918-025634-2cf93d,gaussian_noise,1.0,"{""sigma"": 1}",0815,47.7826,0.997493,0.1875,0.8125,0.0625,0.9375
robustness-20260918-025634-2cf93d,gaussian_noise,1.0,"{""sigma"": 1}",0816,47.8526,0.994552,0.328125,0.671875,0.03125,0.96875
robustness-20260918-025634-2cf93d,gaussian_noise,1.0,"{""sigma"": 1}",0817,47.7639,0.994842,0.1875,0.8125,0.109375,0.890625
robustness-20260918-025634-2cf93d,gaussian_noise,1.0,"{""sigma"": 1}",0818,47.8416,0.994372,0.25,0.75,0.078125,0.921875
robustness-20260918-025634-2cf93d,gaussian_noise,1.0,"{""sigma"": 1}",0819,47.7875,0.997479,0.234375,0.765625,0.03125,0.96875
robustness-20260918-025634-2cf93d,gaussian_noise,1.0,"{""sigma"": 1}",0820,47.8618,0.998236,0.203125,0.796875,0.078125,0.921875
robustness-20260918-025634-2cf93d,gaussian_noise,1.0,"{""sigma"": 1}",0821,47.8768,0.998792,0.328125,0.671875,0.03125,0.96875
robustness-20260918-025634-2cf93d,gaussian_noise,1.0,"{""sigma"": 1}",0822,47.7944,0.9983,0.34375,0.65625,0.171875,0.828125
robustness-20260918-025634-2cf93d,gaussian_noise,1.0,"{""sigma"": 1}",0823,47.8782,0.992119,0.265625,0.734375,0.09375,0.90625
robustness-20260918-025634-2cf93d,gaussian_noise,1.0,"{""sigma"": 1}",0824,47.7696,0.99461,0.25,0.75,0.0625,0.9375
robustness-20260918-025634-2cf93d,gaussian_noise,1.0,"{""sigma"": 1}",0825,47.7956,0.998016,0.140625,0.859375,0.078125,0.921875
robustness-20260918-025634-2cf93d,gaussian_noise,1.0,"{""sigma"": 1}",0826,47.89,0.994604,0.28125,0.71875,0.0625,0.9375
robustness-20260918-025634-2cf93d,gaussian_noise,1.0,"{""sigma"": 1}",0827,47.7889,0.991439,0.265625,0.734375,0.171875,0.828125
robustness-20260918-025634-2cf93d,gaussian_noise,1.0,"{""sigma"": 1}",0828,48.1558,0.995078,0.234375,0.765625,0.078125,0.921875
robustness-20260918-025634-2cf93d,gaussian_noise,1.0,"{""sigma"": 1}",0829,47.793,0.994357,0.328125,0.671875,0.03125,0.96875
robustness-20260918-025634-2cf93d,gaussian_noise,1.0,"{""sigma"": 1}",0830,47.7853,0.993249,0.359375,0.640625,0.046875,0.953125
robustness-20260918-025634-2cf93d,gaussian_noise,1.0,"{""sigma"": 1}",0831,47.7808,0.997106,0.3125,0.6875,0.015625,0.984375
robustness-20260918-025634-2cf93d,gaussian_noise,1.0,"{""sigma"": 1}",0832,47.8269,0.996674,0.234375,0.765625,0.03125,0.96875
robustness-20260918-025634-2cf93d,gaussian_noise,1.0,"{""sigma"": 1}",0833,47.774,0.991505,0.234375,0.765625,0.125,0.875
robustness-20260918-025634-2cf93d,gaussian_noise,1.0,"{""sigma"": 1}",0834,48.1834,0.99516,0.25,0.75,0.109375,0.890625
robustness-20260918-025634-2cf93d,gaussian_noise,1.0,"{""sigma"": 1}",0835,47.7984,0.997641,0.25,0.75,0.0625,0.9375
robustness-20260918-025634-2cf93d,gaussian_noise,1.0,"{""sigma"": 1}",0836,47.7583,0.994856,0.25,0.75,0.125,0.875
robustness-20260918-025634-2cf93d,gaussian_noise,1.0,"{""sigma"": 1}",0837,47.8089,0.998288,0.171875,0.828125,0.125,0.875
robustness-20260918-025634-2cf93d,gaussian_noise,1.0,"{""sigma"": 1}",0838,47.8044,0.993367,0.296875,0.703125,0.046875,0.953125
robustness-20260918-025634-2cf93d,gaussian_noise,1.0,"{""sigma"": 1}",0839,48.7345,0.988455,0.265625,0.734375,0.03125,0.96875
robustness-20260918-025634-2cf93d,gaussian_noise,1.0,"{""sigma"": 1}",0840,47.8056,0.998405,0.21875,0.78125,0.046875,0.953125
robustness-20260918-025634-2cf93d,gaussian_noise,1.0,"{""sigma"": 1}",0841,47.789,0.994296,0.265625,0.734375,0.0625,0.9375
robustness-20260918-025634-2cf93d,gaussian_noise,1.0,"{""sigma"": 1}",0842,47.7659,0.994963,0.328125,0.671875,0.0625,0.9375
robustness-20260918-025634-2cf93d,gaussian_noise,1.0,"{""sigma"": 1}",0843,47.7882,0.985363,0.390625,0.609375,0.234375,0.765625
robustness-20260918-025634-2cf93d,gaussian_noise,1.0,"{""sigma"": 1}",0844,47.753,0.988469,0.265625,0.734375,0.015625,0.984375
robustness-20260918-025634-2cf93d,gaussian_noise,1.0,"{""sigma"": 1}",0845,47.7741,0.993067,0.3125,0.6875,0.0,1.0
robustness-20260918-025634-2cf93d,gaussian_noise,1.0,"{""sigma"": 1}",0846,47.8732,0.994407,0.28125,0.71875,0.015625,0.984375
robustness-20260918-025634-2cf93d,gaussian_noise,1.0,"{""sigma"": 1}",0847,47.9375,0.996816,0.3125,0.6875,0.03125,0.96875
robustness-20260918-025634-2cf93d,gaussian_noise,1.0,"{""sigma"": 1}",0848,47.8036,0.996173,0.265625,0.734375,0.03125,0.96875
robustness-20260918-025634-2cf93d,gaussian_noise,1.0,"{""sigma"": 1}",0849,47.7984,0.999101,0.3125,0.6875,0.0625,0.9375
robustness-20260918-025634-2cf93d,gaussian_noise,1.0,"{""sigma"": 1}",0850,47.8071,0.995612,0.234375,0.765625,0.03125,0.96875
robustness-20260918-025634-2cf93d,gaussian_noise,1.0,"{""sigma"": 1}",0851,48.102,0.990134,0.1875,0.8125,0.078125,0.921875
robustness-20260918-025634-2cf93d,gaussian_noise,1.0,"{""sigma"": 1}",0852,48.4113,0.989495,0.3125,0.6875,0.0625,0.9375
robustness-20260918-025634-2cf93d,gaussian_noise,1.0,"{""sigma"": 1}",0853,47.7784,0.990284,0.25,0.75,0.0,1.0
robustness-20260918-025634-2cf93d,gaussian_noise,1.0,"{""sigma"": 1}",0854,47.7473,0.994817,0.25,0.75,0.125,0.875
robustness-20260918-025634-2cf93d,gaussian_noise,1.0,"{""sigma"": 1}",0855,47.7941,0.994303,0.3125,0.6875,0.0625,0.9375
robustness-20260918-025634-2cf93d,gaussian_noise,1.0,"{""sigma"": 1}",0856,47.765,0.995714,0.28125,0.71875,0.1875,0.8125
robustness-20260918-025634-2cf93d,gaussian_noise,1.0,"{""sigma"": 1}",0857,47.7808,0.99289,0.25,0.75,0.046875,0.953125
robustness-20260918-025634-2cf93d,gaussian_noise,1.0,"{""sigma"": 1}",0858,47.8656,0.995456,0.28125,0.71875,0.015625,0.984375
robustness-20260918-025634-2cf93d,gaussian_noise,1.0,"{""sigma"": 1}",0859,47.8034,0.997084,0.3125,0.6875,0.078125,0.921875
robustness-20260918-025634-2cf93d,gaussian_noise,1.0,"{""sigma"": 1}",0860,47.8047,0.998735,0.328125,0.671875,0.078125,0.921875
robustness-20260918-025634-2cf93d,gaussian_noise,1.0,"{""sigma"": 1}",0861,47.7687,0.995216,0.296875,0.703125,0.09375,0.90625
robustness-20260918-025634-2cf93d,gaussian_noise,1.0,"{""sigma"": 1}",0862,47.775,0.989837,0.203125,0.796875,0.0625,0.9375
robustness-20260918-025634-2cf93d,gaussian_noise,1.0,"{""sigma"": 1}",0863,47.8034,0.992991,0.234375,0.765625,0.109375,0.890625
robustness-20260918-025634-2cf93d,gaussian_noise,1.0,"{""sigma"": 1}",0864,47.7637,0.99725,0.28125,0.71875,0.03125,0.96875
robustness-20260918-025634-2cf93d,gaussian_noise,1.0,"{""sigma"": 1}",0865,47.7842,0.995635,0.25,0.75,0.0625,0.9375
robustness-20260918-025634-2cf93d,gaussian_noise,1.0,"{""sigma"": 1}",0866,47.7931,0.99797,0.1875,0.8125,0.109375,0.890625
robustness-20260918-025634-2cf93d,gaussian_noise,1.0,"{""sigma"": 1}",0867,47.781,0.998117,0.25,0.75,0.109375,0.890625
robustness-20260918-025634-2cf93d,gaussian_noise,1.0,"{""sigma"": 1}",0868,47.7654,0.985719,0.4375,0.5625,0.09375,0.90625
robustness-20260918-025634-2cf93d,gaussian_noise,1.0,"{""sigma"": 1}",0869,47.7978,0.99438,0.203125,0.796875,0.109375,0.890625
robustness-20260918-025634-2cf93d,gaussian_noise,1.0,"{""sigma"": 1}",0870,47.7713,0.998745,0.1875,0.8125,0.0625,0.9375
robustness-20260918-025634-2cf93d,gaussian_noise,1.0,"{""sigma"": 1}",0871,47.7968,0.997077,0.234375,0.765625,0.078125,0.921875
robustness-20260918-025634-2cf93d,gaussian_noise,1.0,"{""sigma"": 1}",0872,47.7852,0.998155,0.265625,0.734375,0.09375,0.90625
robustness-20260918-025634-2cf93d,gaussian_noise,1.0,"{""sigma"": 1}",0873,47.7376,0.995818,0.265625,0.734375,0.03125,0.96875
robustness-20260918-025634-2cf93d,gaussian_noise,1.0,"{""sigma"": 1}",0874,47.7868,0.995077,0.171875,0.828125,0.125,0.875
robustness-20260918-025634-2cf93d,gaussian_noise,1.0,"{""sigma"": 1}",0875,47.7986,0.998874,0.21875,0.78125,0.0,1.0
robustness-20260918-025634-2cf93d,gaussian_noise,1.0,"{""sigma"": 1}",0876,47.8109,0.997155,0.3125,0.6875,0.09375,0.90625
robustness-20260918-025634-2cf93d,gaussian_noise,1.0,"{""sigma"": 1}",0877,47.7779,0.991711,0.203125,0.796875,0.109375,0.890625
robustness-20260918-025634-2cf93d,gaussian_noise,1.0,"{""sigma"": 1}",0878,47.7641,0.997345,0.25,0.75,0.125,0.875
robustness-20260918-025634-2cf93d,gaussian_noise,1.0,"{""sigma"": 1}",0879,47.7995,0.991028,0.265625,0.734375,0.0625,0.9375
robustness-20260918-025634-2cf93d,gaussian_noise,1.0,"{""sigma"": 1}",0880,47.7926,0.991018,0.21875,0.78125,0.078125,0.921875
robustness-20260918-025634-2cf93d,gaussian_noise,1.0,"{""sigma"": 1}",0881,47.7883,0.99293,0.21875,0.78125,0.015625,0.984375
robustness-20260918-025634-2cf93d,gaussian_noise,1.0,"{""sigma"": 1}",0882,47.8103,0.996364,0.265625,0.734375,0.046875,0.953125
robustness-20260918-025634-2cf93d,gaussian_noise,1.0,"{""sigma"": 1}",0883,47.7838,0.997214,0.171875,0.828125,0.0625,0.9375
robustness-20260918-025634-2cf93d,gaussian_noise,1.0,"{""sigma"": 1}",0884,47.8104,0.998181,0.21875,0.78125,0.0625,0.9375
robustness-20260918-025634-2cf93d,gaussian_noise,1.0,"{""sigma"": 1}",0885,47.7919,0.996245,0.265625,0.734375,0.15625,0.84375
robustness-20260918-025634-2cf93d,gaussian_noise,1.0,"{""sigma"": 1}",0886,47.8236,0.99302,0.3125,0.6875,0.046875,0.953125
robustness-20260918-025634-2cf93d,gaussian_noise,1.0,"{""sigma"": 1}",0887,47.7994,0.993024,0.203125,0.796875,0.09375,0.90625
robustness-20260918-025634-2cf93d,gaussian_noise,1.0,"{""sigma"": 1}",0888,47.7862,0.997846,0.171875,0.828125,0.03125,0.96875
robustness-20260918-025634-2cf93d,gaussian_noise,1.0,"{""sigma"": 1}",0889,47.8563,0.99898,0.140625,0.859375,0.046875,0.953125
robustness-20260918-025634-2cf93d,gaussian_noise,1.0,"{""sigma"": 1}",0890,47.7917,0.991377,0.171875,0.828125,0.0625,0.9375
robustness-20260918-025634-2cf93d,gaussian_noise,1.0,"{""sigma"": 1}",0891,47.7869,0.998,0.21875,0.78125,0.046875,0.953125
robustness-20260918-025634-2cf93d,gaussian_noise,1.0,"{""sigma"": 1}",0892,47.8017,0.998704,0.25,0.75,0.046875,0.953125
robustness-20260918-025634-2cf93d,gaussian_noise,1.0,"{""sigma"": 1}",0893,47.7735,0.994012,0.1875,0.8125,0.046875,0.953125
robustness-20260918-025634-2cf93d,gaussian_noise,1.0,"{""sigma"": 1}",0894,47.8114,0.993314,0.1875,0.8125,0.140625,0.859375
robustness-20260918-025634-2cf93d,gaussian_noise,1.0,"{""sigma"": 1}",0895,47.8008,0.997479,0.28125,0.71875,0.125,0.875
robustness-20260918-025634-2cf93d,gaussian_noise,1.0,"{""sigma"": 1}",0896,47.8077,0.987639,0.265625,0.734375,0.125,0.875
robustness-20260918-025634-2cf93d,gaussian_noise,1.0,"{""sigma"": 1}",0897,47.7769,0.999565,0.171875,0.828125,0.0625,0.9375
robustness-20260918-025634-2cf93d,gaussian_noise,1.0,"{""sigma"": 1}",0898,47.764,0.98738,0.390625,0.609375,0.078125,0.921875
robustness-20260918-025634-2cf93d,gaussian_noise,1.0,"{""sigma"": 1}",0899,47.7821,0.995959,0.3125,0.6875,0.15625,0.84375
robustness-20260918-025634-2cf93d,gaussian_noise,1.0,"{""sigma"": 1}",0900,47.9907,0.995036,0.28125,0.71875,0.015625,0.984375
robustness-20260918-025634-2cf93d,gaussian_noise,2.0,"{""sigma"": 2}",0801,41.9917,0.993161,0.265625,0.734375,0.0625,0.9375
robustness-20260918-025634-2cf93d,gaussian_noise,2.0,"{""sigma"": 2}",0802,42.1557,0.989232,0.328125,0.671875,0.015625,0.984375
robustness-20260918-025634-2cf93d,gaussian_noise,2.0,"{""sigma"": 2}",0803,42.0267,0.982736,0.3125,0.6875,0.03125,0.96875
robustness-20260918-025634-2cf93d,gaussian_noise,2.0,"{""sigma"": 2}",0804,42.0088,0.990839,0.296875,0.703125,0.03125,0.96875
robustness-20260918-025634-2cf93d,gaussian_noise,2.0,"{""sigma"": 2}",0805,42.0929,0.991212,0.265625,0.734375,0.09375,0.90625
robustness-20260918-025634-2cf93d,gaussian_noise,2.0,"{""sigma"": 2}",0806,42.0726,0.979782,0.25,0.75,0.046875,0.953125
robustness-20260918-025634-2cf93d,gaussian_noise,2.0,"{""sigma"": 2}",0807,42.0267,0.988013,0.296875,0.703125,0.046875,0.953125
robustness-20260918-025634-2cf93d,gaussian_noise,2.0,"{""sigma"": 2}",0808,42.1045,0.968535,0.203125,0.796875,0.0625,0.9375
robustness-20260918-025634-2cf93d,gaussian_noise,2.0,"{""sigma"": 2}",0809,42.0208,0.989926,0.28125,0.71875,0.03125,0.96875
robustness-20260918-025634-2cf93d,gaussian_noise,2.0,"{""sigma"": 2}",0810,42.0229,0.98182,0.25,0.75,0.0625,0.9375
robustness-20260918-025634-2cf93d,gaussian_noise,2.0,"{""sigma"": 2}",0811,42.0226,0.983922,0.25,0.75,0.125,0.875
robustness-20260918-025634-2cf93d,gaussian_noise,2.0,"{""sigma"": 2}",0812,42.0153,0.98231,0.328125,0.671875,0.109375,0.890625
robustness-20260918-025634-2cf93d,gaussian_noise,2.0,"{""sigma"": 2}",0813,42.1196,0.980726,0.296875,0.703125,0.0625,0.9375
robustness-20260918-025634-2cf93d,gaussian_noise,2.0,"{""sigma"": 2}",0814,42.0286,0.958297,0.3125,0.6875,0.125,0.875
robustness-20260918-025634-2cf93d,gaussian_noise,2.0,"{""sigma"": 2}",0815,42.0256,0.990695,0.25,0.75,0.0625,0.9375
robustness-20260918-025634-2cf93d,gaussian_noise,2.0,"{""sigma"": 2}",0816,42.0972,0.98013,0.34375,0.65625,0.046875,0.953125
robustness-20260918-025634-2cf93d,gaussian_noise,2.0,"{""sigma"": 2}",0817,42.0125,0.981295,0.1875,0.8125,0.125,0.875
robustness-20260918-025634-2cf93d,gaussian_noise,2.0,"{""sigma"": 2}",0818,42.1075,0.979726,0.25,0.75,0.09375,0.90625
robustness-20260918-025634-2cf93d,gaussian_noise,2.0,"{""sigma"": 2}",0819,42.0163,0.990638,0.234375,0.765625,0.03125,0.96875
robustness-20260918-025634-2cf93d,gaussian_noise,2.0,"{""sigma"": 2}",0820,42.1222,0.993515,0.21875,0.78125,0.09375,0.90625
robustness-20260918-025634-2cf93d,gaussian_noise,2.0,"{""sigma"": 2}",0821,42.1568,0.995521,0.3125,0.6875,0.03125,0.96875
robustness-20260918-025634-2cf93d,gaussian_noise,2.0,"{""sigma"": 2}",0822,42.0258,0.993656,0.3125,0.6875,0.140625,0.859375
robustness-20260918-025634-2cf93d,gaussian_noise,2.0,"{""sigma"": 2}",0823,42.1426,0.971394,0.25,0.75,0.109375,0.890625
robustness-20260918-025634-2cf93d,gaussian_noise,2.0,"{""sigma"": 2}",0824,42.0212,0.98045,0.25,0.75,0.0625,0.9375
robustness-20260918-025634-2cf93d,gaussian_noise,2.0,"{""sigma"": 2}",0825,42.038,0.99266,0.15625,0.84375,0.078125,0.921875
robustness-20260918-025634-2cf93d,gaussian_noise,2.0,"{""sigma"": 2}",0826,42.138,0.980451,0.25,0.75,0.0625,0.9375
robustness-20260918-025634-2cf93d,gaussian_noise,2.0,"{""sigma"": 2}",0827,42.0212,0.968757,0.265625,0.734375,0.296875,0.703125
robustness-20260918-025634-2cf93d,gaussian_noise,2.0,"{""sigma"": 2}",0828,42.4577,0.981635,0.234375,0.765625,0.09375,0.90625
robustness-20260918-025634-2cf93d,gaussian_noise,2.0,"{""sigma"": 2}",0829,42.0395,0.979384,0.328125,0.671875,0.0625,0.9375
robustness-20260918-025634-2cf93d,gaussian_noise,2.0,"{""sigma"": 2}",0830,42.0198,0.975398,0.34375,0.65625,0.140625,0.859375
robustness-20260918-025634-2cf93d,gaussian_noise,2.0,"{""sigma"": 2}",0831,42.0313,0.989413,0.34375,0.65625,0.015625,0.984375
robustness-20260918-025634-2cf93d,gaussian_noise,2.0,"{""sigma"": 2}",0832,42.0682,0.987857,0.21875,0.78125,0.03125,0.96875
robustness-20260918-025634-2cf93d,gaussian_noise,2.0,"{""sigma"": 2}",0833,42.0198,0.969408,0.234375,0.765625,0.15625,0.84375
robustness-20260918-025634-2cf93d,gaussian_noise,2.0,"{""sigma"": 2}",0834,42.4298,0.982621,0.25,0.75,0.125,0.875
robustness-20260918-025634-2cf93d,gaussian_noise,2.0,"{""sigma"": 2}",0835,42.0501,0.991411,0.234375,0.765625,0.0625,0.9375
robustness-20260918-025634-2cf93d,gaussian_noise,2.0,"{""sigma"": 2}",0836,41.9995,0.981347,0.28125,0.71875,0.15625,0.84375
robustness-20260918-025634-2cf93d,gaussian_noise,2.0,"{""sigma"": 2}",0837,42.0526,0.993704,0.1875,0.8125,0.125,0.875
robustness-20260918-025634-2cf93d,gaussian_noise,2.0,"{""sigma"": 2}",0838,42.0492,0.97588,0.3125,0.6875,0.15625,0.84375
robustness-20260918-025634-2cf93d,gaussian_noise,2.0,"{""sigma"": 2}",0839,42.9945,0.956357,0.265625,0.734375,0.015625,0.984375
robustness-20260918-025634-2cf93d,gaussian_noise,2.0,"{""sigma"": 2}",0840,42.0478,0.994074,0.234375,0.765625,0.0625,0.9375
robustness-20260918-025634-2cf93d,gaussian_noise,2.0,"{""sigma"": 2}",0841,42.0202,0.979126,0.25,0.75,0.078125,0.921875
robustness-20260918-025634-2cf93d,gaussian_noise,2.0,"{""sigma"": 2}",0842,42.0015,0.981536,0.328125,0.671875,0.046875,0.953125
robustness-20260918-025634-2cf93d,gaussian_noise,2.0,"{""sigma"": 2}",0843,42.0258,0.947499,0.421875,0.578125,0.3125,0.6875
robustness-20260918-025634-2cf93d,gaussian_noise,2.0,"{""sigma"": 2}",0844,42.0162,0.958672,0.3125,0.6875,0.109375,0.890625
robustness-20260918-025634-2cf93d,gaussian_noise,2.0,"{""sigma"": 2}",0845,42.0197,0.975028,0.3125,0.6875,0.0,1.0
robustness-20260918-025634-2cf93d,gaussian_noise,2.0,"{""sigma"": 2}",0846,42.1432,0.980136,0.328125,0.671875,0.015625,0.984375
robustness-20260918-025634-2cf93d,gaussian_noise,2.0,"{""sigma"": 2}",0847,42.1856,0.988416,0.3125,0.6875,0.03125,0.96875
robustness-20260918-025634-2cf93d,gaussian_noise,2.0,"{""sigma"": 2}",0848,42.0596,0.986064,0.25,0.75,0.046875,0.953125
robustness-20260918-025634-2cf93d,gaussian_noise,2.0,"{""sigma"": 2}",0849,42.0438,0.996666,0.3125,0.6875,0.0625,0.9375
robustness-20260918-025634-2cf93d,gaussian_noise,2.0,"{""sigma"": 2}",0850,42.0354,0.983853,0.203125,0.796875,0.03125,0.96875
robustness-20260918-025634-2cf93d,gaussian_noise,2.0,"{""sigma"": 2}",0851,42.4068,0.963819,0.171875,0.828125,0.078125,0.921875
robustness-20260918-025634-2cf93d,gaussian_noise,2.0,"{""sigma"": 2}",0852,42.8436,0.961918,0.3125,0.6875,0.109375,0.890625
robustness-20260918-025634-2cf93d,gaussian_noise,2.0,"{""sigma"": 2}",0853,42.015,0.964959,0.265625,0.734375,0.046875,0.953125
robustness-20260918-025634-2cf93d,gaussian_noise,2.0,"{""sigma"": 2}",0854,41.9895,0.981289,0.203125,0.796875,0.140625,0.859375
robustness-20260918-025634-2cf93d,gaussian_noise,2.0,"{""sigma"": 2}",0855,42.0499,0.979237,0.265625,0.734375,0.078125,0.921875
robustness-20260918-025634-2cf93d,gaussian_noise,2.0,"{""sigma"": 2}",0856,42.0034,0.984245,0.296875,0.703125,0.21875,0.78125
robustness-20260918-025634-2cf93d,gaussian_noise,2.0,"{""sigma"": 2}",0857,42.0142,0.974005,0.265625,0.734375,0.140625,0.859375
robustness-20260918-025634-2cf93d,gaussian_noise,2.0,"{""sigma"": 2}",0858,42.1698,0.983677,0.296875,0.703125,0.03125,0.96875
robustness-20260918-025634-2cf93d,gaussian_noise,2.0,"{""sigma"": 2}",0859,42.0433,0.989262,0.296875,0.703125,0.09375,0.90625
robustness-20260918-025634-2cf93d,gaussian_noise,2.0,"{""sigma"": 2}",0860,42.0324,0.995278,0.296875,0.703125,0.046875,0.953125
robustness-20260918-025634-2cf93d,gaussian_noise,2.0,"{""sigma"": 2}",0861,42.0409,0.98273,0.328125,0.671875,0.125,0.875
robustness-20260918-025634-2cf93d,gaussian_noise,2.0,"{""sigma"": 2}",0862,42.0169,0.963228,0.25,0.75,0.234375,0.765625
robustness-20260918-025634-2cf93d,gaussian_noise,2.0,"{""sigma"": 2}",0863,42.0312,0.974631,0.25,0.75,0.09375,0.90625
robustness-20260918-025634-2cf93d,gaussian_noise,2.0,"{""sigma"": 2}",0864,42.0041,0.989816,0.265625,0.734375,0.078125,0.921875
robustness-20260918-025634-2cf93d,gaussian_noise,2.0,"{""sigma"": 2}",0865,42.0226,0.984016,0.25,0.75,0.09375,0.90625
robustness-20260918-025634-2cf93d,gaussian_noise,2.0,"{""sigma"": 2}",0866,42.0303,0.992504,0.171875,0.828125,0.15625,0.84375
robustness-20260918-025634-2cf93d,gaussian_noise,2.0,"{""sigma"": 2}",0867,42.0166,0.993042,0.25,0.75,0.109375,0.890625
robustness-20260918-025634-2cf93d,gaussian_noise,2.0,"{""sigma"": 2}",0868,42.0166,0.948868,0.421875,0.578125,0.140625,0.859375
robustness-20260918-025634-2cf93d,gaussian_noise,2.0,"{""sigma"": 2}",0869,42.0428,0.979643,0.203125,0.796875,0.125,0.875
robustness-20260918-025634-2cf93d,gaussian_noise,2.0,"{""sigma"": 2}",0870,42.0144,0.995303,0.203125,0.796875,0.0625,0.9375
robustness-20260918-025634-2cf93d,gaussian_noise,2.0,"{""sigma"": 2}",0871,42.0313,0.989255,0.25,0.75,0.09375,0.90625
robustness-20260918-025634-2cf93d,gaussian_noise,2.0,"{""sigma"": 2}",0872,42.0207,0.993167,0.25,0.75,0.09375,0.90625
robustness-20260918-025634-2cf93d,gaussian_noise,2.0,"{""sigma"": 2}",0873,41.9763,0.984789,0.3125,0.6875,0.046875,0.953125
robustness-20260918-025634-2cf93d,gaussian_noise,2.0,"{""sigma"": 2}",0874,42.0324,0.982012,0.1875,0.8125,0.140625,0.859375
robustness-20260918-025634-2cf93d,gaussian_noise,2.0,"{""sigma"": 2}",0875,42.0322,0.995783,0.21875,0.78125,0.015625,0.984375
robustness-20260918-025634-2cf93d,gaussian_noise,2.0,"{""sigma"": 2}",0876,42.0908,0.989608,0.328125,0.671875,0.078125,0.921875
robustness-20260918-025634-2cf93d,gaussian_noise,2.0,"{""sigma"": 2}",0877,42.0215,0.96992,0.15625,0.84375,0.125,0.875
robustness-20260918-025634-2cf93d,gaussian_noise,2.0,"{""sigma"": 2}",0878,42.0142,0.990273,0.25,0.75,0.125,0.875
robustness-20260918-025634-2cf93d,gaussian_noise,2.0,"{""sigma"": 2}",0879,42.0333,0.967711,0.328125,0.671875,0.078125,0.921875
robustness-20260918-025634-2cf93d,gaussian_noise,2.0,"{""sigma"": 2}",0880,42.0356,0.967638,0.234375,0.765625,0.109375,0.890625
robustness-20260918-025634-2cf93d,gaussian_noise,2.0,"{""sigma"": 2}",0881,42.0173,0.974161,0.234375,0.765625,0.046875,0.953125
robustness-20260918-025634-2cf93d,gaussian_noise,2.0,"{""sigma"": 2}",0882,42.0542,0.986727,0.265625,0.734375,0.03125,0.96875
robustness-20260918-025634-2cf93d,gaussian_noise,2.0,"{""sigma"": 2}",0883,42.0293,0.989785,0.171875,0.828125,0.0625,0.9375
robustness-20260918-025634-2cf93d,gaussian_noise,2.0,"{""sigma"": 2}",0884,42.0533,0.993238,0.21875,0.78125,0.078125,0.921875
robustness-20260918-025634-2cf93d,gaussian_noise,2.0,"{""sigma"": 2}",0885,42.0164,0.986148,0.265625,0.734375,0.171875,0.828125
robustness-20260918-025634-2cf93d,gaussian_noise,2.0,"{""sigma"": 2}",0886,42.0919,0.97457,0.3125,0.6875,0.078125,0.921875
robustness-20260918-025634-2cf93d,gaussian_noise,2.0,"{""sigma"": 2}",0887,42.0404,0.974735,0.171875,0.828125,0.09375,0.90625
robustness-20260918-025634-2cf93d,gaussian_noise,2.0,"{""sigma"": 2}",0888,42.0439,0.992125,0.171875,0.828125,0.03125,0.96875
robustness-20260918-025634-2cf93d,gaussian_noise,2.0,"{""sigma"": 2}",0889,42.098,0.99621,0.125,0.875,0.046875,0.953125
robustness-20260918-025634-2cf93d,gaussian_noise,2.0,"{""sigma"": 2}",0890,42.0231,0.968879,0.15625,0.84375,0.109375,0.890625
robustness-20260918-025634-2cf93d,gaussian_noise,2.0,"{""sigma"": 2}",0891,42.0303,0.992663,0.21875,0.78125,0.046875,0.953125
robustness-20260918-025634-2cf93d,gaussian_noise,2.0,"{""sigma"": 2}",0892,42.0461,0.99521,0.25,0.75,0.046875,0.953125
robustness-20260918-025634-2cf93d,gaussian_noise,2.0,"{""sigma"": 2}",0893,42.0034,0.97818,0.1875,0.8125,0.046875,0.953125
robustness-20260918-025634-2cf93d,gaussian_noise,2.0,"{""sigma"": 2}",0894,42.0394,0.975569,0.203125,0.796875,0.125,0.875
robustness-20260918-025634-2cf93d,gaussian_noise,2.0,"{""sigma"": 2}",0895,42.041,0.990684,0.265625,0.734375,0.125,0.875
robustness-20260918-025634-2cf93d,gaussian_noise,2.0,"{""sigma"": 2}",0896,42.0669,0.95588,0.25,0.75,0.109375,0.890625
robustness-20260918-025634-2cf93d,gaussian_noise,2.0,"{""sigma"": 2}",0897,42.0216,0.998365,0.15625,0.84375,0.0625,0.9375
robustness-20260918-025634-2cf93d,gaussian_noise,2.0,"{""sigma"": 2}",0898,41.9992,0.954571,0.421875,0.578125,0.140625,0.859375
robustness-20260918-025634-2cf93d,gaussian_noise,2.0,"{""sigma"": 2}",0899,42.0205,0.985216,0.296875,0.703125,0.15625,0.84375
robustness-20260918-025634-2cf93d,gaussian_noise,2.0,"{""sigma"": 2}",0900,42.3079,0.982161,0.3125,0.6875,0.0625,0.9375
robustness-20260918-025634-2cf93d,gaussian_noise,5.0,"{""sigma"": 5}",0801,34.1164,0.961558,0.296875,0.703125,0.125,0.875
robustness-20260918-025634-2cf93d,gaussian_noise,5.0,"{""sigma"": 5}",0802,34.475,0.94683,0.3125,0.6875,0.140625,0.859375
robustness-20260918-025634-2cf93d,gaussian_noise,5.0,"{""sigma"": 5}",0803,34.1759,0.910394,0.3125,0.6875,0.234375,0.765625
robustness-20260918-025634-2cf93d,gaussian_noise,5.0,"{""sigma"": 5}",0804,34.1378,0.951285,0.328125,0.671875,0.125,0.875
robustness-20260918-025634-2cf93d,gaussian_noise,5.0,"{""sigma"": 5}",0805,34.2486,0.950886,0.328125,0.671875,0.1875,0.8125
robustness-20260918-025634-2cf93d,gaussian_noise,5.0,"{""sigma"": 5}",0806,34.2188,0.896644,0.28125,0.71875,0.171875,0.828125
robustness-20260918-025634-2cf93d,gaussian_noise,5.0,"{""sigma"": 5}",0807,34.1828,0.937075,0.34375,0.65625,0.15625,0.84375
robustness-20260918-025634-2cf93d,gaussian_noise,5.0,"{""sigma"": 5}",0808,34.3238,0.851037,0.28125,0.71875,0.21875,0.78125
robustness-20260918-025634-2cf93d,gaussian_noise,5.0,"{""sigma"": 5}",0809,34.1379,0.942931,0.265625,0.734375,0.171875,0.828125
robustness-20260918-025634-2cf93d,gaussian_noise,5.0,"{""sigma"": 5}",0810,34.1426,0.904736,0.359375,0.640625,0.28125,0.71875
robustness-20260918-025634-2cf93d,gaussian_noise,5.0,"{""sigma"": 5}",0811,34.1686,0.914981,0.3125,0.6875,0.203125,0.796875
robustness-20260918-025634-2cf93d,gaussian_noise,5.0,"{""sigma"": 5}",0812,34.1321,0.911354,0.328125,0.671875,0.140625,0.859375
robustness-20260918-025634-2cf93d,gaussian_noise,5.0,"{""sigma"": 5}",0813,34.2927,0.904954,0.375,0.625,0.15625,0.84375
robustness-20260918-025634-2cf93d,gaussian_noise,5.0,"{""sigma"": 5}",0814,34.1419,0.804878,0.375,0.625,0.1875,0.8125
robustness-20260918-025634-2cf93d,gaussian_noise,5.0,"{""sigma"": 5}",0815,34.1524,0.948167,0.359375,0.640625,0.15625,0.84375
robustness-20260918-025634-2cf93d,gaussian_noise,5.0,"{""sigma"": 5}",0816,34.2243,0.899748,0.359375,0.640625,0.25,0.75
robustness-20260918-025634-2cf93d,gaussian_noise,5.0,"{""sigma"": 5}",0817,34.1241,0.907518,0.25,0.75,0.140625,0.859375
robustness-20260918-025634-2cf93d,gaussian_noise,5.0,"{""sigma"": 5}",0818,34.2837,0.900938,0.265625,0.734375,0.15625,0.84375
robustness-20260918-025634-2cf93d,gaussian_noise,5.0,"{""sigma"": 5}",0819,34.1464,0.948893,0.265625,0.734375,0.25,0.75
robustness-20260918-025634-2cf93d,gaussian_noise,5.0,"{""sigma"": 5}",0820,34.287,0.964707,0.1875,0.8125,0.109375,0.890625
robustness-20260918-025634-2cf93d,gaussian_noise,5.0,"{""sigma"": 5}",0821,34.33,0.977101,0.3125,0.6875,0.03125,0.96875
robustness-20260918-025634-2cf93d,gaussian_noise,5.0,"{""sigma"": 5}",0822,34.1745,0.963765,0.328125,0.671875,0.171875,0.828125
robustness-20260918-025634-2cf93d,gaussian_noise,5.0,"{""sigma"": 5}",0823,34.2902,0.864718,0.265625,0.734375,0.171875,0.828125
robustness-20260918-025634-2cf93d,gaussian_noise,5.0,"{""sigma"": 5}",0824,34.1366,0.901535,0.234375,0.765625,0.09375,0.90625
robustness-20260918-025634-2cf93d,gaussian_noise,5.0,"{""sigma"": 5}",0825,34.1621,0.959958,0.171875,0.828125,0.140625,0.859375
robustness-20260918-025634-2cf93d,gaussian_noise,5.0,"{""sigma"": 5}",0826,34.2874,0.902812,0.390625,0.609375,0.1875,0.8125
robustness-20260918-025634-2cf93d,gaussian_noise,5.0,"{""sigma"": 5}",0827,34.1521,0.843322,0.375,0.625,0.328125,0.671875
robustness-20260918-025634-2cf93d,gaussian_noise,5.0,"{""sigma"": 5}",0828,34.6439,0.914074,0.28125,0.71875,0.265625,0.734375
robustness-20260918-025634-2cf93d,gaussian_noise,5.0,"{""sigma"": 5}",0829,34.1528,0.893524,0.375,0.625,0.21875,0.78125
robustness-20260918-025634-2cf93d,gaussian_noise,5.0,"{""sigma"": 5}",0830,34.1467,0.877642,0.4375,0.5625,0.265625,0.734375
robustness-20260918-025634-2cf93d,gaussian_noise,5.0,"{""sigma"": 5}",0831,34.2167,0.944405,0.375,0.625,0.09375,0.90625
robustness-20260918-025634-2cf93d,gaussian_noise,5.0,"{""sigma"": 5}",0832,34.2109,0.936707,0.25,0.75,0.078125,0.921875
robustness-20260918-025634-2cf93d,gaussian_noise,5.0,"{""sigma"": 5}",0833,34.1491,0.8537,0.265625,0.734375,0.21875,0.78125
robustness-20260918-025634-2cf93d,gaussian_noise,5.0,"{""sigma"": 5}",0834,34.5877,0.911652,0.265625,0.734375,0.171875,0.828125
robustness-20260918-025634-2cf93d,gaussian_noise,5.0,"{""sigma"": 5}",0835,34.2119,0.952855,0.3125,0.6875,0.1875,0.8125
robustness-20260918-025634-2cf93d,gaussian_noise,5.0,"{""sigma"": 5}",0836,34.1441,0.91018,0.34375,0.65625,0.265625,0.734375
robustness-20260918-025634-2cf93d,gaussian_noise,5.0,"{""sigma"": 5}",0837,34.2113,0.966116,0.1875,0.8125,0.140625,0.859375
robustness-20260918-025634-2cf93d,gaussian_noise,5.0,"{""sigma"": 5}",0838,34.1968,0.879322,0.375,0.625,0.328125,0.671875
robustness-20260918-025634-2cf93d,gaussian_noise,5.0,"{""sigma"": 5}",0839,35.1393,0.813027,0.296875,0.703125,0.15625,0.84375
robustness-20260918-025634-2cf93d,gaussian_noise,5.0,"{""sigma"": 5}",0840,34.1925,0.965993,0.34375,0.65625,0.0625,0.9375
robustness-20260918-025634-2cf93d,gaussian_noise,5.0,"{""sigma"": 5}",0841,34.1384,0.894561,0.296875,0.703125,0.1875,0.8125
robustness-20260918-025634-2cf93d,gaussian_noise,5.0,"{""sigma"": 5}",0842,34.1259,0.905106,0.40625,0.59375,0.125,0.875
robustness-20260918-025634-2cf93d,gaussian_noise,5.0,"{""sigma"": 5}",0843,34.1475,0.75889,0.375,0.625,0.390625,0.609375
robustness-20260918-025634-2cf93d,gaussian_noise,5.0,"{""sigma"": 5}",0844,34.2566,0.808027,0.328125,0.671875,0.296875,0.703125
robustness-20260918-025634-2cf93d,gaussian_noise,5.0,"{""sigma"": 5}",0845,34.204,0.882831,0.328125,0.671875,0.109375,0.890625
robustness-20260918-025634-2cf93d,gaussian_noise,5.0,"{""sigma"": 5}",0846,34.5378,0.915027,0.359375,0.640625,0.09375,0.90625
robustness-20260918-025634-2cf93d,gaussian_noise,5.0,"{""sigma"": 5}",0847,34.3753,0.941332,0.3125,0.6875,0.09375,0.90625
robustness-20260918-025634-2cf93d,gaussian_noise,5.0,"{""sigma"": 5}",0848,34.2514,0.929511,0.1875,0.8125,0.046875,0.953125
robustness-20260918-025634-2cf93d,gaussian_noise,5.0,"{""sigma"": 5}",0849,34.1922,0.981029,0.328125,0.671875,0.078125,0.921875
robustness-20260918-025634-2cf93d,gaussian_noise,5.0,"{""sigma"": 5}",0850,34.1779,0.916808,0.25,0.75,0.109375,0.890625
robustness-20260918-025634-2cf93d,gaussian_noise,5.0,"{""sigma"": 5}",0851,34.5917,0.831884,0.234375,0.765625,0.171875,0.828125
robustness-20260918-025634-2cf93d,gaussian_noise,5.0,"{""sigma"": 5}",0852,35.3253,0.824589,0.421875,0.578125,0.375,0.625
robustness-20260918-025634-2cf93d,gaussian_noise,5.0,"{""sigma"": 5}",0853,34.1903,0.83501,0.25,0.75,0.28125,0.71875
robustness-20260918-025634-2cf93d,gaussian_noise,5.0,"{""sigma"": 5}",0854,34.1083,0.907801,0.25,0.75,0.234375,0.765625
robustness-20260918-025634-2cf93d,gaussian_noise,5.0,"{""sigma"": 5}",0855,34.1858,0.893674,0.359375,0.640625,0.359375,0.640625
robustness-20260918-025634-2cf93d,gaussian_noise,5.0,"{""sigma"": 5}",0856,34.12,0.91619,0.40625,0.59375,0.296875,0.703125
robustness-20260918-025634-2cf93d,gaussian_noise,5.0,"{""sigma"": 5}",0857,34.1297,0.866548,0.4375,0.5625,0.25,0.75
robustness-20260918-025634-2cf93d,gaussian_noise,5.0,"{""sigma"": 5}",0858,34.4981,0.918268,0.34375,0.65625,0.109375,0.890625
robustness-20260918-025634-2cf93d,gaussian_noise,5.0,"{""sigma"": 5}",0859,34.1631,0.942042,0.359375,0.640625,0.15625,0.84375
robustness-20260918-025634-2cf93d,gaussian_noise,5.0,"{""sigma"": 5}",0860,34.172,0.973019,0.375,0.625,0.109375,0.890625
robustness-20260918-025634-2cf93d,gaussian_noise,5.0,"{""sigma"": 5}",0861,34.4359,0.919595,0.359375,0.640625,0.1875,0.8125
robustness-20260918-025634-2cf93d,gaussian_noise,5.0,"{""sigma"": 5}",0862,34.1319,0.820659,0.28125,0.71875,0.375,0.625
robustness-20260918-025634-2cf93d,gaussian_noise,5.0,"{""sigma"": 5}",0863,34.1641,0.877386,0.265625,0.734375,0.21875,0.78125
robustness-20260918-025634-2cf93d,gaussian_noise,5.0,"{""sigma"": 5}",0864,34.1274,0.943648,0.296875,0.703125,0.1875,0.8125
robustness-20260918-025634-2cf93d,gaussian_noise,5.0,"{""sigma"": 5}",0865,34.1423,0.9167,0.296875,0.703125,0.328125,0.671875
robustness-20260918-025634-2cf93d,gaussian_noise,5.0,"{""sigma"": 5}",0866,34.15,0.959445,0.25,0.75,0.21875,0.78125
robustness-20260918-025634-2cf93d,gaussian_noise,5.0,"{""sigma"": 5}",0867,34.1363,0.962031,0.296875,0.703125,0.21875,0.78125
robustness-20260918-025634-2cf93d,gaussian_noise,5.0,"{""sigma"": 5}",0868,34.1309,0.764889,0.46875,0.53125,0.234375,0.765625
robustness-20260918-025634-2cf93d,gaussian_noise,5.0,"{""sigma"": 5}",0869,34.1614,0.89904,0.25,0.75,0.3125,0.6875
robustness-20260918-025634-2cf93d,gaussian_noise,5.0,"{""sigma"": 5}",0870,34.1385,0.972586,0.234375,0.765625,0.078125,0.921875
robustness-20260918-025634-2cf93d,gaussian_noise,5.0,"{""sigma"": 5}",0871,34.1498,0.942803,0.265625,0.734375,0.15625,0.84375
robustness-20260918-025634-2cf93d,gaussian_noise,5.0,"{""sigma"": 5}",0872,34.1381,0.961896,0.328125,0.671875,0.171875,0.828125
robustness-20260918-025634-2cf93d,gaussian_noise,5.0,"{""sigma"": 5}",0873,34.1108,0.923893,0.328125,0.671875,0.203125,0.796875
robustness-20260918-025634-2cf93d,gaussian_noise,5.0,"{""sigma"": 5}",0874,34.2109,0.90863,0.234375,0.765625,0.25,0.75
robustness-20260918-025634-2cf93d,gaussian_noise,5.0,"{""sigma"": 5}",0875,34.1789,0.975748,0.234375,0.765625,0.078125,0.921875
robustness-20260918-025634-2cf93d,gaussian_noise,5.0,"{""sigma"": 5}",0876,34.3283,0.944007,0.375,0.625,0.1875,0.8125
robustness-20260918-025634-2cf93d,gaussian_noise,5.0,"{""sigma"": 5}",0877,34.1379,0.851542,0.1875,0.8125,0.1875,0.8125
robustness-20260918-025634-2cf93d,gaussian_noise,5.0,"{""sigma"": 5}",0878,34.1244,0.94801,0.296875,0.703125,0.15625,0.84375
robustness-20260918-025634-2cf93d,gaussian_noise,5.0,"{""sigma"": 5}",0879,34.1549,0.848013,0.3125,0.6875,0.328125,0.671875
robustness-20260918-025634-2cf93d,gaussian_noise,5.0,"{""sigma"": 5}",0880,34.155,0.845166,0.171875,0.828125,0.21875,0.78125
robustness-20260918-025634-2cf93d,gaussian_noise,5.0,"{""sigma"": 5}",0881,34.1379,0.870456,0.265625,0.734375,0.203125,0.796875
robustness-20260918-025634-2cf93d,gaussian_noise,5.0,"{""sigma"": 5}",0882,34.1926,0.932003,0.296875,0.703125,0.0625,0.9375
robustness-20260918-025634-2cf93d,gaussian_noise,5.0,"{""sigma"": 5}",0883,34.1558,0.947307,0.234375,0.765625,0.171875,0.828125
robustness-20260918-025634-2cf93d,gaussian_noise,5.0,"{""sigma"": 5}",0884,34.1992,0.962056,0.296875,0.703125,0.140625,0.859375
robustness-20260918-025634-2cf93d,gaussian_noise,5.0,"{""sigma"": 5}",0885,34.1356,0.92637,0.328125,0.671875,0.203125,0.796875
robustness-20260918-025634-2cf93d,gaussian_noise,5.0,"{""sigma"": 5}",0886,34.241,0.871148,0.453125,0.546875,0.171875,0.828125
robustness-20260918-025634-2cf93d,gaussian_noise,5.0,"{""sigma"": 5}",0887,34.2027,0.877388,0.234375,0.765625,0.203125,0.796875
robustness-20260918-025634-2cf93d,gaussian_noise,5.0,"{""sigma"": 5}",0888,34.2114,0.958335,0.25,0.75,0.0625,0.9375
robustness-20260918-025634-2cf93d,gaussian_noise,5.0,"{""sigma"": 5}",0889,34.2702,0.978448,0.15625,0.84375,0.046875,0.953125
robustness-20260918-025634-2cf93d,gaussian_noise,5.0,"{""sigma"": 5}",0890,34.1435,0.851325,0.15625,0.84375,0.234375,0.765625
robustness-20260918-025634-2cf93d,gaussian_noise,5.0,"{""sigma"": 5}",0891,34.1631,0.961236,0.1875,0.8125,0.125,0.875
robustness-20260918-025634-2cf93d,gaussian_noise,5.0,"{""sigma"": 5}",0892,34.1801,0.972968,0.28125,0.71875,0.0625,0.9375
robustness-20260918-025634-2cf93d,gaussian_noise,5.0,"{""sigma"": 5}",0893,34.1216,0.89064,0.25,0.75,0.15625,0.84375
robustness-20260918-025634-2cf93d,gaussian_noise,5.0,"{""sigma"": 5}",0894,34.1726,0.876642,0.234375,0.765625,0.203125,0.796875
robustness-20260918-025634-2cf93d,gaussian_noise,5.0,"{""sigma"": 5}",0895,34.1576,0.948816,0.328125,0.671875,0.171875,0.828125
robustness-20260918-025634-2cf93d,gaussian_noise,5.0,"{""sigma"": 5}",0896,34.3068,0.799711,0.25,0.75,0.21875,0.78125
robustness-20260918-025634-2cf93d,gaussian_noise,5.0,"{""sigma"": 5}",0897,34.1838,0.990256,0.15625,0.84375,0.0625,0.9375
robustness-20260918-025634-2cf93d,gaussian_noise,5.0,"{""sigma"": 5}",0898,34.1186,0.788759,0.46875,0.53125,0.34375,0.65625
robustness-20260918-025634-2cf93d,gaussian_noise,5.0,"{""sigma"": 5}",0899,34.1413,0.924331,0.28125,0.71875,0.1875,0.8125
robustness-20260918-025634-2cf93d,gaussian_noise,5.0,"{""sigma"": 5}",0900,34.6786,0.915909,0.3125,0.6875,0.09375,0.90625
robustness-20260918-025634-2cf93d,gaussian_noise,10.0,"{""sigma"": 10}",0801,28.1215,0.876132,0.359375,0.640625,0.21875,0.78125
robustness-20260918-025634-2cf93d,gaussian_noise,10.0,"{""sigma"": 10}",0802,28.6789,0.851816,0.375,0.625,0.21875,0.78125
robustness-20260918-025634-2cf93d,gaussian_noise,10.0,"{""sigma"": 10}",0803,28.2,0.754599,0.390625,0.609375,0.328125,0.671875
robustness-20260918-025634-2cf93d,gaussian_noise,10.0,"{""sigma"": 10}",0804,28.1699,0.859585,0.390625,0.609375,0.25,0.75
robustness-20260918-025634-2cf93d,gaussian_noise,10.0,"{""sigma"": 10}",0805,28.2847,0.843441,0.328125,0.671875,0.28125,0.71875
robustness-20260918-025634-2cf93d,gaussian_noise,10.0,"{""sigma"": 10}",0806,28.2426,0.729265,0.328125,0.671875,0.296875,0.703125
robustness-20260918-025634-2cf93d,gaussian_noise,10.0,"{""sigma"": 10}",0807,28.2493,0.821676,0.359375,0.640625,0.3125,0.6875
robustness-20260918-025634-2cf93d,gaussian_noise,10.0,"{""sigma"": 10}",0808,28.4438,0.64896,0.265625,0.734375,0.359375,0.640625
robustness-20260918-025634-2cf93d,gaussian_noise,10.0,"{""sigma"": 10}",0809,28.1288,0.817897,0.3125,0.6875,0.34375,0.65625
robustness-20260918-025634-2cf93d,gaussian_noise,10.0,"{""sigma"": 10}",0810,28.1437,0.739444,0.46875,0.53125,0.421875,0.578125
robustness-20260918-025634-2cf93d,gaussian_noise,10.0,"{""sigma"": 10}",0811,28.269,0.763448,0.3125,0.6875,0.34375,0.65625
robustness-20260918-025634-2cf93d,gaussian_noise,10.0,"{""sigma"": 10}",0812,28.1427,0.774323,0.34375,0.65625,0.265625,0.734375
robustness-20260918-025634-2cf93d,gaussian_noise,10.0,"{""sigma"": 10}",0813,28.3722,0.763442,0.4375,0.5625,0.265625,0.734375
robustness-20260918-025634-2cf93d,gaussian_noise,10.0,"{""sigma"": 10}",0814,28.1373,0.568659,0.453125,0.546875,0.25,0.75
robustness-20260918-025634-2cf93d,gaussian_noise,10.0,"{""sigma"": 10}",0815,28.1697,0.838132,0.515625,0.484375,0.40625,0.59375
robustness-20260918-025634-2cf93d,gaussian_noise,10.0,"{""sigma"": 10}",0816,28.2538,0.741025,0.328125,0.671875,0.34375,0.65625
robustness-20260918-025634-2cf93d,gaussian_noise,10.0,"{""sigma"": 10}",0817,28.1471,0.769734,0.296875,0.703125,0.359375,0.640625
robustness-20260918-025634-2cf93d,gaussian_noise,10.0,"{""sigma"": 10}",0818,28.3673,0.758908,0.265625,0.734375,0.25,0.75
robustness-20260918-025634-2cf93d,gaussian_noise,10.0,"{""sigma"": 10}",0819,28.1647,0.844849,0.296875,0.703125,0.328125,0.671875
robustness-20260918-025634-2cf93d,gaussian_noise,10.0,"{""sigma"": 10}",0820,28.3582,0.891992,0.28125,0.71875,0.28125,0.71875
robustness-20260918-025634-2cf93d,gaussian_noise,10.0,"{""sigma"": 10}",0821,28.4246,0.936408,0.296875,0.703125,0.0625,0.9375
robustness-20260918-025634-2cf93d,gaussian_noise,10.0,"{""sigma"": 10}",0822,28.2485,0.880154,0.390625,0.609375,0.25,0.75
robustness-20260918-025634-2cf93d,gaussian_noise,10.0,"{""sigma"": 10}",0823,28.3199,0.692394,0.34375,0.65625,0.3125,0.6875
robustness-20260918-025634-2cf93d,gaussian_noise,10.0,"{""sigma"": 10}",0824,28.139,0.751726,0.28125,0.71875,0.265625,0.734375
robustness-20260918-025634-2cf93d,gaussian_noise,10.0,"{""sigma"": 10}",0825,28.1839,0.879592,0.265625,0.734375,0.203125,0.796875
robustness-20260918-025634-2cf93d,gaussian_noise,10.0,"{""sigma"": 10}",0826,28.3485,0.755082,0.40625,0.59375,0.28125,0.71875
robustness-20260918-025634-2cf93d,gaussian_noise,10.0,"{""sigma"": 10}",0827,28.297,0.615051,0.390625,0.609375,0.4375,0.5625
robustness-20260918-025634-2cf93d,gaussian_noise,10.0,"{""sigma"": 10}",0828,28.7256,0.795614,0.4375,0.5625,0.40625,0.59375
robustness-20260918-025634-2cf93d,gaussian_noise,10.0,"{""sigma"": 10}",0829,28.1658,0.718892,0.4375,0.5625,0.34375,0.65625
robustness-20260918-025634-2cf93d,gaussian_noise,10.0,"{""sigma"": 10}",0830,28.1443,0.694918,0.515625,0.484375,0.375,0.625
robustness-20260918-025634-2cf93d,gaussian_noise,10.0,"{""sigma"": 10}",0831,28.3088,0.839594,0.40625,0.59375,0.171875,0.828125
robustness-20260918-025634-2cf93d,gaussian_noise,10.0,"{""sigma"": 10}",0832,28.2631,0.825071,0.375,0.625,0.265625,0.734375
robustness-20260918-025634-2cf93d,gaussian_noise,10.0,"{""sigma"": 10}",0833,28.1857,0.662616,0.3125,0.6875,0.296875,0.703125
robustness-20260918-025634-2cf93d,gaussian_noise,10.0,"{""sigma"": 10}",0834,28.6462,0.764022,0.390625,0.609375,0.28125,0.71875
robustness-20260918-025634-2cf93d,gaussian_noise,10.0,"{""sigma"": 10}",0835,28.2444,0.850661,0.375,0.625,0.375,0.625
robustness-20260918-025634-2cf93d,gaussian_noise,10.0,"{""sigma"": 10}",0836,28.2874,0.787343,0.375,0.625,0.375,0.625
robustness-20260918-025634-2cf93d,gaussian_noise,10.0,"{""sigma"": 10}",0837,28.2923,0.896856,0.25,0.75,0.265625,0.734375
robustness-20260918-025634-2cf93d,gaussian_noise,10.0,"{""sigma"": 10}",0838,28.2444,0.693777,0.40625,0.59375,0.40625,0.59375
robustness-20260918-025634-2cf93d,gaussian_noise,10.0,"{""sigma"": 10}",0839,29.1624,0.623739,0.359375,0.640625,0.375,0.625
robustness-20260918-025634-2cf93d,gaussian_noise,10.0,"{""sigma"": 10}",0840,28.2491,0.886159,0.328125,0.671875,0.234375,0.765625
robustness-20260918-025634-2cf93d,gaussian_noise,10.0,"{""sigma"": 10}",0841,28.1533,0.729845,0.328125,0.671875,0.421875,0.578125
robustness-20260918-025634-2cf93d,gaussian_noise,10.0,"{""sigma"": 10}",0842,28.1726,0.749946,0.421875,0.578125,0.234375,0.765625
robustness-20260918-025634-2cf93d,gaussian_noise,10.0,"{""sigma"": 10}",0843,28.4783,0.502468,0.390625,0.609375,0.421875,0.578125
robustness-20260918-025634-2cf93d,gaussian_noise,10.0,"{""sigma"": 10}",0844,28.4695,0.566641,0.390625,0.609375,0.375,0.625
robustness-20260918-025634-2cf93d,gaussian_noise,10.0,"{""sigma"": 10}",0845,28.4274,0.737978,0.3125,0.6875,0.390625,0.609375
robustness-20260918-025634-2cf93d,gaussian_noise,10.0,"{""sigma"": 10}",0846,28.7776,0.795106,0.46875,0.53125,0.203125,0.796875
robustness-20260918-025634-2cf93d,gaussian_noise,10.0,"{""sigma"": 10}",0847,28.4552,0.839982,0.40625,0.59375,0.203125,0.796875
robustness-20260918-025634-2cf93d,gaussian_noise,10.0,"{""sigma"": 10}",0848,28.3757,0.812526,0.296875,0.703125,0.125,0.875
robustness-20260918-025634-2cf93d,gaussian_noise,10.0,"{""sigma"": 10}",0849,28.246,0.936718,0.40625,0.59375,0.140625,0.859375
robustness-20260918-025634-2cf93d,gaussian_noise,10.0,"{""sigma"": 10}",0850,28.2251,0.77735,0.390625,0.609375,0.25,0.75
robustness-20260918-025634-2cf93d,gaussian_noise,10.0,"{""sigma"": 10}",0851,28.6497,0.634913,0.25,0.75,0.34375,0.65625
robustness-20260918-025634-2cf93d,gaussian_noise,10.0,"{""sigma"": 10}",0852,29.6817,0.596733,0.53125,0.46875,0.46875,0.53125
robustness-20260918-025634-2cf93d,gaussian_noise,10.0,"{""sigma"": 10}",0853,28.394,0.630011,0.390625,0.609375,0.390625,0.609375
robustness-20260918-025634-2cf93d,gaussian_noise,10.0,"{""sigma"": 10}",0854,28.1088,0.771096,0.359375,0.640625,0.34375,0.65625
robustness-20260918-025634-2cf93d,gaussian_noise,10.0,"{""sigma"": 10}",0855,28.2396,0.72142,0.453125,0.546875,0.40625,0.59375
robustness-20260918-025634-2cf93d,gaussian_noise,10.0,"{""sigma"": 10}",0856,28.1663,0.76435,0.40625,0.59375,0.46875,0.53125
robustness-20260918-025634-2cf93d,gaussian_noise,10.0,"{""sigma"": 10}",0857,28.1211,0.654883,0.453125,0.546875,0.359375,0.640625
robustness-20260918-025634-2cf93d,gaussian_noise,10.0,"{""sigma"": 10}",0858,28.7967,0.777221,0.484375,0.515625,0.359375,0.640625
robustness-20260918-025634-2cf93d,gaussian_noise,10.0,"{""sigma"": 10}",0859,28.1736,0.829944,0.359375,0.640625,0.265625,0.734375
robustness-20260918-025634-2cf93d,gaussian_noise,10.0,"{""sigma"": 10}",0860,28.2357,0.909301,0.421875,0.578125,0.265625,0.734375
robustness-20260918-025634-2cf93d,gaussian_noise,10.0,"{""sigma"": 10}",0861,28.8544,0.799471,0.375,0.625,0.3125,0.6875
robustness-20260918-025634-2cf93d,gaussian_noise,10.0,"{""sigma"": 10}",0862,28.1232,0.573946,0.328125,0.671875,0.484375,0.515625
robustness-20260918-025634-2cf93d,gaussian_noise,10.0,"{""sigma"": 10}",0863,28.2094,0.708535,0.296875,0.703125,0.375,0.625
robustness-20260918-025634-2cf93d,gaussian_noise,10.0,"{""sigma"": 10}",0864,28.1404,0.826093,0.34375,0.65625,0.296875,0.703125
robustness-20260918-025634-2cf93d,gaussian_noise,10.0,"{""sigma"": 10}",0865,28.1319,0.773031,0.359375,0.640625,0.390625,0.609375
robustness-20260918-025634-2cf93d,gaussian_noise,10.0,"{""sigma"": 10}",0866,28.1545,0.878287,0.34375,0.65625,0.3125,0.6875
robustness-20260918-025634-2cf93d,gaussian_noise,10.0,"{""sigma"": 10}",0867,28.1461,0.884231,0.3125,0.6875,0.375,0.625
robustness-20260918-025634-2cf93d,gaussian_noise,10.0,"{""sigma"": 10}",0868,28.1309,0.499165,0.453125,0.546875,0.296875,0.703125
robustness-20260918-025634-2cf93d,gaussian_noise,10.0,"{""sigma"": 10}",0869,28.175,0.748535,0.296875,0.703125,0.40625,0.59375
robustness-20260918-025634-2cf93d,gaussian_noise,10.0,"{""sigma"": 10}",0870,28.1595,0.90476,0.265625,0.734375,0.234375,0.765625
robustness-20260918-025634-2cf93d,gaussian_noise,10.0,"{""sigma"": 10}",0871,28.1387,0.835959,0.296875,0.703125,0.25,0.75
robustness-20260918-025634-2cf93d,gaussian_noise,10.0,"{""sigma"": 10}",0872,28.1423,0.881361,0.328125,0.671875,0.21875,0.78125
robustness-20260918-025634-2cf93d,gaussian_noise,10.0,"{""sigma"": 10}",0873,28.1235,0.799941,0.34375,0.65625,0.453125,0.546875
robustness-20260918-025634-2cf93d,gaussian_noise,10.0,"{""sigma"": 10}",0874,28.2766,0.751221,0.359375,0.640625,0.3125,0.6875
robustness-20260918-025634-2cf93d,gaussian_noise,10.0,"{""sigma"": 10}",0875,28.2414,0.918138,0.34375,0.65625,0.25,0.75
robustness-20260918-025634-2cf93d,gaussian_noise,10.0,"{""sigma"": 10}",0876,28.5055,0.828926,0.375,0.625,0.296875,0.703125
robustness-20260918-025634-2cf93d,gaussian_noise,10.0,"{""sigma"": 10}",0877,28.1333,0.636781,0.3125,0.6875,0.3125,0.6875
robustness-20260918-025634-2cf93d,gaussian_noise,10.0,"{""sigma"": 10}",0878,28.1272,0.849233,0.453125,0.546875,0.34375,0.65625
robustness-20260918-025634-2cf93d,gaussian_noise,10.0,"{""sigma"": 10}",0879,28.1794,0.661031,0.328125,0.671875,0.484375,0.515625
robustness-20260918-025634-2cf93d,gaussian_noise,10.0,"{""sigma"": 10}",0880,28.1484,0.641632,0.328125,0.671875,0.28125,0.71875
robustness-20260918-025634-2cf93d,gaussian_noise,10.0,"{""sigma"": 10}",0881,28.1341,0.674363,0.265625,0.734375,0.328125,0.671875
robustness-20260918-025634-2cf93d,gaussian_noise,10.0,"{""sigma"": 10}",0882,28.2546,0.819052,0.3125,0.6875,0.171875,0.828125
robustness-20260918-025634-2cf93d,gaussian_noise,10.0,"{""sigma"": 10}",0883,28.1962,0.855192,0.359375,0.640625,0.234375,0.765625
robustness-20260918-025634-2cf93d,gaussian_noise,10.0,"{""sigma"": 10}",0884,28.2408,0.877797,0.40625,0.59375,0.21875,0.78125
robustness-20260918-025634-2cf93d,gaussian_noise,10.0,"{""sigma"": 10}",0885,28.1272,0.790854,0.390625,0.609375,0.3125,0.6875
robustness-20260918-025634-2cf93d,gaussian_noise,10.0,"{""sigma"": 10}",0886,28.29,0.672631,0.453125,0.546875,0.28125,0.71875
robustness-20260918-025634-2cf93d,gaussian_noise,10.0,"{""sigma"": 10}",0887,28.3122,0.70739,0.296875,0.703125,0.34375,0.65625
robustness-20260918-025634-2cf93d,gaussian_noise,10.0,"{""sigma"": 10}",0888,28.2939,0.878019,0.28125,0.71875,0.1875,0.8125
robustness-20260918-025634-2cf93d,gaussian_noise,10.0,"{""sigma"": 10}",0889,28.344,0.927207,0.203125,0.796875,0.140625,0.859375
robustness-20260918-025634-2cf93d,gaussian_noise,10.0,"{""sigma"": 10}",0890,28.1331,0.653818,0.375,0.625,0.40625,0.59375
robustness-20260918-025634-2cf93d,gaussian_noise,10.0,"{""sigma"": 10}",0891,28.1941,0.887184,0.3125,0.6875,0.21875,0.78125
robustness-20260918-025634-2cf93d,gaussian_noise,10.0,"{""sigma"": 10}",0892,28.2151,0.910931,0.375,0.625,0.3125,0.6875
robustness-20260918-025634-2cf93d,gaussian_noise,10.0,"{""sigma"": 10}",0893,28.1243,0.725811,0.34375,0.65625,0.34375,0.65625
robustness-20260918-025634-2cf93d,gaussian_noise,10.0,"{""sigma"": 10}",0894,28.2105,0.686181,0.296875,0.703125,0.34375,0.65625
robustness-20260918-025634-2cf93d,gaussian_noise,10.0,"{""sigma"": 10}",0895,28.1586,0.845187,0.328125,0.671875,0.328125,0.671875
robustness-20260918-025634-2cf93d,gaussian_noise,10.0,"{""sigma"": 10}",0896,28.5752,0.572831,0.296875,0.703125,0.34375,0.65625
robustness-20260918-025634-2cf93d,gaussian_noise,10.0,"{""sigma"": 10}",0897,28.3061,0.964128,0.15625,0.84375,0.109375,0.890625
robustness-20260918-025634-2cf93d,gaussian_noise,10.0,"{""sigma"": 10}",0898,28.1203,0.54054,0.4375,0.5625,0.40625,0.59375
robustness-20260918-025634-2cf93d,gaussian_noise,10.0,"{""sigma"": 10}",0899,28.1656,0.800402,0.296875,0.703125,0.21875,0.78125
robustness-20260918-025634-2cf93d,gaussian_noise,10.0,"{""sigma"": 10}",0900,28.9307,0.785364,0.375,0.625,0.28125,0.71875
robustness-20260918-025634-2cf93d,salt_pepper,0.001,"{""density"": 0.001}",0801,35.2611,0.986977,0.3125,0.6875,0.203125,0.796875
robustness-20260918-025634-2cf93d,salt_pepper,0.001,"{""density"": 0.001}",0802,34.1262,0.985983,0.40625,0.59375,0.15625,0.84375
robustness-20260918-025634-2cf93d,salt_pepper,0.001,"{""density"": 0.001}",0803,35.3699,0.979946,0.296875,0.703125,0.21875,0.78125
robustness-20260918-025634-2cf93d,salt_pepper,0.001,"{""density"": 0.001}",0804,35.7146,0.98826,0.3125,0.6875,0.125,0.875
robustness-20260918-025634-2cf93d,salt_pepper,0.001,"{""density"": 0.001}",0805,35.0781,0.984785,0.375,0.625,0.1875,0.8125
robustness-20260918-025634-2cf93d,salt_pepper,0.001,"{""density"": 0.001}",0806,34.7507,0.979292,0.28125,0.71875,0.1875,0.8125
robustness-20260918-025634-2cf93d,salt_pepper,0.001,"{""density"": 0.001}",0807,34.3739,0.982486,0.34375,0.65625,0.1875,0.8125
robustness-20260918-025634-2cf93d,salt_pepper,0.001,"{""density"": 0.001}",0808,35.0009,0.977792,0.265625,0.734375,0.3125,0.6875
robustness-20260918-025634-2cf93d,salt_pepper,0.001,"{""density"": 0.001}",0809,34.9459,0.979466,0.390625,0.609375,0.203125,0.796875
robustness-20260918-025634-2cf93d,salt_pepper,0.001,"{""density"": 0.001}",0810,34.6843,0.976053,0.3125,0.6875,0.328125,0.671875
robustness-20260918-025634-2cf93d,salt_pepper,0.001,"{""density"": 0.001}",0811,34.9754,0.982932,0.328125,0.671875,0.34375,0.65625
robustness-20260918-025634-2cf93d,salt_pepper,0.001,"{""density"": 0.001}",0812,34.7825,0.981938,0.3125,0.6875,0.21875,0.78125
robustness-20260918-025634-2cf93d,salt_pepper,0.001,"{""density"": 0.001}",0813,34.3305,0.983367,0.421875,0.578125,0.1875,0.8125
robustness-20260918-025634-2cf93d,salt_pepper,0.001,"{""density"": 0.001}",0814,35.055,0.971143,0.46875,0.53125,0.21875,0.78125
robustness-20260918-025634-2cf93d,salt_pepper,0.001,"{""density"": 0.001}",0815,34.9146,0.983734,0.359375,0.640625,0.203125,0.796875
robustness-20260918-025634-2cf93d,salt_pepper,0.001,"{""density"": 0.001}",0816,35.8199,0.980791,0.375,0.625,0.25,0.75
robustness-20260918-025634-2cf93d,salt_pepper,0.001,"{""density"": 0.001}",0817,35.4012,0.983273,0.3125,0.6875,0.21875,0.78125
robustness-20260918-025634-2cf93d,salt_pepper,0.001,"{""density"": 0.001}",0818,34.7819,0.983017,0.390625,0.609375,0.15625,0.84375
robustness-20260918-025634-2cf93d,salt_pepper,0.001,"{""density"": 0.001}",0819,34.1558,0.983351,0.25,0.75,0.25,0.75
robustness-20260918-025634-2cf93d,salt_pepper,0.001,"{""density"": 0.001}",0820,35.3565,0.988515,0.21875,0.78125,0.171875,0.828125
robustness-20260918-025634-2cf93d,salt_pepper,0.001,"{""density"": 0.001}",0821,34.6297,0.992523,0.375,0.625,0.09375,0.90625
robustness-20260918-025634-2cf93d,salt_pepper,0.001,"{""density"": 0.001}",0822,35.22,0.98798,0.390625,0.609375,0.265625,0.734375
robustness-20260918-025634-2cf93d,salt_pepper,0.001,"{""density"": 0.001}",0823,35.2792,0.979005,0.28125,0.71875,0.25,0.75
robustness-20260918-025634-2cf93d,salt_pepper,0.001,"{""density"": 0.001}",0824,35.6278,0.982563,0.296875,0.703125,0.125,0.875
robustness-20260918-025634-2cf93d,salt_pepper,0.001,"{""density"": 0.001}",0825,36.2016,0.988091,0.234375,0.765625,0.203125,0.796875
robustness-20260918-025634-2cf93d,salt_pepper,0.001,"{""density"": 0.001}",0826,35.083,0.983461,0.359375,0.640625,0.21875,0.78125
robustness-20260918-025634-2cf93d,salt_pepper,0.001,"{""density"": 0.001}",0827,34.0042,0.975465,0.46875,0.53125,0.390625,0.609375
robustness-20260918-025634-2cf93d,salt_pepper,0.001,"{""density"": 0.001}",0828,34.169,0.985172,0.328125,0.671875,0.1875,0.8125
robustness-20260918-025634-2cf93d,salt_pepper,0.001,"{""density"": 0.001}",0829,34.7868,0.979108,0.40625,0.59375,0.328125,0.671875
robustness-20260918-025634-2cf93d,salt_pepper,0.001,"{""density"": 0.001}",0830,34.6983,0.97465,0.4375,0.5625,0.34375,0.65625
robustness-20260918-025634-2cf93d,salt_pepper,0.001,"{""density"": 0.001}",0831,34.9847,0.985671,0.390625,0.609375,0.125,0.875
robustness-20260918-025634-2cf93d,salt_pepper,0.001,"{""density"": 0.001}",0832,35.3151,0.986591,0.296875,0.703125,0.15625,0.84375
robustness-20260918-025634-2cf93d,salt_pepper,0.001,"{""density"": 0.001}",0833,35.4397,0.980662,0.4375,0.5625,0.28125,0.71875
robustness-20260918-025634-2cf93d,salt_pepper,0.001,"{""density"": 0.001}",0834,33.833,0.983446,0.3125,0.6875,0.203125,0.796875
robustness-20260918-025634-2cf93d,salt_pepper,0.001,"{""density"": 0.001}",0835,35.0671,0.984868,0.328125,0.671875,0.296875,0.703125
robustness-20260918-025634-2cf93d,salt_pepper,0.001,"{""density"": 0.001}",0836,34.7085,0.985629,0.25,0.75,0.15625,0.84375
robustness-20260918-025634-2cf93d,salt_pepper,0.001,"{""density"": 0.001}",0837,35.0973,0.989631,0.1875,0.8125,0.125,0.875
robustness-20260918-025634-2cf93d,salt_pepper,0.001,"{""density"": 0.001}",0838,33.983,0.973252,0.484375,0.515625,0.40625,0.59375
robustness-20260918-025634-2cf93d,salt_pepper,0.001,"{""density"": 0.001}",0839,34.1457,0.981099,0.328125,0.671875,0.296875,0.703125
robustness-20260918-025634-2cf93d,salt_pepper,0.001,"{""density"": 0.001}",0840,34.7354,0.986548,0.328125,0.671875,0.140625,0.859375
robustness-20260918-025634-2cf93d,salt_pepper,0.001,"{""density"": 0.001}",0841,34.7201,0.982123,0.328125,0.671875,0.296875,0.703125
robustness-20260918-025634-2cf93d,salt_pepper,0.001,"{""density"": 0.001}",0842,34.8838,0.981096,0.390625,0.609375,0.140625,0.859375
robustness-20260918-025634-2cf93d,salt_pepper,0.001,"{""density"": 0.001}",0843,34.248,0.97898,0.46875,0.53125,0.390625,0.609375
robustness-20260918-025634-2cf93d,salt_pepper,0.001,"{""density"": 0.001}",0844,33.8592,0.973772,0.421875,0.578125,0.359375,0.640625
robustness-20260918-025634-2cf93d,salt_pepper,0.001,"{""density"": 0.001}",0845,33.8672,0.982816,0.4375,0.5625,0.328125,0.671875
robustness-20260918-025634-2cf93d,salt_pepper,0.001,"{""density"": 0.001}",0846,34.108,0.983695,0.375,0.625,0.140625,0.859375
robustness-20260918-025634-2cf93d,salt_pepper,0.001,"{""density"": 0.001}",0847,34.9321,0.987939,0.40625,0.59375,0.125,0.875
robustness-20260918-025634-2cf93d,salt_pepper,0.001,"{""density"": 0.001}",0848,35.0561,0.985533,0.28125,0.71875,0.109375,0.890625
robustness-20260918-025634-2cf93d,salt_pepper,0.001,"{""density"": 0.001}",0849,35.2283,0.992758,0.375,0.625,0.09375,0.90625
robustness-20260918-025634-2cf93d,salt_pepper,0.001,"{""density"": 0.001}",0850,35.6039,0.982004,0.28125,0.71875,0.140625,0.859375
robustness-20260918-025634-2cf93d,salt_pepper,0.001,"{""density"": 0.001}",0851,34.2984,0.977,0.3125,0.6875,0.28125,0.71875
robustness-20260918-025634-2cf93d,salt_pepper,0.001,"{""density"": 0.001}",0852,33.3234,0.978268,0.328125,0.671875,0.390625,0.609375
robustness-20260918-025634-2cf93d,salt_pepper,0.001,"{""density"": 0.001}",0853,35.181,0.981226,0.40625,0.59375,0.328125,0.671875
robustness-20260918-025634-2cf93d,salt_pepper,0.001,"{""density"": 0.001}",0854,34.9643,0.984134,0.34375,0.65625,0.25,0.75
robustness-20260918-025634-2cf93d,salt_pepper,0.001,"{""density"": 0.001}",0855,34.985,0.979196,0.453125,0.546875,0.359375,0.640625
robustness-20260918-025634-2cf93d,salt_pepper,0.001,"{""density"": 0.001}",0856,34.6289,0.980608,0.328125,0.671875,0.421875,0.578125
robustness-20260918-025634-2cf93d,salt_pepper,0.001,"{""density"": 0.001}",0857,35.2466,0.973125,0.359375,0.640625,0.28125,0.71875
robustness-20260918-025634-2cf93d,salt_pepper,0.001,"{""density"": 0.001}",0858,33.9858,0.981776,0.40625,0.59375,0.28125,0.71875
robustness-20260918-025634-2cf93d,salt_pepper,0.001,"{""density"": 0.001}",0859,35.046,0.982608,0.328125,0.671875,0.203125,0.796875
robustness-20260918-025634-2cf93d,salt_pepper,0.001,"{""density"": 0.001}",0860,34.0538,0.987188,0.328125,0.671875,0.109375,0.890625
robustness-20260918-025634-2cf93d,salt_pepper,0.001,"{""density"": 0.001}",0861,33.5539,0.984541,0.375,0.625,0.265625,0.734375
robustness-20260918-025634-2cf93d,salt_pepper,0.001,"{""density"": 0.001}",0862,35.0429,0.968372,0.4375,0.5625,0.40625,0.59375
robustness-20260918-025634-2cf93d,salt_pepper,0.001,"{""density"": 0.001}",0863,34.4801,0.981023,0.28125,0.71875,0.265625,0.734375
robustness-20260918-025634-2cf93d,salt_pepper,0.001,"{""density"": 0.001}",0864,35.2468,0.983843,0.296875,0.703125,0.21875,0.78125
robustness-20260918-025634-2cf93d,salt_pepper,0.001,"{""density"": 0.001}",0865,36.2201,0.982768,0.328125,0.671875,0.3125,0.6875
robustness-20260918-025634-2cf93d,salt_pepper,0.001,"{""density"": 0.001}",0866,35.5657,0.985561,0.25,0.75,0.203125,0.796875
robustness-20260918-025634-2cf93d,salt_pepper,0.001,"{""density"": 0.001}",0867,35.0993,0.98708,0.3125,0.6875,0.234375,0.765625
robustness-20260918-025634-2cf93d,salt_pepper,0.001,"{""density"": 0.001}",0868,33.9547,0.973528,0.453125,0.546875,0.234375,0.765625
robustness-20260918-025634-2cf93d,salt_pepper,0.001,"{""density"": 0.001}",0869,35.0017,0.979738,0.328125,0.671875,0.34375,0.65625
robustness-20260918-025634-2cf93d,salt_pepper,0.001,"{""density"": 0.001}",0870,34.7587,0.986799,0.28125,0.71875,0.171875,0.828125
robustness-20260918-025634-2cf93d,salt_pepper,0.001,"{""density"": 0.001}",0871,35.3424,0.982265,0.3125,0.6875,0.21875,0.78125
robustness-20260918-025634-2cf93d,salt_pepper,0.001,"{""density"": 0.001}",0872,34.6773,0.986382,0.34375,0.65625,0.1875,0.8125
robustness-20260918-025634-2cf93d,salt_pepper,0.001,"{""density"": 0.001}",0873,35.353,0.984112,0.375,0.625,0.296875,0.703125
robustness-20260918-025634-2cf93d,salt_pepper,0.001,"{""density"": 0.001}",0874,35.2351,0.978371,0.453125,0.546875,0.34375,0.65625
robustness-20260918-025634-2cf93d,salt_pepper,0.001,"{""density"": 0.001}",0875,35.1964,0.989689,0.25,0.75,0.140625,0.859375
robustness-20260918-025634-2cf93d,salt_pepper,0.001,"{""density"": 0.001}",0876,34.5776,0.985561,0.3125,0.6875,0.25,0.75
robustness-20260918-025634-2cf93d,salt_pepper,0.001,"{""density"": 0.001}",0877,34.535,0.977546,0.375,0.625,0.296875,0.703125
robustness-20260918-025634-2cf93d,salt_pepper,0.001,"{""density"": 0.001}",0878,35.0138,0.985504,0.375,0.625,0.296875,0.703125
robustness-20260918-025634-2cf93d,salt_pepper,0.001,"{""density"": 0.001}",0879,35.4561,0.978014,0.359375,0.640625,0.34375,0.65625
robustness-20260918-025634-2cf93d,salt_pepper,0.001,"{""density"": 0.001}",0880,35.3821,0.974212,0.28125,0.71875,0.28125,0.71875
robustness-20260918-025634-2cf93d,salt_pepper,0.001,"{""density"": 0.001}",0881,35.2992,0.975587,0.421875,0.578125,0.265625,0.734375
robustness-20260918-025634-2cf93d,salt_pepper,0.001,"{""density"": 0.001}",0882,34.3225,0.985549,0.296875,0.703125,0.140625,0.859375
robustness-20260918-025634-2cf93d,salt_pepper,0.001,"{""density"": 0.001}",0883,35.3902,0.987948,0.34375,0.65625,0.203125,0.796875
robustness-20260918-025634-2cf93d,salt_pepper,0.001,"{""density"": 0.001}",0884,35.0443,0.986988,0.28125,0.71875,0.203125,0.796875
robustness-20260918-025634-2cf93d,salt_pepper,0.001,"{""density"": 0.001}",0885,35.5316,0.983273,0.296875,0.703125,0.265625,0.734375
robustness-20260918-025634-2cf93d,salt_pepper,0.001,"{""density"": 0.001}",0886,35.4915,0.975727,0.4375,0.5625,0.234375,0.765625
robustness-20260918-025634-2cf93d,salt_pepper,0.001,"{""density"": 0.001}",0887,34.939,0.978993,0.375,0.625,0.296875,0.703125
robustness-20260918-025634-2cf93d,salt_pepper,0.001,"{""density"": 0.001}",0888,34.3325,0.988372,0.171875,0.828125,0.09375,0.90625
robustness-20260918-025634-2cf93d,salt_pepper,0.001,"{""density"": 0.001}",0889,34.1326,0.989802,0.171875,0.828125,0.09375,0.90625
robustness-20260918-025634-2cf93d,salt_pepper,0.001,"{""density"": 0.001}",0890,35.1291,0.973143,0.28125,0.71875,0.359375,0.640625
robustness-20260918-025634-2cf93d,salt_pepper,0.001,"{""density"": 0.001}",0891,34.9261,0.987251,0.234375,0.765625,0.109375,0.890625
robustness-20260918-025634-2cf93d,salt_pepper,0.001,"{""density"": 0.001}",0892,35.1626,0.988625,0.328125,0.671875,0.109375,0.890625
robustness-20260918-025634-2cf93d,salt_pepper,0.001,"{""density"": 0.001}",0893,34.2783,0.983204,0.21875,0.78125,0.265625,0.734375
robustness-20260918-025634-2cf93d,salt_pepper,0.001,"{""density"": 0.001}",0894,35.0647,0.981559,0.359375,0.640625,0.28125,0.71875
robustness-20260918-025634-2cf93d,salt_pepper,0.001,"{""density"": 0.001}",0895,35.269,0.985849,0.328125,0.671875,0.234375,0.765625
robustness-20260918-025634-2cf93d,salt_pepper,0.001,"{""density"": 0.001}",0896,34.3163,0.9794,0.34375,0.65625,0.328125,0.671875
robustness-20260918-025634-2cf93d,salt_pepper,0.001,"{""density"": 0.001}",0897,34.8441,0.993551,0.1875,0.8125,0.0625,0.9375
robustness-20260918-025634-2cf93d,salt_pepper,0.001,"{""density"": 0.001}",0898,35.1793,0.97142,0.40625,0.59375,0.359375,0.640625
robustness-20260918-025634-2cf93d,salt_pepper,0.001,"{""density"": 0.001}",0899,34.6747,0.98435,0.3125,0.6875,0.203125,0.796875
robustness-20260918-025634-2cf93d,salt_pepper,0.001,"{""density"": 0.001}",0900,34.1897,0.985066,0.28125,0.71875,0.1875,0.8125
robustness-20260918-025634-2cf93d,salt_pepper,0.005,"{""density"": 0.005}",0801,28.0868,0.930797,0.4375,0.5625,0.34375,0.65625
robustness-20260918-025634-2cf93d,salt_pepper,0.005,"{""density"": 0.005}",0802,27.3338,0.936294,0.375,0.625,0.25,0.75
robustness-20260918-025634-2cf93d,salt_pepper,0.005,"{""density"": 0.005}",0803,28.1074,0.905671,0.359375,0.640625,0.34375,0.65625
robustness-20260918-025634-2cf93d,salt_pepper,0.005,"{""density"": 0.005}",0804,28.0871,0.939242,0.359375,0.640625,0.28125,0.71875
robustness-20260918-025634-2cf93d,salt_pepper,0.005,"{""density"": 0.005}",0805,28.0993,0.925989,0.34375,0.65625,0.28125,0.71875
robustness-20260918-025634-2cf93d,salt_pepper,0.005,"{""density"": 0.005}",0806,27.7713,0.903085,0.390625,0.609375,0.296875,0.703125
robustness-20260918-025634-2cf93d,salt_pepper,0.005,"{""density"": 0.005}",0807,27.7249,0.919225,0.5,0.5,0.34375,0.65625
robustness-20260918-025634-2cf93d,salt_pepper,0.005,"{""density"": 0.005}",0808,27.7447,0.896883,0.34375,0.65625,0.375,0.625
robustness-20260918-025634-2cf93d,salt_pepper,0.005,"{""density"": 0.005}",0809,28.3014,0.915629,0.390625,0.609375,0.40625,0.59375
robustness-20260918-025634-2cf93d,salt_pepper,0.005,"{""density"": 0.005}",0810,28.5196,0.89726,0.453125,0.546875,0.46875,0.53125
robustness-20260918-025634-2cf93d,salt_pepper,0.005,"{""density"": 0.005}",0811,27.3793,0.912689,0.421875,0.578125,0.40625,0.59375
robustness-20260918-025634-2cf93d,salt_pepper,0.005,"{""density"": 0.005}",0812,28.122,0.913263,0.453125,0.546875,0.328125,0.671875
robustness-20260918-025634-2cf93d,salt_pepper,0.005,"{""density"": 0.005}",0813,27.9532,0.920315,0.421875,0.578125,0.390625,0.609375
robustness-20260918-025634-2cf93d,salt_pepper,0.005,"{""density"": 0.005}",0814,28.284,0.875014,0.546875,0.453125,0.25,0.75
robustness-20260918-025634-2cf93d,salt_pepper,0.005,"{""density"": 0.005}",0815,28.2631,0.927401,0.34375,0.65625,0.375,0.625
robustness-20260918-025634-2cf93d,salt_pepper,0.005,"{""density"": 0.005}",0816,28.0925,0.896258,0.484375,0.515625,0.359375,0.640625
robustness-20260918-025634-2cf93d,salt_pepper,0.005,"{""density"": 0.005}",0817,28.1959,0.925189,0.421875,0.578125,0.40625,0.59375
robustness-20260918-025634-2cf93d,salt_pepper,0.005,"{""density"": 0.005}",0818,27.3248,0.917113,0.359375,0.640625,0.28125,0.71875
robustness-20260918-025634-2cf93d,salt_pepper,0.005,"{""density"": 0.005}",0819,28.0999,0.927826,0.390625,0.609375,0.4375,0.5625
robustness-20260918-025634-2cf93d,salt_pepper,0.005,"{""density"": 0.005}",0820,27.6028,0.944469,0.34375,0.65625,0.40625,0.59375
robustness-20260918-025634-2cf93d,salt_pepper,0.005,"{""density"": 0.005}",0821,27.6608,0.968855,0.375,0.625,0.265625,0.734375
robustness-20260918-025634-2cf93d,salt_pepper,0.005,"{""density"": 0.005}",0822,28.0061,0.938158,0.40625,0.59375,0.359375,0.640625
robustness-20260918-025634-2cf93d,salt_pepper,0.005,"{""density"": 0.005}",0823,27.8125,0.907196,0.359375,0.640625,0.375,0.625
robustness-20260918-025634-2cf93d,salt_pepper,0.005,"{""density"": 0.005}",0824,27.4852,0.914669,0.46875,0.53125,0.375,0.625
robustness-20260918-025634-2cf93d,salt_pepper,0.005,"{""density"": 0.005}",0825,28.1206,0.937583,0.296875,0.703125,0.28125,0.71875
robustness-20260918-025634-2cf93d,salt_pepper,0.005,"{""density"": 0.005}",0826,27.7537,0.912036,0.484375,0.515625,0.328125,0.671875
robustness-20260918-025634-2cf93d,salt_pepper,0.005,"{""density"": 0.005}",0827,27.025,0.88853,0.453125,0.546875,0.453125,0.546875
robustness-20260918-025634-2cf93d,salt_pepper,0.005,"{""density"": 0.005}",0828,27.2241,0.925488,0.5,0.5,0.484375,0.515625
robustness-20260918-025634-2cf93d,salt_pepper,0.005,"{""density"": 0.005}",0829,28.1241,0.894081,0.40625,0.59375,0.375,0.625
robustness-20260918-025634-2cf93d,salt_pepper,0.005,"{""density"": 0.005}",0830,28.0759,0.883884,0.546875,0.453125,0.390625,0.609375
robustness-20260918-025634-2cf93d,salt_pepper,0.005,"{""density"": 0.005}",0831,27.6945,0.932176,0.421875,0.578125,0.171875,0.828125
robustness-20260918-025634-2cf93d,salt_pepper,0.005,"{""density"": 0.005}",0832,27.6977,0.925029,0.4375,0.5625,0.328125,0.671875
robustness-20260918-025634-2cf93d,salt_pepper,0.005,"{""density"": 0.005}",0833,27.79,0.901327,0.4375,0.5625,0.359375,0.640625
robustness-20260918-025634-2cf93d,salt_pepper,0.005,"{""density"": 0.005}",0834,27.7668,0.920406,0.296875,0.703125,0.296875,0.703125
robustness-20260918-025634-2cf93d,salt_pepper,0.005,"{""density"": 0.005}",0835,28.1628,0.930837,0.359375,0.640625,0.359375,0.640625
robustness-20260918-025634-2cf93d,salt_pepper,0.005,"{""density"": 0.005}",0836,27.962,0.928379,0.453125,0.546875,0.421875,0.578125
robustness-20260918-025634-2cf93d,salt_pepper,0.005,"{""density"": 0.005}",0837,28.0529,0.949998,0.375,0.625,0.296875,0.703125
robustness-20260918-025634-2cf93d,salt_pepper,0.005,"{""density"": 0.005}",0838,27.8547,0.899548,0.453125,0.546875,0.4375,0.5625
robustness-20260918-025634-2cf93d,salt_pepper,0.005,"{""density"": 0.005}",0839,27.0828,0.91371,0.453125,0.546875,0.46875,0.53125
robustness-20260918-025634-2cf93d,salt_pepper,0.005,"{""density"": 0.005}",0840,27.5626,0.936551,0.375,0.625,0.375,0.625
robustness-20260918-025634-2cf93d,salt_pepper,0.005,"{""density"": 0.005}",0841,27.8469,0.914156,0.421875,0.578125,0.453125,0.546875
robustness-20260918-025634-2cf93d,salt_pepper,0.005,"{""density"": 0.005}",0842,27.7766,0.910665,0.421875,0.578125,0.3125,0.6875
robustness-20260918-025634-2cf93d,salt_pepper,0.005,"{""density"": 0.005}",0843,26.7665,0.892117,0.40625,0.59375,0.4375,0.5625
robustness-20260918-025634-2cf93d,salt_pepper,0.005,"{""density"": 0.005}",0844,26.9832,0.88748,0.328125,0.671875,0.40625,0.59375
robustness-20260918-025634-2cf93d,salt_pepper,0.005,"{""density"": 0.005}",0845,26.9159,0.91979,0.453125,0.546875,0.546875,0.453125
robustness-20260918-025634-2cf93d,salt_pepper,0.005,"{""density"": 0.005}",0846,27.2251,0.932991,0.40625,0.59375,0.25,0.75
robustness-20260918-025634-2cf93d,salt_pepper,0.005,"{""density"": 0.005}",0847,27.6057,0.930369,0.46875,0.53125,0.3125,0.6875
robustness-20260918-025634-2cf93d,salt_pepper,0.005,"{""density"": 0.005}",0848,27.4832,0.923908,0.390625,0.609375,0.265625,0.734375
robustness-20260918-025634-2cf93d,salt_pepper,0.005,"{""density"": 0.005}",0849,27.3826,0.956748,0.421875,0.578125,0.21875,0.78125
robustness-20260918-025634-2cf93d,salt_pepper,0.005,"{""density"": 0.005}",0850,28.0098,0.909008,0.328125,0.671875,0.359375,0.640625
robustness-20260918-025634-2cf93d,salt_pepper,0.005,"{""density"": 0.005}",0851,27.4147,0.902778,0.46875,0.53125,0.390625,0.609375
robustness-20260918-025634-2cf93d,salt_pepper,0.005,"{""density"": 0.005}",0852,26.5044,0.899169,0.484375,0.515625,0.4375,0.5625
robustness-20260918-025634-2cf93d,salt_pepper,0.005,"{""density"": 0.005}",0853,27.4354,0.899709,0.53125,0.46875,0.46875,0.53125
robustness-20260918-025634-2cf93d,salt_pepper,0.005,"{""density"": 0.005}",0854,28.0253,0.91693,0.359375,0.640625,0.390625,0.609375
robustness-20260918-025634-2cf93d,salt_pepper,0.005,"{""density"": 0.005}",0855,28.1882,0.891919,0.375,0.625,0.421875,0.578125
robustness-20260918-025634-2cf93d,salt_pepper,0.005,"{""density"": 0.005}",0856,27.5666,0.907682,0.46875,0.53125,0.5,0.5
robustness-20260918-025634-2cf93d,salt_pepper,0.005,"{""density"": 0.005}",0857,28.5938,0.880054,0.4375,0.5625,0.390625,0.609375
robustness-20260918-025634-2cf93d,salt_pepper,0.005,"{""density"": 0.005}",0858,27.0736,0.919642,0.453125,0.546875,0.359375,0.640625
robustness-20260918-025634-2cf93d,salt_pepper,0.005,"{""density"": 0.005}",0859,28.3155,0.924531,0.46875,0.53125,0.328125,0.671875
robustness-20260918-025634-2cf93d,salt_pepper,0.005,"{""density"": 0.005}",0860,27.7162,0.94569,0.4375,0.5625,0.328125,0.671875
robustness-20260918-025634-2cf93d,salt_pepper,0.005,"{""density"": 0.005}",0861,26.8113,0.923507,0.53125,0.46875,0.390625,0.609375
robustness-20260918-025634-2cf93d,salt_pepper,0.005,"{""density"": 0.005}",0862,28.3435,0.857316,0.453125,0.546875,0.5,0.5
robustness-20260918-025634-2cf93d,salt_pepper,0.005,"{""density"": 0.005}",0863,27.4554,0.908095,0.421875,0.578125,0.390625,0.609375
robustness-20260918-025634-2cf93d,salt_pepper,0.005,"{""density"": 0.005}",0864,27.9193,0.915765,0.4375,0.5625,0.328125,0.671875
robustness-20260918-025634-2cf93d,salt_pepper,0.005,"{""density"": 0.005}",0865,28.2753,0.90816,0.265625,0.734375,0.484375,0.515625
robustness-20260918-025634-2cf93d,salt_pepper,0.005,"{""density"": 0.005}",0866,28.395,0.942194,0.359375,0.640625,0.453125,0.546875
robustness-20260918-025634-2cf93d,salt_pepper,0.005,"{""density"": 0.005}",0867,28.1039,0.93912,0.4375,0.5625,0.453125,0.546875
robustness-20260918-025634-2cf93d,salt_pepper,0.005,"{""density"": 0.005}",0868,27.2158,0.88003,0.484375,0.515625,0.296875,0.703125
robustness-20260918-025634-2cf93d,salt_pepper,0.005,"{""density"": 0.005}",0869,28.4823,0.909908,0.40625,0.59375,0.421875,0.578125
robustness-20260918-025634-2cf93d,salt_pepper,0.005,"{""density"": 0.005}",0870,28.3361,0.945334,0.421875,0.578125,0.34375,0.65625
robustness-20260918-025634-2cf93d,salt_pepper,0.005,"{""density"": 0.005}",0871,28.2757,0.923471,0.4375,0.5625,0.3125,0.6875
robustness-20260918-025634-2cf93d,salt_pepper,0.005,"{""density"": 0.005}",0872,28.0717,0.935813,0.359375,0.640625,0.296875,0.703125
robustness-20260918-025634-2cf93d,salt_pepper,0.005,"{""density"": 0.005}",0873,27.9526,0.916762,0.46875,0.53125,0.546875,0.453125
robustness-20260918-025634-2cf93d,salt_pepper,0.005,"{""density"": 0.005}",0874,28.4176,0.900446,0.375,0.625,0.453125,0.546875
robustness-20260918-025634-2cf93d,salt_pepper,0.005,"{""density"": 0.005}",0875,27.9744,0.95063,0.34375,0.65625,0.328125,0.671875
robustness-20260918-025634-2cf93d,salt_pepper,0.005,"{""density"": 0.005}",0876,27.1368,0.921833,0.453125,0.546875,0.46875,0.53125
robustness-20260918-025634-2cf93d,salt_pepper,0.005,"{""density"": 0.005}",0877,27.5046,0.898593,0.484375,0.515625,0.390625,0.609375
robustness-20260918-025634-2cf93d,salt_pepper,0.005,"{""density"": 0.005}",0878,28.5672,0.930195,0.421875,0.578125,0.359375,0.640625
robustness-20260918-025634-2cf93d,salt_pepper,0.005,"{""density"": 0.005}",0879,27.9635,0.893217,0.375,0.625,0.515625,0.484375
robustness-20260918-025634-2cf93d,salt_pepper,0.005,"{""density"": 0.005}",0880,28.7842,0.874631,0.390625,0.609375,0.40625,0.59375
robustness-20260918-025634-2cf93d,salt_pepper,0.005,"{""density"": 0.005}",0881,28.6683,0.88529,0.390625,0.609375,0.421875,0.578125
robustness-20260918-025634-2cf93d,salt_pepper,0.005,"{""density"": 0.005}",0882,27.9002,0.926789,0.28125,0.71875,0.25,0.75
robustness-20260918-025634-2cf93d,salt_pepper,0.005,"{""density"": 0.005}",0883,28.3289,0.935878,0.359375,0.640625,0.328125,0.671875
robustness-20260918-025634-2cf93d,salt_pepper,0.005,"{""density"": 0.005}",0884,28.2843,0.937358,0.3125,0.6875,0.3125,0.6875
robustness-20260918-025634-2cf93d,salt_pepper,0.005,"{""density"": 0.005}",0885,28.1015,0.910034,0.40625,0.59375,0.40625,0.59375
robustness-20260918-025634-2cf93d,salt_pepper,0.005,"{""density"": 0.005}",0886,28.0633,0.8852,0.4375,0.5625,0.390625,0.609375
robustness-20260918-025634-2cf93d,salt_pepper,0.005,"{""density"": 0.005}",0887,28.0397,0.903175,0.34375,0.65625,0.34375,0.65625
robustness-20260918-025634-2cf93d,salt_pepper,0.005,"{""density"": 0.005}",0888,27.7268,0.937828,0.25,0.75,0.203125,0.796875
robustness-20260918-025634-2cf93d,salt_pepper,0.005,"{""density"": 0.005}",0889,27.6536,0.952982,0.296875,0.703125,0.21875,0.78125
robustness-20260918-025634-2cf93d,salt_pepper,0.005,"{""density"": 0.005}",0890,28.5656,0.88551,0.4375,0.5625,0.4375,0.5625
robustness-20260918-025634-2cf93d,salt_pepper,0.005,"{""density"": 0.005}",0891,28.194,0.941388,0.359375,0.640625,0.296875,0.703125
robustness-20260918-025634-2cf93d,salt_pepper,0.005,"{""density"": 0.005}",0892,28.0667,0.950142,0.46875,0.53125,0.421875,0.578125
robustness-20260918-025634-2cf93d,salt_pepper,0.005,"{""density"": 0.005}",0893,27.7502,0.922705,0.296875,0.703125,0.390625,0.609375
robustness-20260918-025634-2cf93d,salt_pepper,0.005,"{""density"": 0.005}",0894,27.8184,0.892457,0.375,0.625,0.34375,0.65625
robustness-20260918-025634-2cf93d,salt_pepper,0.005,"{""density"": 0.005}",0895,28.1699,0.929166,0.34375,0.65625,0.4375,0.5625
robustness-20260918-025634-2cf93d,salt_pepper,0.005,"{""density"": 0.005}",0896,26.9667,0.902962,0.34375,0.65625,0.421875,0.578125
robustness-20260918-025634-2cf93d,salt_pepper,0.005,"{""density"": 0.005}",0897,27.5367,0.969196,0.1875,0.8125,0.15625,0.84375
robustness-20260918-025634-2cf93d,salt_pepper,0.005,"{""density"": 0.005}",0898,28.1835,0.864616,0.4375,0.5625,0.421875,0.578125
robustness-20260918-025634-2cf93d,salt_pepper,0.005,"{""density"": 0.005}",0899,27.7047,0.934795,0.34375,0.65625,0.1875,0.8125
robustness-20260918-025634-2cf93d,salt_pepper,0.005,"{""density"": 0.005}",0900,26.8352,0.925656,0.34375,0.65625,0.328125,0.671875
robustness-20260918-025634-2cf93d,salt_pepper,0.01,"{""density"": 0.01}",0801,25.1821,0.874212,0.390625,0.609375,0.359375,0.640625
robustness-20260918-025634-2cf93d,salt_pepper,0.01,"{""density"": 0.01}",0802,24.356,0.882263,0.421875,0.578125,0.28125,0.71875
robustness-20260918-025634-2cf93d,salt_pepper,0.01,"{""density"": 0.01}",0803,25.1289,0.821685,0.375,0.625,0.390625,0.609375
robustness-20260918-025634-2cf93d,salt_pepper,0.01,"{""density"": 0.01}",0804,25.0401,0.885702,0.453125,0.546875,0.296875,0.703125
robustness-20260918-025634-2cf93d,salt_pepper,0.01,"{""density"": 0.01}",0805,25.0948,0.858993,0.4375,0.5625,0.328125,0.671875
robustness-20260918-025634-2cf93d,salt_pepper,0.01,"{""density"": 0.01}",0806,25.0504,0.819891,0.40625,0.59375,0.3125,0.6875
robustness-20260918-025634-2cf93d,salt_pepper,0.01,"{""density"": 0.01}",0807,24.9109,0.853858,0.34375,0.65625,0.34375,0.65625
robustness-20260918-025634-2cf93d,salt_pepper,0.01,"{""density"": 0.01}",0808,24.6087,0.806415,0.4375,0.5625,0.453125,0.546875
robustness-20260918-025634-2cf93d,salt_pepper,0.01,"{""density"": 0.01}",0809,25.3867,0.845884,0.359375,0.640625,0.40625,0.59375
robustness-20260918-025634-2cf93d,salt_pepper,0.01,"{""density"": 0.01}",0810,25.3534,0.801919,0.328125,0.671875,0.5,0.5
robustness-20260918-025634-2cf93d,salt_pepper,0.01,"{""density"": 0.01}",0811,24.6542,0.840201,0.359375,0.640625,0.4375,0.5625
robustness-20260918-025634-2cf93d,salt_pepper,0.01,"{""density"": 0.01}",0812,25.1236,0.839657,0.40625,0.59375,0.375,0.625
robustness-20260918-025634-2cf93d,salt_pepper,0.01,"{""density"": 0.01}",0813,24.3356,0.846094,0.40625,0.59375,0.453125,0.546875
robustness-20260918-025634-2cf93d,salt_pepper,0.01,"{""density"": 0.01}",0814,25.3335,0.7618,0.46875,0.53125,0.265625,0.734375
robustness-20260918-025634-2cf93d,salt_pepper,0.01,"{""density"": 0.01}",0815,25.1651,0.857377,0.4375,0.5625,0.4375,0.5625
robustness-20260918-025634-2cf93d,salt_pepper,0.01,"{""density"": 0.01}",0816,25.27,0.813406,0.390625,0.609375,0.40625,0.59375
robustness-20260918-025634-2cf93d,salt_pepper,0.01,"{""density"": 0.01}",0817,25.081,0.849989,0.453125,0.546875,0.453125,0.546875
robustness-20260918-025634-2cf93d,salt_pepper,0.01,"{""density"": 0.01}",0818,24.6113,0.85152,0.359375,0.640625,0.328125,0.671875
robustness-20260918-025634-2cf93d,salt_pepper,0.01,"{""density"": 0.01}",0819,25.1369,0.860432,0.375,0.625,0.46875,0.53125
robustness-20260918-025634-2cf93d,salt_pepper,0.01,"{""density"": 0.01}",0820,24.6737,0.892979,0.28125,0.71875,0.484375,0.515625
robustness-20260918-025634-2cf93d,salt_pepper,0.01,"{""density"": 0.01}",0821,24.7,0.938524,0.359375,0.640625,0.28125,0.71875
robustness-20260918-025634-2cf93d,salt_pepper,0.01,"{""density"": 0.01}",0822,24.8306,0.881272,0.484375,0.515625,0.375,0.625
robustness-20260918-025634-2cf93d,salt_pepper,0.01,"{""density"": 0.01}",0823,24.8126,0.824019,0.390625,0.609375,0.390625,0.609375
robustness-20260918-025634-2cf93d,salt_pepper,0.01,"{""density"": 0.01}",0824,25.2025,0.852056,0.40625,0.59375,0.40625,0.59375
robustness-20260918-025634-2cf93d,salt_pepper,0.01,"{""density"": 0.01}",0825,25.4304,0.8884,0.390625,0.609375,0.328125,0.671875
robustness-20260918-025634-2cf93d,salt_pepper,0.01,"{""density"": 0.01}",0826,24.8171,0.839912,0.40625,0.59375,0.359375,0.640625
robustness-20260918-025634-2cf93d,salt_pepper,0.01,"{""density"": 0.01}",0827,24.0569,0.80076,0.484375,0.515625,0.5,0.5
robustness-20260918-025634-2cf93d,salt_pepper,0.01,"{""density"": 0.01}",0828,24.2327,0.855825,0.453125,0.546875,0.59375,0.40625
robustness-20260918-025634-2cf93d,salt_pepper,0.01,"{""density"": 0.01}",0829,25.0269,0.808998,0.453125,0.546875,0.421875,0.578125
robustness-20260918-025634-2cf93d,salt_pepper,0.01,"{""density"": 0.01}",0830,25.5417,0.797513,0.5,0.5,0.40625,0.59375
robustness-20260918-025634-2cf93d,salt_pepper,0.01,"{""density"": 0.01}",0831,24.7354,0.864295,0.5,0.5,0.234375,0.765625
robustness-20260918-025634-2cf93d,salt_pepper,0.01,"{""density"": 0.01}",0832,24.4206,0.858404,0.484375,0.515625,0.40625,0.59375
robustness-20260918-025634-2cf93d,salt_pepper,0.01,"{""density"": 0.01}",0833,24.8463,0.818006,0.359375,0.640625,0.375,0.625
robustness-20260918-025634-2cf93d,salt_pepper,0.01,"{""density"": 0.01}",0834,24.3166,0.840046,0.453125,0.546875,0.375,0.625
robustness-20260918-025634-2cf93d,salt_pepper,0.01,"{""density"": 0.01}",0835,24.9557,0.862627,0.5,0.5,0.390625,0.609375
robustness-20260918-025634-2cf93d,salt_pepper,0.01,"{""density"": 0.01}",0836,24.9851,0.865929,0.421875,0.578125,0.421875,0.578125
robustness-20260918-025634-2cf93d,salt_pepper,0.01,"{""density"": 0.01}",0837,24.6699,0.894601,0.328125,0.671875,0.296875,0.703125
robustness-20260918-025634-2cf93d,salt_pepper,0.01,"{""density"": 0.01}",0838,24.7001,0.812372,0.484375,0.515625,0.4375,0.5625
robustness-20260918-025634-2cf93d,salt_pepper,0.01,"{""density"": 0.01}",0839,24.078,0.83259,0.40625,0.59375,0.46875,0.53125
robustness-20260918-025634-2cf93d,salt_pepper,0.01,"{""density"": 0.01}",0840,24.8594,0.880773,0.453125,0.546875,0.40625,0.59375
robustness-20260918-025634-2cf93d,salt_pepper,0.01,"{""density"": 0.01}",0841,24.6388,0.829636,0.34375,0.65625,0.484375,0.515625
robustness-20260918-025634-2cf93d,salt_pepper,0.01,"{""density"": 0.01}",0842,24.8237,0.840042,0.5,0.5,0.359375,0.640625
robustness-20260918-025634-2cf93d,salt_pepper,0.01,"{""density"": 0.01}",0843,23.6696,0.79871,0.484375,0.515625,0.4375,0.5625
robustness-20260918-025634-2cf93d,salt_pepper,0.01,"{""density"": 0.01}",0844,24.2867,0.796878,0.453125,0.546875,0.421875,0.578125
robustness-20260918-025634-2cf93d,salt_pepper,0.01,"{""density"": 0.01}",0845,24.2769,0.862017,0.421875,0.578125,0.578125,0.421875
robustness-20260918-025634-2cf93d,salt_pepper,0.01,"{""density"": 0.01}",0846,24.3227,0.872722,0.515625,0.484375,0.34375,0.65625
robustness-20260918-025634-2cf93d,salt_pepper,0.01,"{""density"": 0.01}",0847,24.7043,0.879167,0.546875,0.453125,0.4375,0.5625
robustness-20260918-025634-2cf93d,salt_pepper,0.01,"{""density"": 0.01}",0848,24.7317,0.867177,0.328125,0.671875,0.3125,0.6875
robustness-20260918-025634-2cf93d,salt_pepper,0.01,"{""density"": 0.01}",0849,24.6823,0.930615,0.421875,0.578125,0.25,0.75
robustness-20260918-025634-2cf93d,salt_pepper,0.01,"{""density"": 0.01}",0850,25.1109,0.835983,0.34375,0.65625,0.40625,0.59375
robustness-20260918-025634-2cf93d,salt_pepper,0.01,"{""density"": 0.01}",0851,24.4858,0.819003,0.453125,0.546875,0.484375,0.515625
robustness-20260918-025634-2cf93d,salt_pepper,0.01,"{""density"": 0.01}",0852,23.4106,0.806458,0.46875,0.53125,0.46875,0.53125
robustness-20260918-025634-2cf93d,salt_pepper,0.01,"{""density"": 0.01}",0853,24.3554,0.81433,0.578125,0.421875,0.484375,0.515625
robustness-20260918-025634-2cf93d,salt_pepper,0.01,"{""density"": 0.01}",0854,25.2285,0.846769,0.5,0.5,0.4375,0.5625
robustness-20260918-025634-2cf93d,salt_pepper,0.01,"{""density"": 0.01}",0855,25.293,0.802863,0.421875,0.578125,0.4375,0.5625
robustness-20260918-025634-2cf93d,salt_pepper,0.01,"{""density"": 0.01}",0856,24.6284,0.834906,0.53125,0.46875,0.484375,0.515625
robustness-20260918-025634-2cf93d,salt_pepper,0.01,"{""density"": 0.01}",0857,25.4558,0.773135,0.5,0.5,0.40625,0.59375
robustness-20260918-025634-2cf93d,salt_pepper,0.01,"{""density"": 0.01}",0858,23.9375,0.842127,0.484375,0.515625,0.390625,0.609375
robustness-20260918-025634-2cf93d,salt_pepper,0.01,"{""density"": 0.01}",0859,25.0291,0.852349,0.4375,0.5625,0.328125,0.671875
robustness-20260918-025634-2cf93d,salt_pepper,0.01,"{""density"": 0.01}",0860,24.7784,0.894068,0.453125,0.546875,0.375,0.625
robustness-20260918-025634-2cf93d,salt_pepper,0.01,"{""density"": 0.01}",0861,23.901,0.865588,0.5,0.5,0.421875,0.578125
robustness-20260918-025634-2cf93d,salt_pepper,0.01,"{""density"": 0.01}",0862,25.481,0.746926,0.5,0.5,0.546875,0.453125
robustness-20260918-025634-2cf93d,salt_pepper,0.01,"{""density"": 0.01}",0863,24.8836,0.834557,0.46875,0.53125,0.40625,0.59375
robustness-20260918-025634-2cf93d,salt_pepper,0.01,"{""density"": 0.01}",0864,25.0732,0.845885,0.4375,0.5625,0.328125,0.671875
robustness-20260918-025634-2cf93d,salt_pepper,0.01,"{""density"": 0.01}",0865,25.5273,0.835296,0.421875,0.578125,0.53125,0.46875
robustness-20260918-025634-2cf93d,salt_pepper,0.01,"{""density"": 0.01}",0866,25.5143,0.886144,0.34375,0.65625,0.4375,0.5625
robustness-20260918-025634-2cf93d,salt_pepper,0.01,"{""density"": 0.01}",0867,25.3169,0.8886,0.390625,0.609375,0.453125,0.546875
robustness-20260918-025634-2cf93d,salt_pepper,0.01,"{""density"": 0.01}",0868,24.4601,0.78182,0.484375,0.515625,0.28125,0.71875
robustness-20260918-025634-2cf93d,salt_pepper,0.01,"{""density"": 0.01}",0869,25.2645,0.820397,0.40625,0.59375,0.484375,0.515625
robustness-20260918-025634-2cf93d,salt_pepper,0.01,"{""density"": 0.01}",0870,25.2536,0.892492,0.390625,0.609375,0.40625,0.59375
robustness-20260918-025634-2cf93d,salt_pepper,0.01,"{""density"": 0.01}",0871,25.3462,0.864619,0.390625,0.609375,0.28125,0.71875
robustness-20260918-025634-2cf93d,salt_pepper,0.01,"{""density"": 0.01}",0872,25.231,0.890169,0.390625,0.609375,0.3125,0.6875
robustness-20260918-025634-2cf93d,salt_pepper,0.01,"{""density"": 0.01}",0873,25.254,0.848463,0.484375,0.515625,0.5625,0.4375
robustness-20260918-025634-2cf93d,salt_pepper,0.01,"{""density"": 0.01}",0874,25.4154,0.819156,0.359375,0.640625,0.484375,0.515625
robustness-20260918-025634-2cf93d,salt_pepper,0.01,"{""density"": 0.01}",0875,24.8864,0.903254,0.40625,0.59375,0.375,0.625
robustness-20260918-025634-2cf93d,salt_pepper,0.01,"{""density"": 0.01}",0876,24.3425,0.856633,0.484375,0.515625,0.484375,0.515625
robustness-20260918-025634-2cf93d,salt_pepper,0.01,"{""density"": 0.01}",0877,24.4514,0.807506,0.453125,0.546875,0.46875,0.53125
robustness-20260918-025634-2cf93d,salt_pepper,0.01,"{""density"": 0.01}",0878,25.4761,0.87149,0.390625,0.609375,0.40625,0.59375
robustness-20260918-025634-2cf93d,salt_pepper,0.01,"{""density"": 0.01}",0879,25.0088,0.806267,0.46875,0.53125,0.5625,0.4375
robustness-20260918-025634-2cf93d,salt_pepper,0.01,"{""density"": 0.01}",0880,25.6165,0.776278,0.453125,0.546875,0.4375,0.5625
robustness-20260918-025634-2cf93d,salt_pepper,0.01,"{""density"": 0.01}",0881,25.6226,0.785276,0.46875,0.53125,0.4375,0.5625
robustness-20260918-025634-2cf93d,salt_pepper,0.01,"{""density"": 0.01}",0882,24.9211,0.864615,0.34375,0.65625,0.28125,0.71875
robustness-20260918-025634-2cf93d,salt_pepper,0.01,"{""density"": 0.01}",0883,25.2784,0.876331,0.359375,0.640625,0.390625,0.609375
robustness-20260918-025634-2cf93d,salt_pepper,0.01,"{""density"": 0.01}",0884,24.8492,0.877785,0.453125,0.546875,0.375,0.625
robustness-20260918-025634-2cf93d,salt_pepper,0.01,"{""density"": 0.01}",0885,25.4452,0.843192,0.5,0.5,0.40625,0.59375
robustness-20260918-025634-2cf93d,salt_pepper,0.01,"{""density"": 0.01}",0886,25.0128,0.791431,0.53125,0.46875,0.390625,0.609375
robustness-20260918-025634-2cf93d,salt_pepper,0.01,"{""density"": 0.01}",0887,24.889,0.825625,0.359375,0.640625,0.40625,0.59375
robustness-20260918-025634-2cf93d,salt_pepper,0.01,"{""density"": 0.01}",0888,24.6915,0.889656,0.265625,0.734375,0.34375,0.65625
robustness-20260918-025634-2cf93d,salt_pepper,0.01,"{""density"": 0.01}",0889,24.7329,0.910765,0.3125,0.6875,0.296875,0.703125
robustness-20260918-025634-2cf93d,salt_pepper,0.01,"{""density"": 0.01}",0890,25.5346,0.776377,0.359375,0.640625,0.515625,0.484375
robustness-20260918-025634-2cf93d,salt_pepper,0.01,"{""density"": 0.01}",0891,25.1015,0.890796,0.453125,0.546875,0.3125,0.6875
robustness-20260918-025634-2cf93d,salt_pepper,0.01,"{""density"": 0.01}",0892,25.3388,0.908999,0.453125,0.546875,0.515625,0.484375
robustness-20260918-025634-2cf93d,salt_pepper,0.01,"{""density"": 0.01}",0893,24.6095,0.839503,0.359375,0.640625,0.46875,0.53125
robustness-20260918-025634-2cf93d,salt_pepper,0.01,"{""density"": 0.01}",0894,25.0915,0.815254,0.375,0.625,0.4375,0.5625
robustness-20260918-025634-2cf93d,salt_pepper,0.01,"{""density"": 0.01}",0895,25.305,0.870192,0.359375,0.640625,0.46875,0.53125
robustness-20260918-025634-2cf93d,salt_pepper,0.01,"{""density"": 0.01}",0896,23.9228,0.811382,0.453125,0.546875,0.421875,0.578125
robustness-20260918-025634-2cf93d,salt_pepper,0.01,"{""density"": 0.01}",0897,24.7247,0.942483,0.28125,0.71875,0.265625,0.734375
robustness-20260918-025634-2cf93d,salt_pepper,0.01,"{""density"": 0.01}",0898,25.236,0.75767,0.4375,0.5625,0.453125,0.546875
robustness-20260918-025634-2cf93d,salt_pepper,0.01,"{""density"": 0.01}",0899,24.6864,0.869019,0.375,0.625,0.34375,0.65625
robustness-20260918-025634-2cf93d,salt_pepper,0.01,"{""density"": 0.01}",0900,23.8988,0.855704,0.4375,0.5625,0.34375,0.65625
robustness-20260918-025634-2cf93d,salt_pepper,0.05,"{""density"": 0.05}",0801,18.1737,0.56804,0.375,0.625,0.46875,0.53125
robustness-20260918-025634-2cf93d,salt_pepper,0.05,"{""density"": 0.05}",0802,17.3501,0.574387,0.40625,0.59375,0.453125,0.546875
robustness-20260918-025634-2cf93d,salt_pepper,0.05,"{""density"": 0.05}",0803,18.0718,0.444009,0.453125,0.546875,0.453125,0.546875
robustness-20260918-025634-2cf93d,salt_pepper,0.05,"{""density"": 0.05}",0804,18.0466,0.597243,0.46875,0.53125,0.453125,0.546875
robustness-20260918-025634-2cf93d,salt_pepper,0.05,"{""density"": 0.05}",0805,17.9281,0.509411,0.40625,0.59375,0.453125,0.546875
robustness-20260918-025634-2cf93d,salt_pepper,0.05,"{""density"": 0.05}",0806,18.021,0.429897,0.515625,0.484375,0.390625,0.609375
robustness-20260918-025634-2cf93d,salt_pepper,0.05,"{""density"": 0.05}",0807,17.8262,0.5094,0.46875,0.53125,0.421875,0.578125
robustness-20260918-025634-2cf93d,salt_pepper,0.05,"{""density"": 0.05}",0808,17.623,0.397273,0.5,0.5,0.5625,0.4375
robustness-20260918-025634-2cf93d,salt_pepper,0.05,"{""density"": 0.05}",0809,18.3354,0.472317,0.453125,0.546875,0.5,0.5
robustness-20260918-025634-2cf93d,salt_pepper,0.05,"{""density"": 0.05}",0810,18.5323,0.416452,0.4375,0.5625,0.59375,0.40625
robustness-20260918-025634-2cf93d,salt_pepper,0.05,"{""density"": 0.05}",0811,17.546,0.450478,0.4375,0.5625,0.5,0.5
robustness-20260918-025634-2cf93d,salt_pepper,0.05,"{""density"": 0.05}",0812,18.2077,0.510958,0.578125,0.421875,0.421875,0.578125
robustness-20260918-025634-2cf93d,salt_pepper,0.05,"{""density"": 0.05}",0813,17.4685,0.506047,0.515625,0.484375,0.46875,0.53125
robustness-20260918-025634-2cf93d,salt_pepper,0.05,"{""density"": 0.05}",0814,18.348,0.330811,0.5,0.5,0.28125,0.71875
robustness-20260918-025634-2cf93d,salt_pepper,0.05,"{""density"": 0.05}",0815,18.2064,0.531222,0.4375,0.5625,0.515625,0.484375
robustness-20260918-025634-2cf93d,salt_pepper,0.05,"{""density"": 0.05}",0816,18.229,0.430463,0.546875,0.453125,0.46875,0.53125
robustness-20260918-025634-2cf93d,salt_pepper,0.05,"{""density"": 0.05}",0817,18.061,0.503942,0.4375,0.5625,0.53125,0.46875
robustness-20260918-025634-2cf93d,salt_pepper,0.05,"{""density"": 0.05}",0818,17.6201,0.511328,0.484375,0.515625,0.453125,0.546875
robustness-20260918-025634-2cf93d,salt_pepper,0.05,"{""density"": 0.05}",0819,18.0386,0.532676,0.421875,0.578125,0.546875,0.453125
robustness-20260918-025634-2cf93d,salt_pepper,0.05,"{""density"": 0.05}",0820,17.7433,0.628349,0.53125,0.46875,0.578125,0.421875
robustness-20260918-025634-2cf93d,salt_pepper,0.05,"{""density"": 0.05}",0821,17.6206,0.749273,0.46875,0.53125,0.46875,0.53125
robustness-20260918-025634-2cf93d,salt_pepper,0.05,"{""density"": 0.05}",0822,17.6862,0.554666,0.5,0.5,0.421875,0.578125
robustness-20260918-025634-2cf93d,salt_pepper,0.05,"{""density"": 0.05}",0823,17.9265,0.467445,0.5,0.5,0.484375,0.515625
robustness-20260918-025634-2cf93d,salt_pepper,0.05,"{""density"": 0.05}",0824,17.9697,0.513632,0.46875,0.53125,0.484375,0.515625
robustness-20260918-025634-2cf93d,salt_pepper,0.05,"{""density"": 0.05}",0825,18.1773,0.620011,0.46875,0.53125,0.46875,0.53125
robustness-20260918-025634-2cf93d,salt_pepper,0.05,"{""density"": 0.05}",0826,17.737,0.48812,0.578125,0.421875,0.453125,0.546875
robustness-20260918-025634-2cf93d,salt_pepper,0.05,"{""density"": 0.05}",0827,17.0582,0.358965,0.484375,0.515625,0.5,0.5
robustness-20260918-025634-2cf93d,salt_pepper,0.05,"{""density"": 0.05}",0828,17.3293,0.528163,0.4375,0.5625,0.640625,0.359375
robustness-20260918-025634-2cf93d,salt_pepper,0.05,"{""density"": 0.05}",0829,18.0298,0.420262,0.484375,0.515625,0.546875,0.453125
robustness-20260918-025634-2cf93d,salt_pepper,0.05,"{""density"": 0.05}",0830,18.4075,0.407672,0.46875,0.53125,0.4375,0.5625
robustness-20260918-025634-2cf93d,salt_pepper,0.05,"{""density"": 0.05}",0831,17.715,0.537151,0.515625,0.484375,0.296875,0.703125
robustness-20260918-025634-2cf93d,salt_pepper,0.05,"{""density"": 0.05}",0832,17.8494,0.554673,0.46875,0.53125,0.484375,0.515625
robustness-20260918-025634-2cf93d,salt_pepper,0.05,"{""density"": 0.05}",0833,17.7189,0.417424,0.484375,0.515625,0.421875,0.578125
robustness-20260918-025634-2cf93d,salt_pepper,0.05,"{""density"": 0.05}",0834,17.3888,0.482938,0.4375,0.5625,0.5,0.5
robustness-20260918-025634-2cf93d,salt_pepper,0.05,"{""density"": 0.05}",0835,18.0821,0.532523,0.359375,0.640625,0.421875,0.578125
robustness-20260918-025634-2cf93d,salt_pepper,0.05,"{""density"": 0.05}",0836,17.8026,0.547868,0.5,0.5,0.578125,0.421875
robustness-20260918-025634-2cf93d,salt_pepper,0.05,"{""density"": 0.05}",0837,17.8441,0.625784,0.515625,0.484375,0.46875,0.53125
robustness-20260918-025634-2cf93d,salt_pepper,0.05,"{""density"": 0.05}",0838,17.7787,0.40391,0.53125,0.46875,0.53125,0.46875
robustness-20260918-025634-2cf93d,salt_pepper,0.05,"{""density"": 0.05}",0839,17.1733,0.446126,0.59375,0.40625,0.53125,0.46875
robustness-20260918-025634-2cf93d,salt_pepper,0.05,"{""density"": 0.05}",0840,17.7257,0.567865,0.4375,0.5625,0.5,0.5
robustness-20260918-025634-2cf93d,salt_pepper,0.05,"{""density"": 0.05}",0841,17.6209,0.4539,0.390625,0.609375,0.609375,0.390625
robustness-20260918-025634-2cf93d,salt_pepper,0.05,"{""density"": 0.05}",0842,17.6832,0.473018,0.390625,0.609375,0.421875,0.578125
robustness-20260918-025634-2cf93d,salt_pepper,0.05,"{""density"": 0.05}",0843,16.8201,0.36351,0.5,0.5,0.46875,0.53125
robustness-20260918-025634-2cf93d,salt_pepper,0.05,"{""density"": 0.05}",0844,17.1022,0.343267,0.40625,0.59375,0.46875,0.53125
robustness-20260918-025634-2cf93d,salt_pepper,0.05,"{""density"": 0.05}",0845,17.337,0.524762,0.5,0.5,0.59375,0.40625
robustness-20260918-025634-2cf93d,salt_pepper,0.05,"{""density"": 0.05}",0846,17.1505,0.522952,0.5,0.5,0.40625,0.59375
robustness-20260918-025634-2cf93d,salt_pepper,0.05,"{""density"": 0.05}",0847,17.6093,0.572227,0.53125,0.46875,0.578125,0.421875
robustness-20260918-025634-2cf93d,salt_pepper,0.05,"{""density"": 0.05}",0848,17.7669,0.550872,0.421875,0.578125,0.390625,0.609375
robustness-20260918-025634-2cf93d,salt_pepper,0.05,"{""density"": 0.05}",0849,17.7309,0.713953,0.484375,0.515625,0.453125,0.546875
robustness-20260918-025634-2cf93d,salt_pepper,0.05,"{""density"": 0.05}",0850,18.1698,0.483815,0.375,0.625,0.5,0.5
robustness-20260918-025634-2cf93d,salt_pepper,0.05,"{""density"": 0.05}",0851,17.4169,0.435557,0.53125,0.46875,0.546875,0.453125
robustness-20260918-025634-2cf93d,salt_pepper,0.05,"{""density"": 0.05}",0852,16.4024,0.358335,0.453125,0.546875,0.46875,0.53125
robustness-20260918-025634-2cf93d,salt_pepper,0.05,"{""density"": 0.05}",0853,17.3926,0.405337,0.5,0.5,0.546875,0.453125
robustness-20260918-025634-2cf93d,salt_pepper,0.05,"{""density"": 0.05}",0854,18.2026,0.50499,0.5,0.5,0.53125,0.46875
robustness-20260918-025634-2cf93d,salt_pepper,0.05,"{""density"": 0.05}",0855,18.1667,0.412803,0.5625,0.4375,0.5,0.5
robustness-20260918-025634-2cf93d,salt_pepper,0.05,"{""density"": 0.05}",0856,17.6748,0.444158,0.53125,0.46875,0.515625,0.484375
robustness-20260918-025634-2cf93d,salt_pepper,0.05,"{""density"": 0.05}",0857,18.5139,0.344284,0.4375,0.5625,0.5,0.5
robustness-20260918-025634-2cf93d,salt_pepper,0.05,"{""density"": 0.05}",0858,16.9447,0.459426,0.53125,0.46875,0.453125,0.546875
robustness-20260918-025634-2cf93d,salt_pepper,0.05,"{""density"": 0.05}",0859,18.215,0.526042,0.5625,0.4375,0.453125,0.546875
robustness-20260918-025634-2cf93d,salt_pepper,0.05,"{""density"": 0.05}",0860,17.9693,0.624674,0.53125,0.46875,0.484375,0.515625
robustness-20260918-025634-2cf93d,salt_pepper,0.05,"{""density"": 0.05}",0861,16.9356,0.518503,0.578125,0.421875,0.515625,0.484375
robustness-20260918-025634-2cf93d,salt_pepper,0.05,"{""density"": 0.05}",0862,18.4565,0.289324,0.40625,0.59375,0.578125,0.421875
robustness-20260918-025634-2cf93d,salt_pepper,0.05,"{""density"": 0.05}",0863,17.7076,0.455842,0.375,0.625,0.46875,0.53125
robustness-20260918-025634-2cf93d,salt_pepper,0.05,"{""density"": 0.05}",0864,18.071,0.488298,0.375,0.625,0.40625,0.59375
robustness-20260918-025634-2cf93d,salt_pepper,0.05,"{""density"": 0.05}",0865,18.4191,0.468483,0.46875,0.53125,0.609375,0.390625
robustness-20260918-025634-2cf93d,salt_pepper,0.05,"{""density"": 0.05}",0866,18.3137,0.596828,0.46875,0.53125,0.546875,0.453125
robustness-20260918-025634-2cf93d,salt_pepper,0.05,"{""density"": 0.05}",0867,18.1507,0.601439,0.4375,0.5625,0.484375,0.515625
robustness-20260918-025634-2cf93d,salt_pepper,0.05,"{""density"": 0.05}",0868,17.3564,0.333781,0.421875,0.578125,0.328125,0.671875
robustness-20260918-025634-2cf93d,salt_pepper,0.05,"{""density"": 0.05}",0869,18.1437,0.467583,0.390625,0.609375,0.53125,0.46875
robustness-20260918-025634-2cf93d,salt_pepper,0.05,"{""density"": 0.05}",0870,18.227,0.606522,0.484375,0.515625,0.484375,0.515625
robustness-20260918-025634-2cf93d,salt_pepper,0.05,"{""density"": 0.05}",0871,18.4325,0.546907,0.453125,0.546875,0.421875,0.578125
robustness-20260918-025634-2cf93d,salt_pepper,0.05,"{""density"": 0.05}",0872,18.2101,0.616073,0.484375,0.515625,0.390625,0.609375
robustness-20260918-025634-2cf93d,salt_pepper,0.05,"{""density"": 0.05}",0873,18.1807,0.502108,0.515625,0.484375,0.625,0.375
robustness-20260918-025634-2cf93d,salt_pepper,0.05,"{""density"": 0.05}",0874,18.3736,0.430306,0.390625,0.609375,0.53125,0.46875
robustness-20260918-025634-2cf93d,salt_pepper,0.05,"{""density"": 0.05}",0875,17.8988,0.648795,0.515625,0.484375,0.46875,0.53125
robustness-20260918-025634-2cf93d,salt_pepper,0.05,"{""density"": 0.05}",0876,17.246,0.491766,0.484375,0.515625,0.546875,0.453125
robustness-20260918-025634-2cf93d,salt_pepper,0.05,"{""density"": 0.05}",0877,17.3664,0.378402,0.53125,0.46875,0.5,0.5
robustness-20260918-025634-2cf93d,salt_pepper,0.05,"{""density"": 0.05}",0878,18.2847,0.556842,0.578125,0.421875,0.515625,0.484375
robustness-20260918-025634-2cf93d,salt_pepper,0.05,"{""density"": 0.05}",0879,17.9891,0.437224,0.515625,0.484375,0.59375,0.40625
robustness-20260918-025634-2cf93d,salt_pepper,0.05,"{""density"": 0.05}",0880,18.6304,0.372667,0.4375,0.5625,0.46875,0.53125
robustness-20260918-025634-2cf93d,salt_pepper,0.05,"{""density"": 0.05}",0881,18.4856,0.377523,0.359375,0.640625,0.515625,0.484375
robustness-20260918-025634-2cf93d,salt_pepper,0.05,"{""density"": 0.05}",0882,17.8441,0.551624,0.453125,0.546875,0.46875,0.53125
robustness-20260918-025634-2cf93d,salt_pepper,0.05,"{""density"": 0.05}",0883,18.1965,0.582239,0.421875,0.578125,0.5,0.5
robustness-20260918-025634-2cf93d,salt_pepper,0.05,"{""density"": 0.05}",0884,17.9763,0.572161,0.53125,0.46875,0.484375,0.515625
robustness-20260918-025634-2cf93d,salt_pepper,0.05,"{""density"": 0.05}",0885,18.2195,0.475654,0.46875,0.53125,0.46875,0.53125
robustness-20260918-025634-2cf93d,salt_pepper,0.05,"{""density"": 0.05}",0886,17.9875,0.381444,0.453125,0.546875,0.4375,0.5625
robustness-20260918-025634-2cf93d,salt_pepper,0.05,"{""density"": 0.05}",0887,17.7252,0.4428,0.53125,0.46875,0.5,0.5
robustness-20260918-025634-2cf93d,salt_pepper,0.05,"{""density"": 0.05}",0888,17.9763,0.625853,0.453125,0.546875,0.421875,0.578125
robustness-20260918-025634-2cf93d,salt_pepper,0.05,"{""density"": 0.05}",0889,17.7532,0.669119,0.359375,0.640625,0.4375,0.5625
robustness-20260918-025634-2cf93d,salt_pepper,0.05,"{""density"": 0.05}",0890,18.5592,0.364029,0.4375,0.5625,0.53125,0.46875
robustness-20260918-025634-2cf93d,salt_pepper,0.05,"{""density"": 0.05}",0891,18.076,0.625519,0.40625,0.59375,0.40625,0.59375
robustness-20260918-025634-2cf93d,salt_pepper,0.05,"{""density"": 0.05}",0892,18.0046,0.631983,0.59375,0.40625,0.609375,0.390625
robustness-20260918-025634-2cf93d,salt_pepper,0.05,"{""density"": 0.05}",0893,17.5585,0.480032,0.5,0.5,0.59375,0.40625
robustness-20260918-025634-2cf93d,salt_pepper,0.05,"{""density"": 0.05}",0894,17.8959,0.407951,0.46875,0.53125,0.46875,0.53125
robustness-20260918-025634-2cf93d,salt_pepper,0.05,"{""density"": 0.05}",0895,18.2397,0.550374,0.53125,0.46875,0.515625,0.484375
robustness-20260918-025634-2cf93d,salt_pepper,0.05,"{""density"": 0.05}",0896,16.8082,0.389775,0.53125,0.46875,0.53125,0.46875
robustness-20260918-025634-2cf93d,salt_pepper,0.05,"{""density"": 0.05}",0897,17.7638,0.766654,0.5,0.5,0.4375,0.5625
robustness-20260918-025634-2cf93d,salt_pepper,0.05,"{""density"": 0.05}",0898,18.1909,0.327243,0.546875,0.453125,0.53125,0.46875
robustness-20260918-025634-2cf93d,salt_pepper,0.05,"{""density"": 0.05}",0899,17.6448,0.55527,0.484375,0.515625,0.40625,0.59375
robustness-20260918-025634-2cf93d,salt_pepper,0.05,"{""density"": 0.05}",0900,16.9861,0.518124,0.453125,0.546875,0.390625,0.609375
robustness-20260918-025634-2cf93d,gaussian_blur,3.0,"{""ksize"": 3}",0801,28.4856,0.903056,0.453125,0.546875,0.46875,0.53125
robustness-20260918-025634-2cf93d,gaussian_blur,3.0,"{""ksize"": 3}",0802,32.483,0.973194,0.390625,0.609375,0.546875,0.453125
robustness-20260918-025634-2cf93d,gaussian_blur,3.0,"{""ksize"": 3}",0803,31.5286,0.962485,0.484375,0.515625,0.46875,0.53125
robustness-20260918-025634-2cf93d,gaussian_blur,3.0,"{""ksize"": 3}",0804,27.6519,0.9172,0.375,0.625,0.59375,0.40625
robustness-20260918-025634-2cf93d,gaussian_blur,3.0,"{""ksize"": 3}",0805,30.3382,0.920199,0.40625,0.59375,0.515625,0.484375
robustness-20260918-025634-2cf93d,gaussian_blur,3.0,"{""ksize"": 3}",0806,31.7085,0.954271,0.46875,0.53125,0.53125,0.46875
robustness-20260918-025634-2cf93d,gaussian_blur,3.0,"{""ksize"": 3}",0807,28.6349,0.898933,0.46875,0.53125,0.53125,0.46875
robustness-20260918-025634-2cf93d,gaussian_blur,3.0,"{""ksize"": 3}",0808,30.6707,0.950886,0.4375,0.5625,0.453125,0.546875
robustness-20260918-025634-2cf93d,gaussian_blur,3.0,"{""ksize"": 3}",0809,31.3069,0.904443,0.328125,0.671875,0.4375,0.5625
robustness-20260918-025634-2cf93d,gaussian_blur,3.0,"{""ksize"": 3}",0810,31.8072,0.922254,0.484375,0.515625,0.359375,0.640625
robustness-20260918-025634-2cf93d,gaussian_blur,3.0,"{""ksize"": 3}",0811,31.1633,0.905628,0.390625,0.609375,0.453125,0.546875
robustness-20260918-025634-2cf93d,gaussian_blur,3.0,"{""ksize"": 3}",0812,28.3682,0.925828,0.484375,0.515625,0.53125,0.46875
robustness-20260918-025634-2cf93d,gaussian_blur,3.0,"{""ksize"": 3}",0813,29.0729,0.938599,0.5,0.5,0.46875,0.53125
robustness-20260918-025634-2cf93d,gaussian_blur,3.0,"{""ksize"": 3}",0814,30.8691,0.950647,0.40625,0.59375,0.671875,0.328125
robustness-20260918-025634-2cf93d,gaussian_blur,3.0,"{""ksize"": 3}",0815,30.7415,0.945934,0.390625,0.609375,0.453125,0.546875
robustness-20260918-025634-2cf93d,gaussian_blur,3.0,"{""ksize"": 3}",0816,32.34,0.936926,0.484375,0.515625,0.484375,0.515625
robustness-20260918-025634-2cf93d,gaussian_blur,3.0,"{""ksize"": 3}",0817,28.6585,0.921141,0.421875,0.578125,0.421875,0.578125
robustness-20260918-025634-2cf93d,gaussian_blur,3.0,"{""ksize"": 3}",0818,27.7702,0.932644,0.375,0.625,0.5625,0.4375
robustness-20260918-025634-2cf93d,gaussian_blur,3.0,"{""ksize"": 3}",0819,29.0918,0.897673,0.375,0.625,0.453125,0.546875
robustness-20260918-025634-2cf93d,gaussian_blur,3.0,"{""ksize"": 3}",0820,24.2211,0.856045,0.390625,0.609375,0.390625,0.609375
robustness-20260918-025634-2cf93d,gaussian_blur,3.0,"{""ksize"": 3}",0821,22.3177,0.882657,0.453125,0.546875,0.4375,0.5625
robustness-20260918-025634-2cf93d,gaussian_blur,3.0,"{""ksize"": 3}",0822,28.1759,0.882219,0.453125,0.546875,0.578125,0.421875
robustness-20260918-025634-2cf93d,gaussian_blur,3.0,"{""ksize"": 3}",0823,28.698,0.939512,0.484375,0.515625,0.515625,0.484375
robustness-20260918-025634-2cf93d,gaussian_blur,3.0,"{""ksize"": 3}",0824,28.3959,0.945283,0.375,0.625,0.484375,0.515625
robustness-20260918-025634-2cf93d,gaussian_blur,3.0,"{""ksize"": 3}",0825,26.5055,0.902797,0.328125,0.671875,0.40625,0.59375
robustness-20260918-025634-2cf93d,gaussian_blur,3.0,"{""ksize"": 3}",0826,28.3501,0.916812,0.46875,0.53125,0.578125,0.421875
robustness-20260918-025634-2cf93d,gaussian_blur,3.0,"{""ksize"": 3}",0827,33.8777,0.94201,0.5,0.5,0.453125,0.546875
robustness-20260918-025634-2cf93d,gaussian_blur,3.0,"{""ksize"": 3}",0828,25.1025,0.830812,0.484375,0.515625,0.375,0.625
robustness-20260918-025634-2cf93d,gaussian_blur,3.0,"{""ksize"": 3}",0829,31.2328,0.9413,0.46875,0.53125,0.5,0.5
robustness-20260918-025634-2cf93d,gaussian_blur,3.0,"{""ksize"": 3}",0830,29.1952,0.912911,0.484375,0.515625,0.5,0.5
robustness-20260918-025634-2cf93d,gaussian_blur,3.0,"{""ksize"": 3}",0831,28.2864,0.921055,0.4375,0.5625,0.59375,0.40625
robustness-20260918-025634-2cf93d,gaussian_blur,3.0,"{""ksize"": 3}",0832,27.6458,0.924431,0.453125,0.546875,0.421875,0.578125
robustness-20260918-025634-2cf93d,gaussian_blur,3.0,"{""ksize"": 3}",0833,29.9882,0.956112,0.4375,0.5625,0.546875,0.453125
robustness-20260918-025634-2cf93d,gaussian_blur,3.0,"{""ksize"": 3}",0834,30.0194,0.93827,0.296875,0.703125,0.53125,0.46875
robustness-20260918-025634-2cf93d,gaussian_blur,3.0,"{""ksize"": 3}",0835,28.6924,0.888191,0.453125,0.546875,0.515625,0.484375
robustness-20260918-025634-2cf93d,gaussian_blur,3.0,"{""ksize"": 3}",0836,26.9389,0.908568,0.40625,0.59375,0.4375,0.5625
robustness-20260918-025634-2cf93d,gaussian_blur,3.0,"{""ksize"": 3}",0837,26.7933,0.905236,0.34375,0.65625,0.46875,0.53125
robustness-20260918-025634-2cf93d,gaussian_blur,3.0,"{""ksize"": 3}",0838,37.0387,0.980591,0.4375,0.5625,0.40625,0.59375
robustness-20260918-025634-2cf93d,gaussian_blur,3.0,"{""ksize"": 3}",0839,31.9708,0.940422,0.484375,0.515625,0.4375,0.5625
robustness-20260918-025634-2cf93d,gaussian_blur,3.0,"{""ksize"": 3}",0840,28.9713,0.907992,0.390625,0.609375,0.453125,0.546875
robustness-20260918-025634-2cf93d,gaussian_blur,3.0,"{""ksize"": 3}",0841,29.8184,0.922673,0.46875,0.53125,0.359375,0.640625
robustness-20260918-025634-2cf93d,gaussian_blur,3.0,"{""ksize"": 3}",0842,31.2857,0.946552,0.5,0.5,0.5,0.5
robustness-20260918-025634-2cf93d,gaussian_blur,3.0,"{""ksize"": 3}",0843,35.9899,0.991414,0.515625,0.484375,0.5625,0.4375
robustness-20260918-025634-2cf93d,gaussian_blur,3.0,"{""ksize"": 3}",0844,35.069,0.977796,0.4375,0.5625,0.484375,0.515625
robustness-20260918-025634-2cf93d,gaussian_blur,3.0,"{""ksize"": 3}",0845,27.4252,0.904715,0.4375,0.5625,0.296875,0.703125
robustness-20260918-025634-2cf93d,gaussian_blur,3.0,"{""ksize"": 3}",0846,26.6752,0.894111,0.515625,0.484375,0.5,0.5
robustness-20260918-025634-2cf93d,gaussian_blur,3.0,"{""ksize"": 3}",0847,27.1584,0.922993,0.515625,0.484375,0.375,0.625
robustness-20260918-025634-2cf93d,gaussian_blur,3.0,"{""ksize"": 3}",0848,28.2246,0.935667,0.328125,0.671875,0.453125,0.546875
robustness-20260918-025634-2cf93d,gaussian_blur,3.0,"{""ksize"": 3}",0849,23.2052,0.880109,0.40625,0.59375,0.5,0.5
robustness-20260918-025634-2cf93d,gaussian_blur,3.0,"{""ksize"": 3}",0850,30.3,0.932316,0.34375,0.65625,0.421875,0.578125
robustness-20260918-025634-2cf93d,gaussian_blur,3.0,"{""ksize"": 3}",0851,29.0279,0.952751,0.390625,0.609375,0.484375,0.515625
robustness-20260918-025634-2cf93d,gaussian_blur,3.0,"{""ksize"": 3}",0852,35.9335,0.942867,0.40625,0.59375,0.484375,0.515625
robustness-20260918-025634-2cf93d,gaussian_blur,3.0,"{""ksize"": 3}",0853,30.8453,0.94664,0.4375,0.5625,0.390625,0.609375
robustness-20260918-025634-2cf93d,gaussian_blur,3.0,"{""ksize"": 3}",0854,27.8186,0.905782,0.453125,0.546875,0.484375,0.515625
robustness-20260918-025634-2cf93d,gaussian_blur,3.0,"{""ksize"": 3}",0855,30.9395,0.929239,0.359375,0.640625,0.40625,0.59375
robustness-20260918-025634-2cf93d,gaussian_blur,3.0,"{""ksize"": 3}",0856,28.9251,0.856436,0.46875,0.53125,0.484375,0.515625
robustness-20260918-025634-2cf93d,gaussian_blur,3.0,"{""ksize"": 3}",0857,36.4129,0.978606,0.34375,0.65625,0.421875,0.578125
robustness-20260918-025634-2cf93d,gaussian_blur,3.0,"{""ksize"": 3}",0858,30.8086,0.906731,0.46875,0.53125,0.5,0.5
robustness-20260918-025634-2cf93d,gaussian_blur,3.0,"{""ksize"": 3}",0859,28.9731,0.894974,0.40625,0.59375,0.484375,0.515625
robustness-20260918-025634-2cf93d,gaussian_blur,3.0,"{""ksize"": 3}",0860,26.0371,0.86103,0.453125,0.546875,0.515625,0.484375
robustness-20260918-025634-2cf93d,gaussian_blur,3.0,"{""ksize"": 3}",0861,27.135,0.881044,0.46875,0.53125,0.484375,0.515625
robustness-20260918-025634-2cf93d,gaussian_blur,3.0,"{""ksize"": 3}",0862,37.793,0.965819,0.546875,0.453125,0.390625,0.609375
robustness-20260918-025634-2cf93d,gaussian_blur,3.0,"{""ksize"": 3}",0863,32.4386,0.962184,0.40625,0.59375,0.46875,0.53125
robustness-20260918-025634-2cf93d,gaussian_blur,3.0,"{""ksize"": 3}",0864,31.7997,0.926063,0.421875,0.578125,0.578125,0.421875
robustness-20260918-025634-2cf93d,gaussian_blur,3.0,"{""ksize"": 3}",0865,30.7776,0.932444,0.34375,0.65625,0.375,0.625
robustness-20260918-025634-2cf93d,gaussian_blur,3.0,"{""ksize"": 3}",0866,28.0466,0.906446,0.34375,0.65625,0.390625,0.609375
robustness-20260918-025634-2cf93d,gaussian_blur,3.0,"{""ksize"": 3}",0867,27.6565,0.911955,0.53125,0.46875,0.40625,0.59375
robustness-20260918-025634-2cf93d,gaussian_blur,3.0,"{""ksize"": 3}",0868,31.4727,0.973434,0.546875,0.453125,0.5625,0.4375
robustness-20260918-025634-2cf93d,gaussian_blur,3.0,"{""ksize"": 3}",0869,30.268,0.923341,0.46875,0.53125,0.4375,0.5625
robustness-20260918-025634-2cf93d,gaussian_blur,3.0,"{""ksize"": 3}",0870,27.3212,0.882142,0.375,0.625,0.484375,0.515625
robustness-20260918-025634-2cf93d,gaussian_blur,3.0,"{""ksize"": 3}",0871,29.89,0.938279,0.359375,0.640625,0.546875,0.453125
robustness-20260918-025634-2cf93d,gaussian_blur,3.0,"{""ksize"": 3}",0872,27.14,0.907739,0.359375,0.640625,0.46875,0.53125
robustness-20260918-025634-2cf93d,gaussian_blur,3.0,"{""ksize"": 3}",0873,28.3822,0.89659,0.53125,0.46875,0.359375,0.640625
robustness-20260918-025634-2cf93d,gaussian_blur,3.0,"{""ksize"": 3}",0874,31.548,0.919029,0.421875,0.578125,0.46875,0.53125
robustness-20260918-025634-2cf93d,gaussian_blur,3.0,"{""ksize"": 3}",0875,26.6894,0.903687,0.46875,0.53125,0.453125,0.546875
robustness-20260918-025634-2cf93d,gaussian_blur,3.0,"{""ksize"": 3}",0876,29.8662,0.888464,0.4375,0.5625,0.375,0.625
robustness-20260918-025634-2cf93d,gaussian_blur,3.0,"{""ksize"": 3}",0877,33.7656,0.961273,0.40625,0.59375,0.46875,0.53125
robustness-20260918-025634-2cf93d,gaussian_blur,3.0,"{""ksize"": 3}",0878,28.28,0.907103,0.5,0.5,0.46875,0.53125
robustness-20260918-025634-2cf93d,gaussian_blur,3.0,"{""ksize"": 3}",0879,28.8969,0.946045,0.4375,0.5625,0.375,0.625
robustness-20260918-025634-2cf93d,gaussian_blur,3.0,"{""ksize"": 3}",0880,32.2651,0.946905,0.375,0.625,0.46875,0.53125
robustness-20260918-025634-2cf93d,gaussian_blur,3.0,"{""ksize"": 3}",0881,32.0855,0.944415,0.484375,0.515625,0.4375,0.5625
robustness-20260918-025634-2cf93d,gaussian_blur,3.0,"{""ksize"": 3}",0882,28.5682,0.965615,0.515625,0.484375,0.46875,0.53125
robustness-20260918-025634-2cf93d,gaussian_blur,3.0,"{""ksize"": 3}",0883,28.0472,0.911159,0.421875,0.578125,0.515625,0.484375
robustness-20260918-025634-2cf93d,gaussian_blur,3.0,"{""ksize"": 3}",0884,28.0385,0.906012,0.515625,0.484375,0.515625,0.484375
robustness-20260918-025634-2cf93d,gaussian_blur,3.0,"{""ksize"": 3}",0885,27.8412,0.849609,0.5,0.5,0.515625,0.484375
robustness-20260918-025634-2cf93d,gaussian_blur,3.0,"{""ksize"": 3}",0886,32.2631,0.973141,0.46875,0.53125,0.484375,0.515625
robustness-20260918-025634-2cf93d,gaussian_blur,3.0,"{""ksize"": 3}",0887,28.91,0.927056,0.546875,0.453125,0.46875,0.53125
robustness-20260918-025634-2cf93d,gaussian_blur,3.0,"{""ksize"": 3}",0888,27.1476,0.930393,0.28125,0.71875,0.453125,0.546875
robustness-20260918-025634-2cf93d,gaussian_blur,3.0,"{""ksize"": 3}",0889,26.0868,0.904327,0.3125,0.6875,0.578125,0.421875
robustness-20260918-025634-2cf93d,gaussian_blur,3.0,"{""ksize"": 3}",0890,32.1845,0.939112,0.375,0.625,0.453125,0.546875
robustness-20260918-025634-2cf93d,gaussian_blur,3.0,"{""ksize"": 3}",0891,26.6117,0.910266,0.328125,0.671875,0.5,0.5
robustness-20260918-025634-2cf93d,gaussian_blur,3.0,"{""ksize"": 3}",0892,26.0937,0.889535,0.546875,0.453125,0.390625,0.609375
robustness-20260918-025634-2cf93d,gaussian_blur,3.0,"{""ksize"": 3}",0893,29.254,0.942,0.359375,0.640625,0.453125,0.546875
robustness-20260918-025634-2cf93d,gaussian_blur,3.0,"{""ksize"": 3}",0894,30.958,0.91281,0.40625,0.59375,0.53125,0.46875
robustness-20260918-025634-2cf93d,gaussian_blur,3.0,"{""ksize"": 3}",0895,27.2788,0.854752,0.4375,0.5625,0.40625,0.59375
robustness-20260918-025634-2cf93d,gaussian_blur,3.0,"{""ksize"": 3}",0896,30.2886,0.971319,0.4375,0.5625,0.390625,0.609375
robustness-20260918-025634-2cf93d,gaussian_blur,3.0,"{""ksize"": 3}",0897,22.2675,0.857163,0.421875,0.578125,0.421875,0.578125
robustness-20260918-025634-2cf93d,gaussian_blur,3.0,"{""ksize"": 3}",0898,31.9665,0.971778,0.484375,0.515625,0.40625,0.59375
robustness-20260918-025634-2cf93d,gaussian_blur,3.0,"{""ksize"": 3}",0899,26.6618,0.917257,0.40625,0.59375,0.53125,0.46875
robustness-20260918-025634-2cf93d,gaussian_blur,3.0,"{""ksize"": 3}",0900,27.6046,0.920992,0.328125,0.671875,0.546875,0.453125
robustness-20260918-025634-2cf93d,gaussian_blur,5.0,"{""ksize"": 5}",0801,25.9629,0.819943,0.40625,0.59375,0.484375,0.515625
robustness-20260918-025634-2cf93d,gaussian_blur,5.0,"{""ksize"": 5}",0802,29.198,0.944744,0.4375,0.5625,0.546875,0.453125
robustness-20260918-025634-2cf93d,gaussian_blur,5.0,"{""ksize"": 5}",0803,28.7924,0.929802,0.390625,0.609375,0.46875,0.53125
robustness-20260918-025634-2cf93d,gaussian_blur,5.0,"{""ksize"": 5}",0804,24.928,0.84553,0.359375,0.640625,0.59375,0.40625
robustness-20260918-025634-2cf93d,gaussian_blur,5.0,"{""ksize"": 5}",0805,28.0092,0.858887,0.515625,0.484375,0.515625,0.484375
robustness-20260918-025634-2cf93d,gaussian_blur,5.0,"{""ksize"": 5}",0806,29.1829,0.917243,0.5,0.5,0.546875,0.453125
robustness-20260918-025634-2cf93d,gaussian_blur,5.0,"{""ksize"": 5}",0807,26.3472,0.824603,0.4375,0.5625,0.53125,0.46875
robustness-20260918-025634-2cf93d,gaussian_blur,5.0,"{""ksize"": 5}",0808,28.1279,0.913317,0.484375,0.515625,0.46875,0.53125
robustness-20260918-025634-2cf93d,gaussian_blur,5.0,"{""ksize"": 5}",0809,28.8449,0.828257,0.390625,0.609375,0.4375,0.5625
robustness-20260918-025634-2cf93d,gaussian_blur,5.0,"{""ksize"": 5}",0810,29.6103,0.86869,0.5,0.5,0.375,0.625
robustness-20260918-025634-2cf93d,gaussian_blur,5.0,"{""ksize"": 5}",0811,28.7712,0.830894,0.5,0.5,0.453125,0.546875
robustness-20260918-025634-2cf93d,gaussian_blur,5.0,"{""ksize"": 5}",0812,25.794,0.865927,0.4375,0.5625,0.53125,0.46875
robustness-20260918-025634-2cf93d,gaussian_blur,5.0,"{""ksize"": 5}",0813,26.4308,0.884455,0.484375,0.515625,0.484375,0.515625
robustness-20260918-025634-2cf93d,gaussian_blur,5.0,"{""ksize"": 5}",0814,28.5927,0.912884,0.4375,0.5625,0.671875,0.328125
robustness-20260918-025634-2cf93d,gaussian_blur,5.0,"{""ksize"": 5}",0815,27.9628,0.891965,0.46875,0.53125,0.46875,0.53125
robustness-20260918-025634-2cf93d,gaussian_blur,5.0,"{""ksize"": 5}",0816,29.6852,0.884243,0.46875,0.53125,0.5,0.5
robustness-20260918-025634-2cf93d,gaussian_blur,5.0,"{""ksize"": 5}",0817,26.0815,0.851803,0.4375,0.5625,0.421875,0.578125
robustness-20260918-025634-2cf93d,gaussian_blur,5.0,"{""ksize"": 5}",0818,25.1995,0.872383,0.4375,0.5625,0.578125,0.421875
robustness-20260918-025634-2cf93d,gaussian_blur,5.0,"{""ksize"": 5}",0819,26.6493,0.817197,0.484375,0.515625,0.46875,0.53125
robustness-20260918-025634-2cf93d,gaussian_blur,5.0,"{""ksize"": 5}",0820,21.9288,0.748008,0.5625,0.4375,0.390625,0.609375
robustness-20260918-025634-2cf93d,gaussian_blur,5.0,"{""ksize"": 5}",0821,19.8165,0.779759,0.546875,0.453125,0.453125,0.546875
robustness-20260918-025634-2cf93d,gaussian_blur,5.0,"{""ksize"": 5}",0822,25.7859,0.786062,0.484375,0.515625,0.59375,0.40625
robustness-20260918-025634-2cf93d,gaussian_blur,5.0,"{""ksize"": 5}",0823,26.228,0.889322,0.515625,0.484375,0.515625,0.484375
robustness-20260918-025634-2cf93d,gaussian_blur,5.0,"{""ksize"": 5}",0824,25.6033,0.893004,0.40625,0.59375,0.484375,0.515625
robustness-20260918-025634-2cf93d,gaussian_blur,5.0,"{""ksize"": 5}",0825,23.8401,0.821594,0.375,0.625,0.40625,0.59375
robustness-20260918-025634-2cf93d,gaussian_blur,5.0,"{""ksize"": 5}",0826,25.9709,0.859544,0.5625,0.4375,0.578125,0.421875
robustness-20260918-025634-2cf93d,gaussian_blur,5.0,"{""ksize"": 5}",0827,31.5915,0.900282,0.5,0.5,0.453125,0.546875
robustness-20260918-025634-2cf93d,gaussian_blur,5.0,"{""ksize"": 5}",0828,23.1861,0.718224,0.515625,0.484375,0.375,0.625
robustness-20260918-025634-2cf93d,gaussian_blur,5.0,"{""ksize"": 5}",0829,28.4823,0.892183,0.40625,0.59375,0.5,0.5
robustness-20260918-025634-2cf93d,gaussian_blur,5.0,"{""ksize"": 5}",0830,27.0035,0.852664,0.421875,0.578125,0.5,0.5
robustness-20260918-025634-2cf93d,gaussian_blur,5.0,"{""ksize"": 5}",0831,25.6361,0.851891,0.484375,0.515625,0.59375,0.40625
robustness-20260918-025634-2cf93d,gaussian_blur,5.0,"{""ksize"": 5}",0832,24.995,0.85837,0.4375,0.5625,0.421875,0.578125
robustness-20260918-025634-2cf93d,gaussian_blur,5.0,"{""ksize"": 5}",0833,27.3991,0.919686,0.5,0.5,0.546875,0.453125
robustness-20260918-025634-2cf93d,gaussian_blur,5.0,"{""ksize"": 5}",0834,27.4703,0.889007,0.375,0.625,0.53125,0.46875
robustness-20260918-025634-2cf93d,gaussian_blur,5.0,"{""ksize"": 5}",0835,26.4772,0.807315,0.375,0.625,0.53125,0.46875
robustness-20260918-025634-2cf93d,gaussian_blur,5.0,"{""ksize"": 5}",0836,24.6638,0.841921,0.4375,0.5625,0.453125,0.546875
robustness-20260918-025634-2cf93d,gaussian_blur,5.0,"{""ksize"": 5}",0837,24.2308,0.8223,0.46875,0.53125,0.46875,0.53125
robustness-20260918-025634-2cf93d,gaussian_blur,5.0,"{""ksize"": 5}",0838,33.6977,0.961692,0.453125,0.546875,0.4375,0.5625
robustness-20260918-025634-2cf93d,gaussian_blur,5.0,"{""ksize"": 5}",0839,29.4079,0.890385,0.40625,0.59375,0.4375,0.5625
robustness-20260918-025634-2cf93d,gaussian_blur,5.0,"{""ksize"": 5}",0840,26.4571,0.830791,0.40625,0.59375,0.46875,0.53125
robustness-20260918-025634-2cf93d,gaussian_blur,5.0,"{""ksize"": 5}",0841,27.402,0.860274,0.484375,0.515625,0.390625,0.609375
robustness-20260918-025634-2cf93d,gaussian_blur,5.0,"{""ksize"": 5}",0842,28.6435,0.90221,0.46875,0.53125,0.5,0.5
robustness-20260918-025634-2cf93d,gaussian_blur,5.0,"{""ksize"": 5}",0843,32.8205,0.981651,0.609375,0.390625,0.59375,0.40625
robustness-20260918-025634-2cf93d,gaussian_blur,5.0,"{""ksize"": 5}",0844,32.0098,0.955843,0.46875,0.53125,0.484375,0.515625
robustness-20260918-025634-2cf93d,gaussian_blur,5.0,"{""ksize"": 5}",0845,25.0751,0.834146,0.5625,0.4375,0.296875,0.703125
robustness-20260918-025634-2cf93d,gaussian_blur,5.0,"{""ksize"": 5}",0846,24.4347,0.816344,0.546875,0.453125,0.515625,0.484375
robustness-20260918-025634-2cf93d,gaussian_blur,5.0,"{""ksize"": 5}",0847,24.5456,0.858548,0.515625,0.484375,0.421875,0.578125
robustness-20260918-025634-2cf93d,gaussian_blur,5.0,"{""ksize"": 5}",0848,25.4783,0.881022,0.421875,0.578125,0.46875,0.53125
robustness-20260918-025634-2cf93d,gaussian_blur,5.0,"{""ksize"": 5}",0849,20.783,0.778982,0.40625,0.59375,0.5,0.5
robustness-20260918-025634-2cf93d,gaussian_blur,5.0,"{""ksize"": 5}",0850,27.6753,0.873577,0.375,0.625,0.421875,0.578125
robustness-20260918-025634-2cf93d,gaussian_blur,5.0,"{""ksize"": 5}",0851,26.3427,0.910525,0.40625,0.59375,0.484375,0.515625
robustness-20260918-025634-2cf93d,gaussian_blur,5.0,"{""ksize"": 5}",0852,33.6788,0.902397,0.421875,0.578125,0.515625,0.484375
robustness-20260918-025634-2cf93d,gaussian_blur,5.0,"{""ksize"": 5}",0853,28.4359,0.907902,0.453125,0.546875,0.40625,0.59375
robustness-20260918-025634-2cf93d,gaussian_blur,5.0,"{""ksize"": 5}",0854,25.3809,0.829893,0.5,0.5,0.484375,0.515625
robustness-20260918-025634-2cf93d,gaussian_blur,5.0,"{""ksize"": 5}",0855,28.908,0.881945,0.421875,0.578125,0.40625,0.59375
robustness-20260918-025634-2cf93d,gaussian_blur,5.0,"{""ksize"": 5}",0856,26.9507,0.760738,0.46875,0.53125,0.484375,0.515625
robustness-20260918-025634-2cf93d,gaussian_blur,5.0,"{""ksize"": 5}",0857,33.6001,0.958266,0.375,0.625,0.4375,0.5625
robustness-20260918-025634-2cf93d,gaussian_blur,5.0,"{""ksize"": 5}",0858,28.3517,0.833321,0.4375,0.5625,0.53125,0.46875
robustness-20260918-025634-2cf93d,gaussian_blur,5.0,"{""ksize"": 5}",0859,26.5765,0.8131,0.5,0.5,0.515625,0.484375
robustness-20260918-025634-2cf93d,gaussian_blur,5.0,"{""ksize"": 5}",0860,23.8609,0.761304,0.421875,0.578125,0.546875,0.453125
robustness-20260918-025634-2cf93d,gaussian_blur,5.0,"{""ksize"": 5}",0861,24.8771,0.79858,0.453125,0.546875,0.484375,0.515625
robustness-20260918-025634-2cf93d,gaussian_blur,5.0,"{""ksize"": 5}",0862,35.2157,0.939169,0.5,0.5,0.40625,0.59375
robustness-20260918-025634-2cf93d,gaussian_blur,5.0,"{""ksize"": 5}",0863,29.3096,0.918645,0.40625,0.59375,0.46875,0.53125
robustness-20260918-025634-2cf93d,gaussian_blur,5.0,"{""ksize"": 5}",0864,29.2015,0.86162,0.40625,0.59375,0.59375,0.40625
robustness-20260918-025634-2cf93d,gaussian_blur,5.0,"{""ksize"": 5}",0865,28.2022,0.87475,0.46875,0.53125,0.375,0.625
robustness-20260918-025634-2cf93d,gaussian_blur,5.0,"{""ksize"": 5}",0866,25.3167,0.826612,0.375,0.625,0.390625,0.609375
robustness-20260918-025634-2cf93d,gaussian_blur,5.0,"{""ksize"": 5}",0867,25.0335,0.831863,0.59375,0.40625,0.40625,0.59375
robustness-20260918-025634-2cf93d,gaussian_blur,5.0,"{""ksize"": 5}",0868,29.0466,0.952429,0.5,0.5,0.5625,0.4375
robustness-20260918-025634-2cf93d,gaussian_blur,5.0,"{""ksize"": 5}",0869,27.9131,0.864575,0.453125,0.546875,0.4375,0.5625
robustness-20260918-025634-2cf93d,gaussian_blur,5.0,"{""ksize"": 5}",0870,24.8591,0.779477,0.453125,0.546875,0.484375,0.515625
robustness-20260918-025634-2cf93d,gaussian_blur,5.0,"{""ksize"": 5}",0871,27.0884,0.879999,0.40625,0.59375,0.5625,0.4375
robustness-20260918-025634-2cf93d,gaussian_blur,5.0,"{""ksize"": 5}",0872,24.6282,0.834617,0.40625,0.59375,0.484375,0.515625
robustness-20260918-025634-2cf93d,gaussian_blur,5.0,"{""ksize"": 5}",0873,26.1324,0.818232,0.453125,0.546875,0.359375,0.640625
robustness-20260918-025634-2cf93d,gaussian_blur,5.0,"{""ksize"": 5}",0874,29.0035,0.855901,0.40625,0.59375,0.46875,0.53125
robustness-20260918-025634-2cf93d,gaussian_blur,5.0,"{""ksize"": 5}",0875,24.2149,0.825805,0.46875,0.53125,0.453125,0.546875
robustness-20260918-025634-2cf93d,gaussian_blur,5.0,"{""ksize"": 5}",0876,27.5285,0.80694,0.46875,0.53125,0.375,0.625
robustness-20260918-025634-2cf93d,gaussian_blur,5.0,"{""ksize"": 5}",0877,30.7972,0.924223,0.4375,0.5625,0.46875,0.53125
robustness-20260918-025634-2cf93d,gaussian_blur,5.0,"{""ksize"": 5}",0878,25.7323,0.826896,0.53125,0.46875,0.484375,0.515625
robustness-20260918-025634-2cf93d,gaussian_blur,5.0,"{""ksize"": 5}",0879,26.4346,0.90521,0.484375,0.515625,0.375,0.625
robustness-20260918-025634-2cf93d,gaussian_blur,5.0,"{""ksize"": 5}",0880,29.7408,0.908985,0.484375,0.515625,0.46875,0.53125
robustness-20260918-025634-2cf93d,gaussian_blur,5.0,"{""ksize"": 5}",0881,29.7094,0.90229,0.375,0.625,0.453125,0.546875
robustness-20260918-025634-2cf93d,gaussian_blur,5.0,"{""ksize"": 5}",0882,25.4938,0.92474,0.53125,0.46875,0.484375,0.515625
robustness-20260918-025634-2cf93d,gaussian_blur,5.0,"{""ksize"": 5}",0883,25.6316,0.84189,0.421875,0.578125,0.53125,0.46875
robustness-20260918-025634-2cf93d,gaussian_blur,5.0,"{""ksize"": 5}",0884,25.4272,0.825103,0.421875,0.578125,0.53125,0.46875
robustness-20260918-025634-2cf93d,gaussian_blur,5.0,"{""ksize"": 5}",0885,25.8353,0.758131,0.515625,0.484375,0.515625,0.484375
robustness-20260918-025634-2cf93d,gaussian_blur,5.0,"{""ksize"": 5}",0886,29.4998,0.948415,0.53125,0.46875,0.5,0.5
robustness-20260918-025634-2cf93d,gaussian_blur,5.0,"{""ksize"": 5}",0887,26.457,0.868691,0.546875,0.453125,0.46875,0.53125
robustness-20260918-025634-2cf93d,gaussian_blur,5.0,"{""ksize"": 5}",0888,24.3058,0.864302,0.375,0.625,0.453125,0.546875
robustness-20260918-025634-2cf93d,gaussian_blur,5.0,"{""ksize"": 5}",0889,23.4434,0.817569,0.359375,0.640625,0.578125,0.421875
robustness-20260918-025634-2cf93d,gaussian_blur,5.0,"{""ksize"": 5}",0890,29.8486,0.892795,0.359375,0.640625,0.453125,0.546875
robustness-20260918-025634-2cf93d,gaussian_blur,5.0,"{""ksize"": 5}",0891,24.1694,0.835777,0.4375,0.5625,0.5,0.5
robustness-20260918-025634-2cf93d,gaussian_blur,5.0,"{""ksize"": 5}",0892,23.3914,0.777084,0.5625,0.4375,0.390625,0.609375
robustness-20260918-025634-2cf93d,gaussian_blur,5.0,"{""ksize"": 5}",0893,26.4406,0.88791,0.40625,0.59375,0.453125,0.546875
robustness-20260918-025634-2cf93d,gaussian_blur,5.0,"{""ksize"": 5}",0894,28.3202,0.857446,0.421875,0.578125,0.53125,0.46875
robustness-20260918-025634-2cf93d,gaussian_blur,5.0,"{""ksize"": 5}",0895,25.1007,0.751871,0.5,0.5,0.40625,0.59375
robustness-20260918-025634-2cf93d,gaussian_blur,5.0,"{""ksize"": 5}",0896,27.4474,0.948721,0.5,0.5,0.390625,0.609375
robustness-20260918-025634-2cf93d,gaussian_blur,5.0,"{""ksize"": 5}",0897,19.2127,0.673814,0.5,0.5,0.421875,0.578125
robustness-20260918-025634-2cf93d,gaussian_blur,5.0,"{""ksize"": 5}",0898,29.312,0.950027,0.484375,0.515625,0.40625,0.59375
robustness-20260918-025634-2cf93d,gaussian_blur,5.0,"{""ksize"": 5}",0899,23.8608,0.842485,0.421875,0.578125,0.53125,0.46875
robustness-20260918-025634-2cf93d,gaussian_blur,5.0,"{""ksize"": 5}",0900,25.0252,0.853823,0.34375,0.65625,0.546875,0.453125
robustness-20260918-025634-2cf93d,median_filter,3.0,"{""ksize"": 3}",0801,27.397,0.865155,0.40625,0.59375,0.4375,0.5625
robustness-20260918-025634-2cf93d,median_filter,3.0,"{""ksize"": 3}",0802,34.1511,0.97389,0.453125,0.546875,0.46875,0.53125
robustness-20260918-025634-2cf93d,median_filter,3.0,"{""ksize"": 3}",0803,32.0197,0.961077,0.5,0.5,0.421875,0.578125
robustness-20260918-025634-2cf93d,median_filter,3.0,"{""ksize"": 3}",0804,27.2726,0.898641,0.453125,0.546875,0.53125,0.46875
robustness-20260918-025634-2cf93d,median_filter,3.0,"{""ksize"": 3}",0805,29.0122,0.887907,0.40625,0.59375,0.5,0.5
robustness-20260918-025634-2cf93d,median_filter,3.0,"{""ksize"": 3}",0806,30.8509,0.940744,0.484375,0.515625,0.515625,0.484375
robustness-20260918-025634-2cf93d,median_filter,3.0,"{""ksize"": 3}",0807,27.2575,0.853678,0.53125,0.46875,0.515625,0.484375
robustness-20260918-025634-2cf93d,median_filter,3.0,"{""ksize"": 3}",0808,30.0007,0.934897,0.421875,0.578125,0.421875,0.578125
robustness-20260918-025634-2cf93d,median_filter,3.0,"{""ksize"": 3}",0809,29.9889,0.861007,0.453125,0.546875,0.4375,0.5625
robustness-20260918-025634-2cf93d,median_filter,3.0,"{""ksize"": 3}",0810,30.4036,0.889428,0.390625,0.609375,0.34375,0.65625
robustness-20260918-025634-2cf93d,median_filter,3.0,"{""ksize"": 3}",0811,29.6128,0.858148,0.453125,0.546875,0.4375,0.5625
robustness-20260918-025634-2cf93d,median_filter,3.0,"{""ksize"": 3}",0812,27.7886,0.905664,0.5,0.5,0.5,0.5
robustness-20260918-025634-2cf93d,median_filter,3.0,"{""ksize"": 3}",0813,28.7655,0.929497,0.390625,0.609375,0.421875,0.578125
robustness-20260918-025634-2cf93d,median_filter,3.0,"{""ksize"": 3}",0814,29.1243,0.928216,0.453125,0.546875,0.671875,0.328125
robustness-20260918-025634-2cf93d,median_filter,3.0,"{""ksize"": 3}",0815,29.9426,0.930067,0.421875,0.578125,0.4375,0.5625
robustness-20260918-025634-2cf93d,median_filter,3.0,"{""ksize"": 3}",0816,31.7012,0.919579,0.578125,0.421875,0.484375,0.515625
robustness-20260918-025634-2cf93d,median_filter,3.0,"{""ksize"": 3}",0817,27.4325,0.890887,0.4375,0.5625,0.421875,0.578125
robustness-20260918-025634-2cf93d,median_filter,3.0,"{""ksize"": 3}",0818,26.8036,0.912704,0.390625,0.609375,0.546875,0.453125
robustness-20260918-025634-2cf93d,median_filter,3.0,"{""ksize"": 3}",0819,27.9206,0.854564,0.359375,0.640625,0.375,0.625
robustness-20260918-025634-2cf93d,median_filter,3.0,"{""ksize"": 3}",0820,22.6537,0.794075,0.421875,0.578125,0.359375,0.640625
robustness-20260918-025634-2cf93d,median_filter,3.0,"{""ksize"": 3}",0821,21.7093,0.867397,0.4375,0.5625,0.4375,0.5625
robustness-20260918-025634-2cf93d,median_filter,3.0,"{""ksize"": 3}",0822,27.0671,0.841954,0.5,0.5,0.53125,0.46875
robustness-20260918-025634-2cf93d,median_filter,3.0,"{""ksize"": 3}",0823,27.2639,0.914863,0.4375,0.5625,0.46875,0.53125
robustness-20260918-025634-2cf93d,median_filter,3.0,"{""ksize"": 3}",0824,28.1606,0.94001,0.46875,0.53125,0.4375,0.5625
robustness-20260918-025634-2cf93d,median_filter,3.0,"{""ksize"": 3}",0825,25.5982,0.864822,0.265625,0.734375,0.390625,0.609375
robustness-20260918-025634-2cf93d,median_filter,3.0,"{""ksize"": 3}",0826,27.1923,0.884881,0.46875,0.53125,0.515625,0.484375
robustness-20260918-025634-2cf93d,median_filter,3.0,"{""ksize"": 3}",0827,32.2518,0.918676,0.4375,0.5625,0.46875,0.53125
robustness-20260918-025634-2cf93d,median_filter,3.0,"{""ksize"": 3}",0828,23.9187,0.783541,0.515625,0.484375,0.375,0.625
robustness-20260918-025634-2cf93d,median_filter,3.0,"{""ksize"": 3}",0829,31.2918,0.929044,0.421875,0.578125,0.4375,0.5625
robustness-20260918-025634-2cf93d,median_filter,3.0,"{""ksize"": 3}",0830,27.4166,0.869498,0.578125,0.421875,0.5,0.5
robustness-20260918-025634-2cf93d,median_filter,3.0,"{""ksize"": 3}",0831,27.6365,0.897031,0.484375,0.515625,0.59375,0.40625
robustness-20260918-025634-2cf93d,median_filter,3.0,"{""ksize"": 3}",0832,26.7252,0.901498,0.515625,0.484375,0.40625,0.59375
robustness-20260918-025634-2cf93d,median_filter,3.0,"{""ksize"": 3}",0833,29.2203,0.94628,0.53125,0.46875,0.53125,0.46875
robustness-20260918-025634-2cf93d,median_filter,3.0,"{""ksize"": 3}",0834,29.5602,0.921499,0.40625,0.59375,0.453125,0.546875
robustness-20260918-025634-2cf93d,median_filter,3.0,"{""ksize"": 3}",0835,27.2486,0.835821,0.5,0.5,0.484375,0.515625
robustness-20260918-025634-2cf93d,median_filter,3.0,"{""ksize"": 3}",0836,25.2872,0.870639,0.328125,0.671875,0.390625,0.609375
robustness-20260918-025634-2cf93d,median_filter,3.0,"{""ksize"": 3}",0837,25.8652,0.87643,0.375,0.625,0.46875,0.53125
robustness-20260918-025634-2cf93d,median_filter,3.0,"{""ksize"": 3}",0838,38.7808,0.979288,0.375,0.625,0.375,0.625
robustness-20260918-025634-2cf93d,median_filter,3.0,"{""ksize"": 3}",0839,31.1599,0.921017,0.40625,0.59375,0.390625,0.609375
robustness-20260918-025634-2cf93d,median_filter,3.0,"{""ksize"": 3}",0840,27.8822,0.87362,0.421875,0.578125,0.4375,0.5625
robustness-20260918-025634-2cf93d,median_filter,3.0,"{""ksize"": 3}",0841,28.6528,0.894747,0.53125,0.46875,0.34375,0.65625
robustness-20260918-025634-2cf93d,median_filter,3.0,"{""ksize"": 3}",0842,30.6524,0.927626,0.453125,0.546875,0.46875,0.53125
robustness-20260918-025634-2cf93d,median_filter,3.0,"{""ksize"": 3}",0843,37.7599,0.993637,0.53125,0.46875,0.5625,0.4375
robustness-20260918-025634-2cf93d,median_filter,3.0,"{""ksize"": 3}",0844,36.0546,0.977056,0.46875,0.53125,0.46875,0.53125
robustness-20260918-025634-2cf93d,median_filter,3.0,"{""ksize"": 3}",0845,26.5825,0.872315,0.4375,0.5625,0.296875,0.703125
robustness-20260918-025634-2cf93d,median_filter,3.0,"{""ksize"": 3}",0846,24.7524,0.842787,0.484375,0.515625,0.5,0.5
robustness-20260918-025634-2cf93d,median_filter,3.0,"{""ksize"": 3}",0847,26.5077,0.903832,0.578125,0.421875,0.359375,0.640625
robustness-20260918-025634-2cf93d,median_filter,3.0,"{""ksize"": 3}",0848,29.239,0.937443,0.359375,0.640625,0.421875,0.578125
robustness-20260918-025634-2cf93d,median_filter,3.0,"{""ksize"": 3}",0849,21.8611,0.828472,0.53125,0.46875,0.46875,0.53125
robustness-20260918-025634-2cf93d,median_filter,3.0,"{""ksize"": 3}",0850,29.8196,0.918494,0.4375,0.5625,0.390625,0.609375
robustness-20260918-025634-2cf93d,median_filter,3.0,"{""ksize"": 3}",0851,27.3036,0.934737,0.390625,0.609375,0.484375,0.515625
robustness-20260918-025634-2cf93d,median_filter,3.0,"{""ksize"": 3}",0852,34.3946,0.912362,0.453125,0.546875,0.53125,0.46875
robustness-20260918-025634-2cf93d,median_filter,3.0,"{""ksize"": 3}",0853,29.8658,0.929534,0.46875,0.53125,0.390625,0.609375
robustness-20260918-025634-2cf93d,median_filter,3.0,"{""ksize"": 3}",0854,26.3932,0.863938,0.546875,0.453125,0.4375,0.5625
robustness-20260918-025634-2cf93d,median_filter,3.0,"{""ksize"": 3}",0855,29.4744,0.899237,0.3125,0.6875,0.421875,0.578125
robustness-20260918-025634-2cf93d,median_filter,3.0,"{""ksize"": 3}",0856,27.1358,0.781024,0.484375,0.515625,0.484375,0.515625
robustness-20260918-025634-2cf93d,median_filter,3.0,"{""ksize"": 3}",0857,36.3991,0.977063,0.34375,0.65625,0.40625,0.59375
robustness-20260918-025634-2cf93d,median_filter,3.0,"{""ksize"": 3}",0858,29.7196,0.867541,0.453125,0.546875,0.5,0.5
robustness-20260918-025634-2cf93d,median_filter,3.0,"{""ksize"": 3}",0859,27.5894,0.845976,0.4375,0.5625,0.5,0.5
robustness-20260918-025634-2cf93d,median_filter,3.0,"{""ksize"": 3}",0860,24.6016,0.797555,0.421875,0.578125,0.46875,0.53125
robustness-20260918-025634-2cf93d,median_filter,3.0,"{""ksize"": 3}",0861,25.6071,0.818496,0.5,0.5,0.453125,0.546875
robustness-20260918-025634-2cf93d,median_filter,3.0,"{""ksize"": 3}",0862,36.8992,0.954369,0.5,0.5,0.375,0.625
robustness-20260918-025634-2cf93d,median_filter,3.0,"{""ksize"": 3}",0863,31.6069,0.95111,0.5,0.5,0.484375,0.515625
robustness-20260918-025634-2cf93d,median_filter,3.0,"{""ksize"": 3}",0864,31.0317,0.903683,0.4375,0.5625,0.546875,0.453125
robustness-20260918-025634-2cf93d,median_filter,3.0,"{""ksize"": 3}",0865,29.6068,0.907222,0.34375,0.65625,0.359375,0.640625
robustness-20260918-025634-2cf93d,median_filter,3.0,"{""ksize"": 3}",0866,27.0684,0.870436,0.328125,0.671875,0.375,0.625
robustness-20260918-025634-2cf93d,median_filter,3.0,"{""ksize"": 3}",0867,26.932,0.891649,0.59375,0.40625,0.40625,0.59375
robustness-20260918-025634-2cf93d,median_filter,3.0,"{""ksize"": 3}",0868,30.6458,0.966787,0.46875,0.53125,0.5625,0.4375
robustness-20260918-025634-2cf93d,median_filter,3.0,"{""ksize"": 3}",0869,29.04,0.889538,0.484375,0.515625,0.390625,0.609375
robustness-20260918-025634-2cf93d,median_filter,3.0,"{""ksize"": 3}",0870,25.9755,0.833305,0.359375,0.640625,0.453125,0.546875
robustness-20260918-025634-2cf93d,median_filter,3.0,"{""ksize"": 3}",0871,29.6551,0.928601,0.390625,0.609375,0.515625,0.484375
robustness-20260918-025634-2cf93d,median_filter,3.0,"{""ksize"": 3}",0872,26.8322,0.882892,0.4375,0.5625,0.453125,0.546875
robustness-20260918-025634-2cf93d,median_filter,3.0,"{""ksize"": 3}",0873,26.4446,0.838945,0.484375,0.515625,0.328125,0.671875
robustness-20260918-025634-2cf93d,median_filter,3.0,"{""ksize"": 3}",0874,31.1082,0.888787,0.4375,0.5625,0.4375,0.5625
robustness-20260918-025634-2cf93d,median_filter,3.0,"{""ksize"": 3}",0875,26.0734,0.880632,0.421875,0.578125,0.4375,0.5625
robustness-20260918-025634-2cf93d,median_filter,3.0,"{""ksize"": 3}",0876,28.6366,0.839128,0.375,0.625,0.390625,0.609375
robustness-20260918-025634-2cf93d,median_filter,3.0,"{""ksize"": 3}",0877,34.4156,0.957464,0.375,0.625,0.4375,0.5625
robustness-20260918-025634-2cf93d,median_filter,3.0,"{""ksize"": 3}",0878,27.6659,0.888977,0.46875,0.53125,0.40625,0.59375
robustness-20260918-025634-2cf93d,median_filter,3.0,"{""ksize"": 3}",0879,28.2343,0.932718,0.453125,0.546875,0.359375,0.640625
robustness-20260918-025634-2cf93d,median_filter,3.0,"{""ksize"": 3}",0880,31.2114,0.922875,0.453125,0.546875,0.4375,0.5625
robustness-20260918-025634-2cf93d,median_filter,3.0,"{""ksize"": 3}",0881,31.1077,0.925028,0.390625,0.609375,0.421875,0.578125
robustness-20260918-025634-2cf93d,median_filter,3.0,"{""ksize"": 3}",0882,28.1225,0.960823,0.375,0.625,0.453125,0.546875
robustness-20260918-025634-2cf93d,median_filter,3.0,"{""ksize"": 3}",0883,27.2529,0.88014,0.296875,0.703125,0.46875,0.53125
robustness-20260918-025634-2cf93d,median_filter,3.0,"{""ksize"": 3}",0884,26.9684,0.875493,0.5625,0.4375,0.5,0.5
robustness-20260918-025634-2cf93d,median_filter,3.0,"{""ksize"": 3}",0885,25.5468,0.751574,0.453125,0.546875,0.5,0.5
robustness-20260918-025634-2cf93d,median_filter,3.0,"{""ksize"": 3}",0886,32.2074,0.970756,0.484375,0.515625,0.46875,0.53125
robustness-20260918-025634-2cf93d,median_filter,3.0,"{""ksize"": 3}",0887,27.4765,0.897862,0.640625,0.359375,0.46875,0.53125
robustness-20260918-025634-2cf93d,median_filter,3.0,"{""ksize"": 3}",0888,26.9759,0.919894,0.296875,0.703125,0.40625,0.59375
robustness-20260918-025634-2cf93d,median_filter,3.0,"{""ksize"": 3}",0889,25.271,0.874392,0.40625,0.59375,0.53125,0.46875
robustness-20260918-025634-2cf93d,median_filter,3.0,"{""ksize"": 3}",0890,30.7986,0.914379,0.390625,0.609375,0.421875,0.578125
robustness-20260918-025634-2cf93d,median_filter,3.0,"{""ksize"": 3}",0891,25.7327,0.888418,0.4375,0.5625,0.484375,0.515625
robustness-20260918-025634-2cf93d,median_filter,3.0,"{""ksize"": 3}",0892,25.3014,0.871098,0.5,0.5,0.390625,0.609375
robustness-20260918-025634-2cf93d,median_filter,3.0,"{""ksize"": 3}",0893,28.6858,0.929926,0.421875,0.578125,0.421875,0.578125
robustness-20260918-025634-2cf93d,median_filter,3.0,"{""ksize"": 3}",0894,30.7882,0.876282,0.359375,0.640625,0.5,0.5
robustness-20260918-025634-2cf93d,median_filter,3.0,"{""ksize"": 3}",0895,25.7779,0.781776,0.453125,0.546875,0.375,0.625
robustness-20260918-025634-2cf93d,median_filter,3.0,"{""ksize"": 3}",0896,30.8538,0.972771,0.515625,0.484375,0.34375,0.65625
robustness-20260918-025634-2cf93d,median_filter,3.0,"{""ksize"": 3}",0897,22.2284,0.858691,0.59375,0.40625,0.5,0.5
robustness-20260918-025634-2cf93d,median_filter,3.0,"{""ksize"": 3}",0898,31.2865,0.963893,0.59375,0.40625,0.40625,0.59375
robustness-20260918-025634-2cf93d,median_filter,3.0,"{""ksize"": 3}",0899,26.8594,0.907107,0.609375,0.390625,0.53125,0.46875
robustness-20260918-025634-2cf93d,median_filter,3.0,"{""ksize"": 3}",0900,26.7718,0.891882,0.453125,0.546875,0.515625,0.484375
robustness-20260918-025634-2cf93d,median_filter,5.0,"{""ksize"": 5}",0801,23.861,0.68195,0.46875,0.53125,0.453125,0.546875
robustness-20260918-025634-2cf93d,median_filter,5.0,"{""ksize"": 5}",0802,28.3113,0.918606,0.421875,0.578125,0.546875,0.453125
robustness-20260918-025634-2cf93d,median_filter,5.0,"{""ksize"": 5}",0803,27.0122,0.891432,0.46875,0.53125,0.453125,0.546875
robustness-20260918-025634-2cf93d,median_filter,5.0,"{""ksize"": 5}",0804,22.8904,0.749076,0.484375,0.515625,0.5625,0.4375
robustness-20260918-025634-2cf93d,median_filter,5.0,"{""ksize"": 5}",0805,25.845,0.752744,0.4375,0.5625,0.515625,0.484375
robustness-20260918-025634-2cf93d,median_filter,5.0,"{""ksize"": 5}",0806,27.2053,0.865646,0.484375,0.515625,0.53125,0.46875
robustness-20260918-025634-2cf93d,median_filter,5.0,"{""ksize"": 5}",0807,24.1316,0.698314,0.53125,0.46875,0.53125,0.46875
robustness-20260918-025634-2cf93d,median_filter,5.0,"{""ksize"": 5}",0808,26.2048,0.859949,0.453125,0.546875,0.421875,0.578125
robustness-20260918-025634-2cf93d,median_filter,5.0,"{""ksize"": 5}",0809,26.5636,0.691366,0.515625,0.484375,0.4375,0.5625
robustness-20260918-025634-2cf93d,median_filter,5.0,"{""ksize"": 5}",0810,27.5007,0.781634,0.453125,0.546875,0.359375,0.640625
robustness-20260918-025634-2cf93d,median_filter,5.0,"{""ksize"": 5}",0811,26.3263,0.69139,0.515625,0.484375,0.453125,0.546875
robustness-20260918-025634-2cf93d,median_filter,5.0,"{""ksize"": 5}",0812,23.7494,0.773933,0.46875,0.53125,0.515625,0.484375
robustness-20260918-025634-2cf93d,median_filter,5.0,"{""ksize"": 5}",0813,24.5996,0.817636,0.4375,0.5625,0.46875,0.53125
robustness-20260918-025634-2cf93d,median_filter,5.0,"{""ksize"": 5}",0814,25.9737,0.846017,0.484375,0.515625,0.703125,0.296875
robustness-20260918-025634-2cf93d,median_filter,5.0,"{""ksize"": 5}",0815,25.6529,0.799503,0.515625,0.484375,0.453125,0.546875
robustness-20260918-025634-2cf93d,median_filter,5.0,"{""ksize"": 5}",0816,27.5906,0.806135,0.453125,0.546875,0.5,0.5
robustness-20260918-025634-2cf93d,median_filter,5.0,"{""ksize"": 5}",0817,23.5154,0.726154,0.484375,0.515625,0.4375,0.5625
robustness-20260918-025634-2cf93d,median_filter,5.0,"{""ksize"": 5}",0818,22.7422,0.767364,0.515625,0.484375,0.546875,0.453125
robustness-20260918-025634-2cf93d,median_filter,5.0,"{""ksize"": 5}",0819,24.5123,0.684508,0.453125,0.546875,0.453125,0.546875
robustness-20260918-025634-2cf93d,median_filter,5.0,"{""ksize"": 5}",0820,19.1138,0.555157,0.5,0.5,0.390625,0.609375
robustness-20260918-025634-2cf93d,median_filter,5.0,"{""ksize"": 5}",0821,17.4333,0.640322,0.5,0.5,0.46875,0.53125
robustness-20260918-025634-2cf93d,median_filter,5.0,"{""ksize"": 5}",0822,23.5094,0.625403,0.46875,0.53125,0.546875,0.453125
robustness-20260918-025634-2cf93d,median_filter,5.0,"{""ksize"": 5}",0823,23.7217,0.802977,0.578125,0.421875,0.515625,0.484375
robustness-20260918-025634-2cf93d,median_filter,5.0,"{""ksize"": 5}",0824,23.4656,0.827426,0.390625,0.609375,0.484375,0.515625
robustness-20260918-025634-2cf93d,median_filter,5.0,"{""ksize"": 5}",0825,21.407,0.680812,0.515625,0.484375,0.40625,0.59375
robustness-20260918-025634-2cf93d,median_filter,5.0,"{""ksize"": 5}",0826,24.0159,0.782888,0.515625,0.484375,0.53125,0.46875
robustness-20260918-025634-2cf93d,median_filter,5.0,"{""ksize"": 5}",0827,29.0486,0.833564,0.421875,0.578125,0.46875,0.53125
robustness-20260918-025634-2cf93d,median_filter,5.0,"{""ksize"": 5}",0828,20.8942,0.542352,0.625,0.375,0.390625,0.609375
robustness-20260918-025634-2cf93d,median_filter,5.0,"{""ksize"": 5}",0829,26.704,0.825704,0.53125,0.46875,0.5,0.5
robustness-20260918-025634-2cf93d,median_filter,5.0,"{""ksize"": 5}",0830,24.3879,0.7472,0.515625,0.484375,0.5,0.5
robustness-20260918-025634-2cf93d,median_filter,5.0,"{""ksize"": 5}",0831,23.3031,0.742579,0.53125,0.46875,0.625,0.375
robustness-20260918-025634-2cf93d,median_filter,5.0,"{""ksize"": 5}",0832,22.6136,0.75241,0.5,0.5,0.40625,0.59375
robustness-20260918-025634-2cf93d,median_filter,5.0,"{""ksize"": 5}",0833,25.3168,0.872733,0.453125,0.546875,0.5625,0.4375
robustness-20260918-025634-2cf93d,median_filter,5.0,"{""ksize"": 5}",0834,25.8658,0.824487,0.453125,0.546875,0.515625,0.484375
robustness-20260918-025634-2cf93d,median_filter,5.0,"{""ksize"": 5}",0835,24.2872,0.666384,0.40625,0.59375,0.515625,0.484375
robustness-20260918-025634-2cf93d,median_filter,5.0,"{""ksize"": 5}",0836,22.3054,0.74276,0.453125,0.546875,0.4375,0.5625
robustness-20260918-025634-2cf93d,median_filter,5.0,"{""ksize"": 5}",0837,21.8788,0.691188,0.421875,0.578125,0.46875,0.53125
robustness-20260918-025634-2cf93d,median_filter,5.0,"{""ksize"": 5}",0838,33.6012,0.945892,0.40625,0.59375,0.40625,0.59375
robustness-20260918-025634-2cf93d,median_filter,5.0,"{""ksize"": 5}",0839,27.7407,0.818095,0.4375,0.5625,0.421875,0.578125
robustness-20260918-025634-2cf93d,median_filter,5.0,"{""ksize"": 5}",0840,24.1736,0.70285,0.46875,0.53125,0.453125,0.546875
robustness-20260918-025634-2cf93d,median_filter,5.0,"{""ksize"": 5}",0841,25.103,0.758596,0.484375,0.515625,0.34375,0.65625
robustness-20260918-025634-2cf93d,median_filter,5.0,"{""ksize"": 5}",0842,26.9466,0.835592,0.53125,0.46875,0.5,0.5
robustness-20260918-025634-2cf93d,median_filter,5.0,"{""ksize"": 5}",0843,31.658,0.975236,0.5625,0.4375,0.546875,0.453125
robustness-20260918-025634-2cf93d,median_filter,5.0,"{""ksize"": 5}",0844,30.3357,0.929731,0.421875,0.578125,0.484375,0.515625
robustness-20260918-025634-2cf93d,median_filter,5.0,"{""ksize"": 5}",0845,23.0916,0.733595,0.515625,0.484375,0.3125,0.6875
robustness-20260918-025634-2cf93d,median_filter,5.0,"{""ksize"": 5}",0846,21.8194,0.684866,0.59375,0.40625,0.5,0.5
robustness-20260918-025634-2cf93d,median_filter,5.0,"{""ksize"": 5}",0847,22.5865,0.771646,0.546875,0.453125,0.375,0.625
robustness-20260918-025634-2cf93d,median_filter,5.0,"{""ksize"": 5}",0848,24.7212,0.843432,0.453125,0.546875,0.453125,0.546875
robustness-20260918-025634-2cf93d,median_filter,5.0,"{""ksize"": 5}",0849,18.2421,0.593384,0.421875,0.578125,0.484375,0.515625
robustness-20260918-025634-2cf93d,median_filter,5.0,"{""ksize"": 5}",0850,25.7084,0.795154,0.421875,0.578125,0.40625,0.59375
robustness-20260918-025634-2cf93d,median_filter,5.0,"{""ksize"": 5}",0851,23.7447,0.853264,0.5,0.5,0.484375,0.515625
robustness-20260918-025634-2cf93d,median_filter,5.0,"{""ksize"": 5}",0852,31.374,0.827729,0.46875,0.53125,0.53125,0.46875
robustness-20260918-025634-2cf93d,median_filter,5.0,"{""ksize"": 5}",0853,26.2171,0.850204,0.421875,0.578125,0.390625,0.609375
robustness-20260918-025634-2cf93d,median_filter,5.0,"{""ksize"": 5}",0854,23.009,0.701844,0.578125,0.421875,0.46875,0.53125
robustness-20260918-025634-2cf93d,median_filter,5.0,"{""ksize"": 5}",0855,27.0528,0.810891,0.40625,0.59375,0.421875,0.578125
robustness-20260918-025634-2cf93d,median_filter,5.0,"{""ksize"": 5}",0856,24.6132,0.583983,0.4375,0.5625,0.5,0.5
robustness-20260918-025634-2cf93d,median_filter,5.0,"{""ksize"": 5}",0857,32.4264,0.941266,0.34375,0.65625,0.4375,0.5625
robustness-20260918-025634-2cf93d,median_filter,5.0,"{""ksize"": 5}",0858,26.0652,0.703887,0.578125,0.421875,0.5,0.5
robustness-20260918-025634-2cf93d,median_filter,5.0,"{""ksize"": 5}",0859,24.2675,0.67126,0.421875,0.578125,0.5,0.5
robustness-20260918-025634-2cf93d,median_filter,5.0,"{""ksize"": 5}",0860,21.6882,0.592047,0.4375,0.5625,0.5,0.5
robustness-20260918-025634-2cf93d,median_filter,5.0,"{""ksize"": 5}",0861,22.5333,0.651044,0.421875,0.578125,0.453125,0.546875
robustness-20260918-025634-2cf93d,median_filter,5.0,"{""ksize"": 5}",0862,33.054,0.895282,0.5,0.5,0.40625,0.59375
robustness-20260918-025634-2cf93d,median_filter,5.0,"{""ksize"": 5}",0863,26.4834,0.834274,0.578125,0.421875,0.5,0.5
robustness-20260918-025634-2cf93d,median_filter,5.0,"{""ksize"": 5}",0864,27.3185,0.765368,0.4375,0.5625,0.578125,0.421875
robustness-20260918-025634-2cf93d,median_filter,5.0,"{""ksize"": 5}",0865,25.753,0.773874,0.375,0.625,0.359375,0.640625
robustness-20260918-025634-2cf93d,median_filter,5.0,"{""ksize"": 5}",0866,22.7438,0.682218,0.390625,0.609375,0.390625,0.609375
robustness-20260918-025634-2cf93d,median_filter,5.0,"{""ksize"": 5}",0867,22.7151,0.70706,0.40625,0.59375,0.40625,0.59375
robustness-20260918-025634-2cf93d,median_filter,5.0,"{""ksize"": 5}",0868,26.9074,0.922361,0.46875,0.53125,0.625,0.375
robustness-20260918-025634-2cf93d,median_filter,5.0,"{""ksize"": 5}",0869,25.8183,0.763914,0.59375,0.40625,0.421875,0.578125
robustness-20260918-025634-2cf93d,median_filter,5.0,"{""ksize"": 5}",0870,22.3251,0.589028,0.46875,0.53125,0.5,0.5
robustness-20260918-025634-2cf93d,median_filter,5.0,"{""ksize"": 5}",0871,25.1625,0.803627,0.484375,0.515625,0.546875,0.453125
robustness-20260918-025634-2cf93d,median_filter,5.0,"{""ksize"": 5}",0872,22.9368,0.738952,0.546875,0.453125,0.484375,0.515625
robustness-20260918-025634-2cf93d,median_filter,5.0,"{""ksize"": 5}",0873,23.5728,0.676023,0.515625,0.484375,0.359375,0.640625
robustness-20260918-025634-2cf93d,median_filter,5.0,"{""ksize"": 5}",0874,27.2358,0.754231,0.453125,0.546875,0.46875,0.53125
robustness-20260918-025634-2cf93d,median_filter,5.0,"{""ksize"": 5}",0875,22.4558,0.728744,0.515625,0.484375,0.453125,0.546875
robustness-20260918-025634-2cf93d,median_filter,5.0,"{""ksize"": 5}",0876,25.3328,0.672105,0.484375,0.515625,0.390625,0.609375
robustness-20260918-025634-2cf93d,median_filter,5.0,"{""ksize"": 5}",0877,28.6989,0.870929,0.4375,0.5625,0.46875,0.53125
robustness-20260918-025634-2cf93d,median_filter,5.0,"{""ksize"": 5}",0878,23.7674,0.715659,0.546875,0.453125,0.46875,0.53125
robustness-20260918-025634-2cf93d,median_filter,5.0,"{""ksize"": 5}",0879,24.3253,0.848627,0.4375,0.5625,0.375,0.625
robustness-20260918-025634-2cf93d,median_filter,5.0,"{""ksize"": 5}",0880,27.7273,0.853536,0.578125,0.421875,0.46875,0.53125
robustness-20260918-025634-2cf93d,median_filter,5.0,"{""ksize"": 5}",0881,27.8042,0.839033,0.484375,0.515625,0.4375,0.5625
robustness-20260918-025634-2cf93d,median_filter,5.0,"{""ksize"": 5}",0882,22.7161,0.85537,0.53125,0.46875,0.484375,0.515625
robustness-20260918-025634-2cf93d,median_filter,5.0,"{""ksize"": 5}",0883,23.9065,0.745103,0.390625,0.609375,0.53125,0.46875
robustness-20260918-025634-2cf93d,median_filter,5.0,"{""ksize"": 5}",0884,22.8294,0.686781,0.46875,0.53125,0.515625,0.484375
robustness-20260918-025634-2cf93d,median_filter,5.0,"{""ksize"": 5}",0885,23.3057,0.590335,0.375,0.625,0.5,0.5
robustness-20260918-025634-2cf93d,median_filter,5.0,"{""ksize"": 5}",0886,27.9388,0.920757,0.484375,0.515625,0.484375,0.515625
robustness-20260918-025634-2cf93d,median_filter,5.0,"{""ksize"": 5}",0887,23.8393,0.76916,0.578125,0.421875,0.46875,0.53125
robustness-20260918-025634-2cf93d,median_filter,5.0,"{""ksize"": 5}",0888,22.2361,0.771912,0.5,0.5,0.46875,0.53125
robustness-20260918-025634-2cf93d,median_filter,5.0,"{""ksize"": 5}",0889,21.2487,0.677002,0.390625,0.609375,0.546875,0.453125
robustness-20260918-025634-2cf93d,median_filter,5.0,"{""ksize"": 5}",0890,27.5329,0.815075,0.4375,0.5625,0.453125,0.546875
robustness-20260918-025634-2cf93d,median_filter,5.0,"{""ksize"": 5}",0891,22.0163,0.725354,0.484375,0.515625,0.5,0.5
robustness-20260918-025634-2cf93d,median_filter,5.0,"{""ksize"": 5}",0892,20.6081,0.57283,0.5625,0.4375,0.390625,0.609375
robustness-20260918-025634-2cf93d,median_filter,5.0,"{""ksize"": 5}",0893,23.7158,0.791683,0.484375,0.515625,0.4375,0.5625
robustness-20260918-025634-2cf93d,median_filter,5.0,"{""ksize"": 5}",0894,26.6733,0.784991,0.453125,0.546875,0.53125,0.46875
robustness-20260918-025634-2cf93d,median_filter,5.0,"{""ksize"": 5}",0895,23.034,0.583045,0.5,0.5,0.390625,0.609375
robustness-20260918-025634-2cf93d,median_filter,5.0,"{""ksize"": 5}",0896,26.646,0.9458,0.53125,0.46875,0.375,0.625
robustness-20260918-025634-2cf93d,median_filter,5.0,"{""ksize"": 5}",0897,16.0021,0.299956,0.640625,0.359375,0.5,0.5
robustness-20260918-025634-2cf93d,median_filter,5.0,"{""ksize"": 5}",0898,27.205,0.918646,0.4375,0.5625,0.40625,0.59375
robustness-20260918-025634-2cf93d,median_filter,5.0,"{""ksize"": 5}",0899,21.1843,0.709796,0.4375,0.5625,0.546875,0.453125
robustness-20260918-025634-2cf93d,median_filter,5.0,"{""ksize"": 5}",0900,22.5824,0.735224,0.5,0.5,0.53125,0.46875
robustness-20260918-025634-2cf93d,resize_roundtrip,0.9,"{""scale"": 0.9}",0801,29.9954,0.933128,0.359375,0.640625,0.4375,0.5625
robustness-20260918-025634-2cf93d,resize_roundtrip,0.9,"{""scale"": 0.9}",0802,34.1141,0.981391,0.421875,0.578125,0.53125,0.46875
robustness-20260918-025634-2cf93d,resize_roundtrip,0.9,"{""scale"": 0.9}",0803,33.1458,0.974285,0.4375,0.5625,0.46875,0.53125
robustness-20260918-025634-2cf93d,resize_roundtrip,0.9,"{""scale"": 0.9}",0804,29.2358,0.943404,0.34375,0.65625,0.578125,0.421875
robustness-20260918-025634-2cf93d,resize_roundtrip,0.9,"{""scale"": 0.9}",0805,31.8191,0.944473,0.40625,0.59375,0.515625,0.484375
robustness-20260918-025634-2cf93d,resize_roundtrip,0.9,"{""scale"": 0.9}",0806,33.3504,0.968513,0.34375,0.65625,0.53125,0.46875
robustness-20260918-025634-2cf93d,resize_roundtrip,0.9,"{""scale"": 0.9}",0807,30.3173,0.933499,0.515625,0.484375,0.53125,0.46875
robustness-20260918-025634-2cf93d,resize_roundtrip,0.9,"{""scale"": 0.9}",0808,32.2876,0.965727,0.359375,0.640625,0.421875,0.578125
robustness-20260918-025634-2cf93d,resize_roundtrip,0.9,"{""scale"": 0.9}",0809,32.8997,0.934825,0.328125,0.671875,0.4375,0.5625
robustness-20260918-025634-2cf93d,resize_roundtrip,0.9,"{""scale"": 0.9}",0810,33.2843,0.946015,0.40625,0.59375,0.34375,0.65625
robustness-20260918-025634-2cf93d,resize_roundtrip,0.9,"{""scale"": 0.9}",0811,32.6687,0.935928,0.390625,0.609375,0.453125,0.546875
robustness-20260918-025634-2cf93d,resize_roundtrip,0.9,"{""scale"": 0.9}",0812,29.8977,0.94782,0.453125,0.546875,0.53125,0.46875
robustness-20260918-025634-2cf93d,resize_roundtrip,0.9,"{""scale"": 0.9}",0813,30.7929,0.958905,0.4375,0.5625,0.46875,0.53125
robustness-20260918-025634-2cf93d,resize_roundtrip,0.9,"{""scale"": 0.9}",0814,32.3677,0.966301,0.390625,0.609375,0.671875,0.328125
robustness-20260918-025634-2cf93d,resize_roundtrip,0.9,"{""scale"": 0.9}",0815,32.2441,0.962442,0.375,0.625,0.453125,0.546875
robustness-20260918-025634-2cf93d,resize_roundtrip,0.9,"{""scale"": 0.9}",0816,33.8241,0.956157,0.390625,0.609375,0.484375,0.515625
robustness-20260918-025634-2cf93d,resize_roundtrip,0.9,"{""scale"": 0.9}",0817,30.1732,0.945529,0.390625,0.609375,0.421875,0.578125
robustness-20260918-025634-2cf93d,resize_roundtrip,0.9,"{""scale"": 0.9}",0818,29.4343,0.954273,0.359375,0.640625,0.5625,0.4375
robustness-20260918-025634-2cf93d,resize_roundtrip,0.9,"{""scale"": 0.9}",0819,30.708,0.930612,0.359375,0.640625,0.4375,0.5625
robustness-20260918-025634-2cf93d,resize_roundtrip,0.9,"{""scale"": 0.9}",0820,25.7485,0.902047,0.375,0.625,0.390625,0.609375
robustness-20260918-025634-2cf93d,resize_roundtrip,0.9,"{""scale"": 0.9}",0821,23.8144,0.918778,0.515625,0.484375,0.4375,0.5625
robustness-20260918-025634-2cf93d,resize_roundtrip,0.9,"{""scale"": 0.9}",0822,29.6466,0.918571,0.4375,0.5625,0.546875,0.453125
robustness-20260918-025634-2cf93d,resize_roundtrip,0.9,"{""scale"": 0.9}",0823,30.183,0.957901,0.4375,0.5625,0.5,0.5
robustness-20260918-025634-2cf93d,resize_roundtrip,0.9,"{""scale"": 0.9}",0824,29.9749,0.962902,0.328125,0.671875,0.484375,0.515625
robustness-20260918-025634-2cf93d,resize_roundtrip,0.9,"{""scale"": 0.9}",0825,27.998,0.932808,0.359375,0.640625,0.40625,0.59375
robustness-20260918-025634-2cf93d,resize_roundtrip,0.9,"{""scale"": 0.9}",0826,29.7148,0.941039,0.484375,0.515625,0.578125,0.421875
robustness-20260918-025634-2cf93d,resize_roundtrip,0.9,"{""scale"": 0.9}",0827,35.3291,0.959636,0.453125,0.546875,0.453125,0.546875
robustness-20260918-025634-2cf93d,resize_roundtrip,0.9,"{""scale"": 0.9}",0828,26.4803,0.882657,0.484375,0.515625,0.375,0.625
robustness-20260918-025634-2cf93d,resize_roundtrip,0.9,"{""scale"": 0.9}",0829,32.6384,0.958118,0.40625,0.59375,0.484375,0.515625
robustness-20260918-025634-2cf93d,resize_roundtrip,0.9,"{""scale"": 0.9}",0830,31.1915,0.945212,0.5,0.5,0.5,0.5
robustness-20260918-025634-2cf93d,resize_roundtrip,0.9,"{""scale"": 0.9}",0831,29.8617,0.945973,0.421875,0.578125,0.59375,0.40625
robustness-20260918-025634-2cf93d,resize_roundtrip,0.9,"{""scale"": 0.9}",0832,29.1141,0.94744,0.390625,0.609375,0.40625,0.59375
robustness-20260918-025634-2cf93d,resize_roundtrip,0.9,"{""scale"": 0.9}",0833,31.235,0.968502,0.390625,0.609375,0.546875,0.453125
robustness-20260918-025634-2cf93d,resize_roundtrip,0.9,"{""scale"": 0.9}",0834,31.5639,0.957188,0.3125,0.6875,0.5,0.5
robustness-20260918-025634-2cf93d,resize_roundtrip,0.9,"{""scale"": 0.9}",0835,30.2535,0.923893,0.375,0.625,0.515625,0.484375
robustness-20260918-025634-2cf93d,resize_roundtrip,0.9,"{""scale"": 0.9}",0836,28.5198,0.939155,0.3125,0.6875,0.4375,0.5625
robustness-20260918-025634-2cf93d,resize_roundtrip,0.9,"{""scale"": 0.9}",0837,28.3863,0.93573,0.296875,0.703125,0.46875,0.53125
robustness-20260918-025634-2cf93d,resize_roundtrip,0.9,"{""scale"": 0.9}",0838,38.3596,0.98583,0.46875,0.53125,0.40625,0.59375
robustness-20260918-025634-2cf93d,resize_roundtrip,0.9,"{""scale"": 0.9}",0839,33.457,0.958911,0.453125,0.546875,0.4375,0.5625
robustness-20260918-025634-2cf93d,resize_roundtrip,0.9,"{""scale"": 0.9}",0840,30.5487,0.937326,0.34375,0.65625,0.453125,0.546875
robustness-20260918-025634-2cf93d,resize_roundtrip,0.9,"{""scale"": 0.9}",0841,31.3842,0.947169,0.40625,0.59375,0.359375,0.640625
robustness-20260918-025634-2cf93d,resize_roundtrip,0.9,"{""scale"": 0.9}",0842,32.7681,0.962687,0.484375,0.515625,0.484375,0.515625
robustness-20260918-025634-2cf93d,resize_roundtrip,0.9,"{""scale"": 0.9}",0843,37.5241,0.994002,0.46875,0.53125,0.578125,0.421875
robustness-20260918-025634-2cf93d,resize_roundtrip,0.9,"{""scale"": 0.9}",0844,36.636,0.984081,0.34375,0.65625,0.484375,0.515625
robustness-20260918-025634-2cf93d,resize_roundtrip,0.9,"{""scale"": 0.9}",0845,28.9054,0.93524,0.46875,0.53125,0.296875,0.703125
robustness-20260918-025634-2cf93d,resize_roundtrip,0.9,"{""scale"": 0.9}",0846,28.1116,0.927111,0.515625,0.484375,0.5,0.5
robustness-20260918-025634-2cf93d,resize_roundtrip,0.9,"{""scale"": 0.9}",0847,28.7568,0.946809,0.5,0.5,0.375,0.625
robustness-20260918-025634-2cf93d,resize_roundtrip,0.9,"{""scale"": 0.9}",0848,29.8119,0.955008,0.390625,0.609375,0.4375,0.5625
robustness-20260918-025634-2cf93d,resize_roundtrip,0.9,"{""scale"": 0.9}",0849,24.6945,0.917704,0.484375,0.515625,0.484375,0.515625
robustness-20260918-025634-2cf93d,resize_roundtrip,0.9,"{""scale"": 0.9}",0850,31.7911,0.952858,0.375,0.625,0.40625,0.59375
robustness-20260918-025634-2cf93d,resize_roundtrip,0.9,"{""scale"": 0.9}",0851,30.5944,0.967168,0.390625,0.609375,0.46875,0.53125
robustness-20260918-025634-2cf93d,resize_roundtrip,0.9,"{""scale"": 0.9}",0852,37.4387,0.960546,0.4375,0.5625,0.484375,0.515625
robustness-20260918-025634-2cf93d,resize_roundtrip,0.9,"{""scale"": 0.9}",0853,32.5904,0.9636,0.4375,0.5625,0.390625,0.609375
robustness-20260918-025634-2cf93d,resize_roundtrip,0.9,"{""scale"": 0.9}",0854,29.3577,0.935793,0.546875,0.453125,0.46875,0.53125
robustness-20260918-025634-2cf93d,resize_roundtrip,0.9,"{""scale"": 0.9}",0855,32.4563,0.951774,0.328125,0.671875,0.40625,0.59375
robustness-20260918-025634-2cf93d,resize_roundtrip,0.9,"{""scale"": 0.9}",0856,30.425,0.902467,0.453125,0.546875,0.484375,0.515625
robustness-20260918-025634-2cf93d,resize_roundtrip,0.9,"{""scale"": 0.9}",0857,37.8106,0.984273,0.390625,0.609375,0.421875,0.578125
robustness-20260918-025634-2cf93d,resize_roundtrip,0.9,"{""scale"": 0.9}",0858,32.3825,0.936243,0.453125,0.546875,0.5,0.5
robustness-20260918-025634-2cf93d,resize_roundtrip,0.9,"{""scale"": 0.9}",0859,30.4395,0.927215,0.40625,0.59375,0.484375,0.515625
robustness-20260918-025634-2cf93d,resize_roundtrip,0.9,"{""scale"": 0.9}",0860,27.4846,0.904432,0.390625,0.609375,0.5,0.5
robustness-20260918-025634-2cf93d,resize_roundtrip,0.9,"{""scale"": 0.9}",0861,28.7266,0.918068,0.453125,0.546875,0.484375,0.515625
robustness-20260918-025634-2cf93d,resize_roundtrip,0.9,"{""scale"": 0.9}",0862,39.2441,0.97576,0.421875,0.578125,0.375,0.625
robustness-20260918-025634-2cf93d,resize_roundtrip,0.9,"{""scale"": 0.9}",0863,34.2265,0.974638,0.34375,0.65625,0.46875,0.53125
robustness-20260918-025634-2cf93d,resize_roundtrip,0.9,"{""scale"": 0.9}",0864,33.3077,0.948588,0.3125,0.6875,0.578125,0.421875
robustness-20260918-025634-2cf93d,resize_roundtrip,0.9,"{""scale"": 0.9}",0865,32.4093,0.954279,0.359375,0.640625,0.359375,0.640625
robustness-20260918-025634-2cf93d,resize_roundtrip,0.9,"{""scale"": 0.9}",0866,29.625,0.936026,0.40625,0.59375,0.390625,0.609375
robustness-20260918-025634-2cf93d,resize_roundtrip,0.9,"{""scale"": 0.9}",0867,29.2771,0.940807,0.4375,0.5625,0.40625,0.59375
robustness-20260918-025634-2cf93d,resize_roundtrip,0.9,"{""scale"": 0.9}",0868,32.8603,0.981019,0.5,0.5,0.515625,0.484375
robustness-20260918-025634-2cf93d,resize_roundtrip,0.9,"{""scale"": 0.9}",0869,31.8615,0.948511,0.421875,0.578125,0.421875,0.578125
robustness-20260918-025634-2cf93d,resize_roundtrip,0.9,"{""scale"": 0.9}",0870,28.8442,0.919552,0.34375,0.65625,0.46875,0.53125
robustness-20260918-025634-2cf93d,resize_roundtrip,0.9,"{""scale"": 0.9}",0871,31.5437,0.958717,0.328125,0.671875,0.546875,0.453125
robustness-20260918-025634-2cf93d,resize_roundtrip,0.9,"{""scale"": 0.9}",0872,28.6302,0.936979,0.359375,0.640625,0.46875,0.53125
robustness-20260918-025634-2cf93d,resize_roundtrip,0.9,"{""scale"": 0.9}",0873,29.9008,0.929895,0.453125,0.546875,0.359375,0.640625
robustness-20260918-025634-2cf93d,resize_roundtrip,0.9,"{""scale"": 0.9}",0874,33.2857,0.943328,0.390625,0.609375,0.453125,0.546875
robustness-20260918-025634-2cf93d,resize_roundtrip,0.9,"{""scale"": 0.9}",0875,28.2438,0.933823,0.359375,0.640625,0.453125,0.546875
robustness-20260918-025634-2cf93d,resize_roundtrip,0.9,"{""scale"": 0.9}",0876,31.3248,0.921975,0.40625,0.59375,0.375,0.625
robustness-20260918-025634-2cf93d,resize_roundtrip,0.9,"{""scale"": 0.9}",0877,35.3271,0.972802,0.359375,0.640625,0.46875,0.53125
robustness-20260918-025634-2cf93d,resize_roundtrip,0.9,"{""scale"": 0.9}",0878,29.91,0.937799,0.453125,0.546875,0.46875,0.53125
robustness-20260918-025634-2cf93d,resize_roundtrip,0.9,"{""scale"": 0.9}",0879,30.4273,0.962788,0.40625,0.59375,0.375,0.625
robustness-20260918-025634-2cf93d,resize_roundtrip,0.9,"{""scale"": 0.9}",0880,33.8285,0.963764,0.359375,0.640625,0.46875,0.53125
robustness-20260918-025634-2cf93d,resize_roundtrip,0.9,"{""scale"": 0.9}",0881,33.6201,0.961679,0.4375,0.5625,0.421875,0.578125
robustness-20260918-025634-2cf93d,resize_roundtrip,0.9,"{""scale"": 0.9}",0882,30.1349,0.976432,0.4375,0.5625,0.46875,0.53125
robustness-20260918-025634-2cf93d,resize_roundtrip,0.9,"{""scale"": 0.9}",0883,29.6205,0.938972,0.375,0.625,0.5,0.5
robustness-20260918-025634-2cf93d,resize_roundtrip,0.9,"{""scale"": 0.9}",0884,29.7511,0.937851,0.484375,0.515625,0.515625,0.484375
robustness-20260918-025634-2cf93d,resize_roundtrip,0.9,"{""scale"": 0.9}",0885,29.3907,0.899337,0.484375,0.515625,0.515625,0.484375
robustness-20260918-025634-2cf93d,resize_roundtrip,0.9,"{""scale"": 0.9}",0886,33.8349,0.981334,0.375,0.625,0.484375,0.515625
robustness-20260918-025634-2cf93d,resize_roundtrip,0.9,"{""scale"": 0.9}",0887,30.5321,0.94977,0.375,0.625,0.46875,0.53125
robustness-20260918-025634-2cf93d,resize_roundtrip,0.9,"{""scale"": 0.9}",0888,28.7619,0.952794,0.25,0.75,0.453125,0.546875
robustness-20260918-025634-2cf93d,resize_roundtrip,0.9,"{""scale"": 0.9}",0889,27.688,0.935401,0.296875,0.703125,0.578125,0.421875
robustness-20260918-025634-2cf93d,resize_roundtrip,0.9,"{""scale"": 0.9}",0890,33.7495,0.958617,0.265625,0.734375,0.4375,0.5625
robustness-20260918-025634-2cf93d,resize_roundtrip,0.9,"{""scale"": 0.9}",0891,28.305,0.940472,0.4375,0.5625,0.5,0.5
robustness-20260918-025634-2cf93d,resize_roundtrip,0.9,"{""scale"": 0.9}",0892,27.6057,0.925706,0.359375,0.640625,0.390625,0.609375
robustness-20260918-025634-2cf93d,resize_roundtrip,0.9,"{""scale"": 0.9}",0893,30.9287,0.959764,0.40625,0.59375,0.4375,0.5625
robustness-20260918-025634-2cf93d,resize_roundtrip,0.9,"{""scale"": 0.9}",0894,32.557,0.939817,0.296875,0.703125,0.53125,0.46875
robustness-20260918-025634-2cf93d,resize_roundtrip,0.9,"{""scale"": 0.9}",0895,28.7748,0.900401,0.390625,0.609375,0.390625,0.609375
robustness-20260918-025634-2cf93d,resize_roundtrip,0.9,"{""scale"": 0.9}",0896,31.8783,0.97984,0.484375,0.515625,0.390625,0.609375
robustness-20260918-025634-2cf93d,resize_roundtrip,0.9,"{""scale"": 0.9}",0897,23.8702,0.906396,0.546875,0.453125,0.421875,0.578125
robustness-20260918-025634-2cf93d,resize_roundtrip,0.9,"{""scale"": 0.9}",0898,33.4248,0.979872,0.421875,0.578125,0.40625,0.59375
robustness-20260918-025634-2cf93d,resize_roundtrip,0.9,"{""scale"": 0.9}",0899,28.2204,0.942102,0.390625,0.609375,0.53125,0.46875
robustness-20260918-025634-2cf93d,resize_roundtrip,0.9,"{""scale"": 0.9}",0900,29.5894,0.947525,0.265625,0.734375,0.546875,0.453125
robustness-20260918-025634-2cf93d,resize_roundtrip,0.75,"{""scale"": 0.75}",0801,28.588,0.905588,0.40625,0.59375,0.46875,0.53125
robustness-20260918-025634-2cf93d,resize_roundtrip,0.75,"{""scale"": 0.75}",0802,32.4349,0.973016,0.359375,0.640625,0.546875,0.453125
robustness-20260918-025634-2cf93d,resize_roundtrip,0.75,"{""scale"": 0.75}",0803,31.5741,0.963785,0.453125,0.546875,0.46875,0.53125
robustness-20260918-025634-2cf93d,resize_roundtrip,0.75,"{""scale"": 0.75}",0804,27.6757,0.91908,0.359375,0.640625,0.59375,0.40625
robustness-20260918-025634-2cf93d,resize_roundtrip,0.75,"{""scale"": 0.75}",0805,30.4238,0.922747,0.4375,0.5625,0.515625,0.484375
robustness-20260918-025634-2cf93d,resize_roundtrip,0.75,"{""scale"": 0.75}",0806,31.6987,0.954749,0.484375,0.515625,0.53125,0.46875
robustness-20260918-025634-2cf93d,resize_roundtrip,0.75,"{""scale"": 0.75}",0807,28.7733,0.902587,0.359375,0.640625,0.53125,0.46875
robustness-20260918-025634-2cf93d,resize_roundtrip,0.75,"{""scale"": 0.75}",0808,30.7792,0.952374,0.40625,0.59375,0.453125,0.546875
robustness-20260918-025634-2cf93d,resize_roundtrip,0.75,"{""scale"": 0.75}",0809,31.378,0.906919,0.40625,0.59375,0.4375,0.5625
robustness-20260918-025634-2cf93d,resize_roundtrip,0.75,"{""scale"": 0.75}",0810,31.9362,0.925238,0.421875,0.578125,0.359375,0.640625
robustness-20260918-025634-2cf93d,resize_roundtrip,0.75,"{""scale"": 0.75}",0811,31.2443,0.90862,0.34375,0.65625,0.453125,0.546875
robustness-20260918-025634-2cf93d,resize_roundtrip,0.75,"{""scale"": 0.75}",0812,28.4211,0.928429,0.53125,0.46875,0.53125,0.46875
robustness-20260918-025634-2cf93d,resize_roundtrip,0.75,"{""scale"": 0.75}",0813,29.1637,0.940058,0.375,0.625,0.46875,0.53125
robustness-20260918-025634-2cf93d,resize_roundtrip,0.75,"{""scale"": 0.75}",0814,30.8676,0.950055,0.40625,0.59375,0.671875,0.328125
robustness-20260918-025634-2cf93d,resize_roundtrip,0.75,"{""scale"": 0.75}",0815,30.7819,0.946587,0.4375,0.5625,0.453125,0.546875
robustness-20260918-025634-2cf93d,resize_roundtrip,0.75,"{""scale"": 0.75}",0816,32.4367,0.938285,0.375,0.625,0.484375,0.515625
robustness-20260918-025634-2cf93d,resize_roundtrip,0.75,"{""scale"": 0.75}",0817,28.7608,0.923569,0.390625,0.609375,0.421875,0.578125
robustness-20260918-025634-2cf93d,resize_roundtrip,0.75,"{""scale"": 0.75}",0818,27.8992,0.934647,0.328125,0.671875,0.5625,0.4375
robustness-20260918-025634-2cf93d,resize_roundtrip,0.75,"{""scale"": 0.75}",0819,29.2116,0.901381,0.296875,0.703125,0.4375,0.5625
robustness-20260918-025634-2cf93d,resize_roundtrip,0.75,"{""scale"": 0.75}",0820,24.3497,0.8625,0.4375,0.5625,0.390625,0.609375
robustness-20260918-025634-2cf93d,resize_roundtrip,0.75,"{""scale"": 0.75}",0821,22.3802,0.884966,0.421875,0.578125,0.4375,0.5625
robustness-20260918-025634-2cf93d,resize_roundtrip,0.75,"{""scale"": 0.75}",0822,28.2778,0.886199,0.453125,0.546875,0.546875,0.453125
robustness-20260918-025634-2cf93d,resize_roundtrip,0.75,"{""scale"": 0.75}",0823,28.7563,0.94033,0.484375,0.515625,0.515625,0.484375
robustness-20260918-025634-2cf93d,resize_roundtrip,0.75,"{""scale"": 0.75}",0824,28.2848,0.944378,0.375,0.625,0.484375,0.515625
robustness-20260918-025634-2cf93d,resize_roundtrip,0.75,"{""scale"": 0.75}",0825,26.4866,0.904239,0.34375,0.65625,0.40625,0.59375
robustness-20260918-025634-2cf93d,resize_roundtrip,0.75,"{""scale"": 0.75}",0826,28.4755,0.920302,0.5,0.5,0.578125,0.421875
robustness-20260918-025634-2cf93d,resize_roundtrip,0.75,"{""scale"": 0.75}",0827,33.9903,0.94286,0.453125,0.546875,0.453125,0.546875
robustness-20260918-025634-2cf93d,resize_roundtrip,0.75,"{""scale"": 0.75}",0828,25.2539,0.838168,0.515625,0.484375,0.375,0.625
robustness-20260918-025634-2cf93d,resize_roundtrip,0.75,"{""scale"": 0.75}",0829,31.3065,0.943192,0.453125,0.546875,0.5,0.5
robustness-20260918-025634-2cf93d,resize_roundtrip,0.75,"{""scale"": 0.75}",0830,29.3809,0.91676,0.421875,0.578125,0.5,0.5
robustness-20260918-025634-2cf93d,resize_roundtrip,0.75,"{""scale"": 0.75}",0831,28.4355,0.922838,0.46875,0.53125,0.59375,0.40625
robustness-20260918-025634-2cf93d,resize_roundtrip,0.75,"{""scale"": 0.75}",0832,27.6991,0.926262,0.375,0.625,0.421875,0.578125
robustness-20260918-025634-2cf93d,resize_roundtrip,0.75,"{""scale"": 0.75}",0833,30.023,0.957344,0.5,0.5,0.546875,0.453125
robustness-20260918-025634-2cf93d,resize_roundtrip,0.75,"{""scale"": 0.75}",0834,30.1164,0.939922,0.28125,0.71875,0.53125,0.46875
robustness-20260918-025634-2cf93d,resize_roundtrip,0.75,"{""scale"": 0.75}",0835,28.8147,0.892211,0.390625,0.609375,0.515625,0.484375
robustness-20260918-025634-2cf93d,resize_roundtrip,0.75,"{""scale"": 0.75}",0836,27.1516,0.912571,0.4375,0.5625,0.4375,0.5625
robustness-20260918-025634-2cf93d,resize_roundtrip,0.75,"{""scale"": 0.75}",0837,26.8927,0.908091,0.375,0.625,0.46875,0.53125
robustness-20260918-025634-2cf93d,resize_roundtrip,0.75,"{""scale"": 0.75}",0838,36.9632,0.980376,0.453125,0.546875,0.40625,0.59375
robustness-20260918-025634-2cf93d,resize_roundtrip,0.75,"{""scale"": 0.75}",0839,31.9786,0.941607,0.484375,0.515625,0.4375,0.5625
robustness-20260918-025634-2cf93d,resize_roundtrip,0.75,"{""scale"": 0.75}",0840,29.0735,0.91116,0.390625,0.609375,0.453125,0.546875
robustness-20260918-025634-2cf93d,resize_roundtrip,0.75,"{""scale"": 0.75}",0841,29.9805,0.92551,0.421875,0.578125,0.359375,0.640625
robustness-20260918-025634-2cf93d,resize_roundtrip,0.75,"{""scale"": 0.75}",0842,31.3126,0.947334,0.5,0.5,0.5,0.5
robustness-20260918-025634-2cf93d,resize_roundtrip,0.75,"{""scale"": 0.75}",0843,35.9899,0.991174,0.40625,0.59375,0.5625,0.4375
robustness-20260918-025634-2cf93d,resize_roundtrip,0.75,"{""scale"": 0.75}",0844,34.9747,0.97742,0.40625,0.59375,0.484375,0.515625
robustness-20260918-025634-2cf93d,resize_roundtrip,0.75,"{""scale"": 0.75}",0845,27.5238,0.908684,0.5,0.5,0.296875,0.703125
robustness-20260918-025634-2cf93d,resize_roundtrip,0.75,"{""scale"": 0.75}",0846,26.819,0.897574,0.484375,0.515625,0.5,0.5
robustness-20260918-025634-2cf93d,resize_roundtrip,0.75,"{""scale"": 0.75}",0847,27.2174,0.924886,0.578125,0.421875,0.375,0.625
robustness-20260918-025634-2cf93d,resize_roundtrip,0.75,"{""scale"": 0.75}",0848,28.2937,0.937673,0.34375,0.65625,0.453125,0.546875
robustness-20260918-025634-2cf93d,resize_roundtrip,0.75,"{""scale"": 0.75}",0849,23.3224,0.883842,0.46875,0.53125,0.5,0.5
robustness-20260918-025634-2cf93d,resize_roundtrip,0.75,"{""scale"": 0.75}",0850,30.295,0.933441,0.375,0.625,0.421875,0.578125
robustness-20260918-025634-2cf93d,resize_roundtrip,0.75,"{""scale"": 0.75}",0851,29.05,0.953083,0.390625,0.609375,0.484375,0.515625
robustness-20260918-025634-2cf93d,resize_roundtrip,0.75,"{""scale"": 0.75}",0852,36.0832,0.94541,0.46875,0.53125,0.484375,0.515625
robustness-20260918-025634-2cf93d,resize_roundtrip,0.75,"{""scale"": 0.75}",0853,30.8966,0.947785,0.4375,0.5625,0.390625,0.609375
robustness-20260918-025634-2cf93d,resize_roundtrip,0.75,"{""scale"": 0.75}",0854,27.947,0.90831,0.40625,0.59375,0.484375,0.515625
robustness-20260918-025634-2cf93d,resize_roundtrip,0.75,"{""scale"": 0.75}",0855,30.9957,0.931268,0.28125,0.71875,0.40625,0.59375
robustness-20260918-025634-2cf93d,resize_roundtrip,0.75,"{""scale"": 0.75}",0856,29.1078,0.863203,0.46875,0.53125,0.484375,0.515625
robustness-20260918-025634-2cf93d,resize_roundtrip,0.75,"{""scale"": 0.75}",0857,36.4622,0.978438,0.375,0.625,0.421875,0.578125
robustness-20260918-025634-2cf93d,resize_roundtrip,0.75,"{""scale"": 0.75}",0858,30.8583,0.90871,0.46875,0.53125,0.5,0.5
robustness-20260918-025634-2cf93d,resize_roundtrip,0.75,"{""scale"": 0.75}",0859,29.0684,0.89811,0.4375,0.5625,0.484375,0.515625
robustness-20260918-025634-2cf93d,resize_roundtrip,0.75,"{""scale"": 0.75}",0860,26.1705,0.866708,0.328125,0.671875,0.515625,0.484375
robustness-20260918-025634-2cf93d,resize_roundtrip,0.75,"{""scale"": 0.75}",0861,27.2837,0.886139,0.4375,0.5625,0.484375,0.515625
robustness-20260918-025634-2cf93d,resize_roundtrip,0.75,"{""scale"": 0.75}",0862,37.8409,0.966422,0.46875,0.53125,0.390625,0.609375
robustness-20260918-025634-2cf93d,resize_roundtrip,0.75,"{""scale"": 0.75}",0863,32.459,0.962099,0.40625,0.59375,0.46875,0.53125
robustness-20260918-025634-2cf93d,resize_roundtrip,0.75,"{""scale"": 0.75}",0864,31.8569,0.927736,0.34375,0.65625,0.578125,0.421875
robustness-20260918-025634-2cf93d,resize_roundtrip,0.75,"{""scale"": 0.75}",0865,30.8567,0.93478,0.34375,0.65625,0.375,0.625
robustness-20260918-025634-2cf93d,resize_roundtrip,0.75,"{""scale"": 0.75}",0866,28.1567,0.909671,0.40625,0.59375,0.390625,0.609375
robustness-20260918-025634-2cf93d,resize_roundtrip,0.75,"{""scale"": 0.75}",0867,27.716,0.913422,0.5,0.5,0.40625,0.59375
robustness-20260918-025634-2cf93d,resize_roundtrip,0.75,"{""scale"": 0.75}",0868,31.5755,0.97389,0.5,0.5,0.5625,0.4375
robustness-20260918-025634-2cf93d,resize_roundtrip,0.75,"{""scale"": 0.75}",0869,30.3476,0.925974,0.453125,0.546875,0.4375,0.5625
robustness-20260918-025634-2cf93d,resize_roundtrip,0.75,"{""scale"": 0.75}",0870,27.4163,0.88536,0.390625,0.609375,0.484375,0.515625
robustness-20260918-025634-2cf93d,resize_roundtrip,0.75,"{""scale"": 0.75}",0871,29.9723,0.939842,0.296875,0.703125,0.546875,0.453125
robustness-20260918-025634-2cf93d,resize_roundtrip,0.75,"{""scale"": 0.75}",0872,27.2443,0.910696,0.34375,0.65625,0.46875,0.53125
robustness-20260918-025634-2cf93d,resize_roundtrip,0.75,"{""scale"": 0.75}",0873,28.5275,0.900813,0.5,0.5,0.359375,0.640625
robustness-20260918-025634-2cf93d,resize_roundtrip,0.75,"{""scale"": 0.75}",0874,31.6779,0.920778,0.359375,0.640625,0.453125,0.546875
robustness-20260918-025634-2cf93d,resize_roundtrip,0.75,"{""scale"": 0.75}",0875,26.792,0.907124,0.390625,0.609375,0.453125,0.546875
robustness-20260918-025634-2cf93d,resize_roundtrip,0.75,"{""scale"": 0.75}",0876,29.9766,0.892083,0.40625,0.59375,0.375,0.625
robustness-20260918-025634-2cf93d,resize_roundtrip,0.75,"{""scale"": 0.75}",0877,33.8187,0.961375,0.34375,0.65625,0.46875,0.53125
robustness-20260918-025634-2cf93d,resize_roundtrip,0.75,"{""scale"": 0.75}",0878,28.3148,0.909015,0.421875,0.578125,0.46875,0.53125
robustness-20260918-025634-2cf93d,resize_roundtrip,0.75,"{""scale"": 0.75}",0879,28.9902,0.948113,0.453125,0.546875,0.375,0.625
robustness-20260918-025634-2cf93d,resize_roundtrip,0.75,"{""scale"": 0.75}",0880,32.3339,0.948744,0.390625,0.609375,0.46875,0.53125
robustness-20260918-025634-2cf93d,resize_roundtrip,0.75,"{""scale"": 0.75}",0881,32.2219,0.945977,0.4375,0.5625,0.4375,0.5625
robustness-20260918-025634-2cf93d,resize_roundtrip,0.75,"{""scale"": 0.75}",0882,28.5981,0.965412,0.4375,0.5625,0.46875,0.53125
robustness-20260918-025634-2cf93d,resize_roundtrip,0.75,"{""scale"": 0.75}",0883,28.1971,0.913947,0.328125,0.671875,0.515625,0.484375
robustness-20260918-025634-2cf93d,resize_roundtrip,0.75,"{""scale"": 0.75}",0884,28.1034,0.908204,0.515625,0.484375,0.515625,0.484375
robustness-20260918-025634-2cf93d,resize_roundtrip,0.75,"{""scale"": 0.75}",0885,28.0349,0.858975,0.5625,0.4375,0.515625,0.484375
robustness-20260918-025634-2cf93d,resize_roundtrip,0.75,"{""scale"": 0.75}",0886,32.2954,0.973255,0.484375,0.515625,0.484375,0.515625
robustness-20260918-025634-2cf93d,resize_roundtrip,0.75,"{""scale"": 0.75}",0887,29.0125,0.92909,0.5,0.5,0.46875,0.53125
robustness-20260918-025634-2cf93d,resize_roundtrip,0.75,"{""scale"": 0.75}",0888,27.186,0.930966,0.28125,0.71875,0.453125,0.546875
robustness-20260918-025634-2cf93d,resize_roundtrip,0.75,"{""scale"": 0.75}",0889,26.1028,0.905918,0.359375,0.640625,0.578125,0.421875
robustness-20260918-025634-2cf93d,resize_roundtrip,0.75,"{""scale"": 0.75}",0890,32.3163,0.941341,0.328125,0.671875,0.453125,0.546875
robustness-20260918-025634-2cf93d,resize_roundtrip,0.75,"{""scale"": 0.75}",0891,26.7133,0.913383,0.328125,0.671875,0.5,0.5
robustness-20260918-025634-2cf93d,resize_roundtrip,0.75,"{""scale"": 0.75}",0892,26.1151,0.890693,0.5,0.5,0.390625,0.609375
robustness-20260918-025634-2cf93d,resize_roundtrip,0.75,"{""scale"": 0.75}",0893,29.2739,0.942238,0.390625,0.609375,0.453125,0.546875
robustness-20260918-025634-2cf93d,resize_roundtrip,0.75,"{""scale"": 0.75}",0894,31.0529,0.916782,0.34375,0.65625,0.53125,0.46875
robustness-20260918-025634-2cf93d,resize_roundtrip,0.75,"{""scale"": 0.75}",0895,27.4054,0.860638,0.40625,0.59375,0.40625,0.59375
robustness-20260918-025634-2cf93d,resize_roundtrip,0.75,"{""scale"": 0.75}",0896,30.3065,0.971692,0.453125,0.546875,0.390625,0.609375
robustness-20260918-025634-2cf93d,resize_roundtrip,0.75,"{""scale"": 0.75}",0897,22.2799,0.858285,0.53125,0.46875,0.421875,0.578125
robustness-20260918-025634-2cf93d,resize_roundtrip,0.75,"{""scale"": 0.75}",0898,32.0055,0.972415,0.4375,0.5625,0.40625,0.59375
robustness-20260918-025634-2cf93d,resize_roundtrip,0.75,"{""scale"": 0.75}",0899,26.7413,0.918812,0.359375,0.640625,0.53125,0.46875
robustness-20260918-025634-2cf93d,resize_roundtrip,0.75,"{""scale"": 0.75}",0900,28.0569,0.925016,0.375,0.625,0.546875,0.453125
robustness-20260918-025634-2cf93d,resize_roundtrip,0.5,"{""scale"": 0.5}",0801,25.7682,0.812728,0.421875,0.578125,0.484375,0.515625
robustness-20260918-025634-2cf93d,resize_roundtrip,0.5,"{""scale"": 0.5}",0802,29.0217,0.942069,0.421875,0.578125,0.546875,0.453125
robustness-20260918-025634-2cf93d,resize_roundtrip,0.5,"{""scale"": 0.5}",0803,28.6713,0.928623,0.546875,0.453125,0.46875,0.53125
robustness-20260918-025634-2cf93d,resize_roundtrip,0.5,"{""scale"": 0.5}",0804,24.7102,0.838626,0.28125,0.71875,0.59375,0.40625
robustness-20260918-025634-2cf93d,resize_roundtrip,0.5,"{""scale"": 0.5}",0805,27.9594,0.85788,0.4375,0.5625,0.515625,0.484375
robustness-20260918-025634-2cf93d,resize_roundtrip,0.5,"{""scale"": 0.5}",0806,28.9989,0.913184,0.421875,0.578125,0.546875,0.453125
robustness-20260918-025634-2cf93d,resize_roundtrip,0.5,"{""scale"": 0.5}",0807,26.1699,0.818485,0.359375,0.640625,0.53125,0.46875
robustness-20260918-025634-2cf93d,resize_roundtrip,0.5,"{""scale"": 0.5}",0808,28.023,0.910733,0.421875,0.578125,0.46875,0.53125
robustness-20260918-025634-2cf93d,resize_roundtrip,0.5,"{""scale"": 0.5}",0809,28.6929,0.822152,0.390625,0.609375,0.4375,0.5625
robustness-20260918-025634-2cf93d,resize_roundtrip,0.5,"{""scale"": 0.5}",0810,29.5067,0.866839,0.390625,0.609375,0.375,0.625
robustness-20260918-025634-2cf93d,resize_roundtrip,0.5,"{""scale"": 0.5}",0811,28.5716,0.824052,0.40625,0.59375,0.453125,0.546875
robustness-20260918-025634-2cf93d,resize_roundtrip,0.5,"{""scale"": 0.5}",0812,25.6273,0.864215,0.484375,0.515625,0.53125,0.46875
robustness-20260918-025634-2cf93d,resize_roundtrip,0.5,"{""scale"": 0.5}",0813,26.1956,0.879199,0.34375,0.65625,0.484375,0.515625
robustness-20260918-025634-2cf93d,resize_roundtrip,0.5,"{""scale"": 0.5}",0814,28.3823,0.909118,0.5,0.5,0.671875,0.328125
robustness-20260918-025634-2cf93d,resize_roundtrip,0.5,"{""scale"": 0.5}",0815,27.7676,0.887297,0.4375,0.5625,0.46875,0.53125
robustness-20260918-025634-2cf93d,resize_roundtrip,0.5,"{""scale"": 0.5}",0816,29.4363,0.878697,0.453125,0.546875,0.5,0.5
robustness-20260918-025634-2cf93d,resize_roundtrip,0.5,"{""scale"": 0.5}",0817,26.0663,0.85169,0.46875,0.53125,0.421875,0.578125
robustness-20260918-025634-2cf93d,resize_roundtrip,0.5,"{""scale"": 0.5}",0818,25.1198,0.870705,0.40625,0.59375,0.578125,0.421875
robustness-20260918-025634-2cf93d,resize_roundtrip,0.5,"{""scale"": 0.5}",0819,26.4365,0.808744,0.359375,0.640625,0.46875,0.53125
robustness-20260918-025634-2cf93d,resize_roundtrip,0.5,"{""scale"": 0.5}",0820,21.6492,0.736874,0.546875,0.453125,0.390625,0.609375
robustness-20260918-025634-2cf93d,resize_roundtrip,0.5,"{""scale"": 0.5}",0821,19.6291,0.771868,0.46875,0.53125,0.453125,0.546875
robustness-20260918-025634-2cf93d,resize_roundtrip,0.5,"{""scale"": 0.5}",0822,25.5919,0.778423,0.484375,0.515625,0.59375,0.40625
robustness-20260918-025634-2cf93d,resize_roundtrip,0.5,"{""scale"": 0.5}",0823,26.0061,0.88443,0.515625,0.484375,0.515625,0.484375
robustness-20260918-025634-2cf93d,resize_roundtrip,0.5,"{""scale"": 0.5}",0824,25.2999,0.886428,0.40625,0.59375,0.484375,0.515625
robustness-20260918-025634-2cf93d,resize_roundtrip,0.5,"{""scale"": 0.5}",0825,23.5939,0.809655,0.390625,0.609375,0.40625,0.59375
robustness-20260918-025634-2cf93d,resize_roundtrip,0.5,"{""scale"": 0.5}",0826,25.8752,0.856461,0.546875,0.453125,0.578125,0.421875
robustness-20260918-025634-2cf93d,resize_roundtrip,0.5,"{""scale"": 0.5}",0827,31.5162,0.897628,0.515625,0.484375,0.453125,0.546875
robustness-20260918-025634-2cf93d,resize_roundtrip,0.5,"{""scale"": 0.5}",0828,23.0124,0.710493,0.515625,0.484375,0.375,0.625
robustness-20260918-025634-2cf93d,resize_roundtrip,0.5,"{""scale"": 0.5}",0829,28.301,0.888156,0.375,0.625,0.5,0.5
robustness-20260918-025634-2cf93d,resize_roundtrip,0.5,"{""scale"": 0.5}",0830,26.8184,0.849723,0.46875,0.53125,0.5,0.5
robustness-20260918-025634-2cf93d,resize_roundtrip,0.5,"{""scale"": 0.5}",0831,25.4456,0.844769,0.546875,0.453125,0.59375,0.40625
robustness-20260918-025634-2cf93d,resize_roundtrip,0.5,"{""scale"": 0.5}",0832,24.7451,0.851389,0.40625,0.59375,0.421875,0.578125
robustness-20260918-025634-2cf93d,resize_roundtrip,0.5,"{""scale"": 0.5}",0833,27.2126,0.915642,0.46875,0.53125,0.546875,0.453125
robustness-20260918-025634-2cf93d,resize_roundtrip,0.5,"{""scale"": 0.5}",0834,27.3541,0.886265,0.3125,0.6875,0.53125,0.46875
robustness-20260918-025634-2cf93d,resize_roundtrip,0.5,"{""scale"": 0.5}",0835,26.245,0.798484,0.4375,0.5625,0.53125,0.46875
robustness-20260918-025634-2cf93d,resize_roundtrip,0.5,"{""scale"": 0.5}",0836,24.4536,0.8369,0.421875,0.578125,0.453125,0.546875
robustness-20260918-025634-2cf93d,resize_roundtrip,0.5,"{""scale"": 0.5}",0837,23.9788,0.812632,0.453125,0.546875,0.46875,0.53125
robustness-20260918-025634-2cf93d,resize_roundtrip,0.5,"{""scale"": 0.5}",0838,33.565,0.960011,0.421875,0.578125,0.4375,0.5625
robustness-20260918-025634-2cf93d,resize_roundtrip,0.5,"{""scale"": 0.5}",0839,29.1853,0.885223,0.390625,0.609375,0.4375,0.5625
robustness-20260918-025634-2cf93d,resize_roundtrip,0.5,"{""scale"": 0.5}",0840,26.2643,0.823591,0.40625,0.59375,0.46875,0.53125
robustness-20260918-025634-2cf93d,resize_roundtrip,0.5,"{""scale"": 0.5}",0841,27.2109,0.854644,0.5625,0.4375,0.375,0.625
robustness-20260918-025634-2cf93d,resize_roundtrip,0.5,"{""scale"": 0.5}",0842,28.4364,0.897912,0.5,0.5,0.5,0.5
robustness-20260918-025634-2cf93d,resize_roundtrip,0.5,"{""scale"": 0.5}",0843,32.5673,0.980627,0.5625,0.4375,0.578125,0.421875
robustness-20260918-025634-2cf93d,resize_roundtrip,0.5,"{""scale"": 0.5}",0844,31.831,0.953684,0.5,0.5,0.484375,0.515625
robustness-20260918-025634-2cf93d,resize_roundtrip,0.5,"{""scale"": 0.5}",0845,24.9019,0.828113,0.546875,0.453125,0.296875,0.703125
robustness-20260918-025634-2cf93d,resize_roundtrip,0.5,"{""scale"": 0.5}",0846,24.1766,0.807815,0.5,0.5,0.515625,0.484375
robustness-20260918-025634-2cf93d,resize_roundtrip,0.5,"{""scale"": 0.5}",0847,24.3254,0.852621,0.515625,0.484375,0.40625,0.59375
robustness-20260918-025634-2cf93d,resize_roundtrip,0.5,"{""scale"": 0.5}",0848,25.3418,0.878643,0.390625,0.609375,0.46875,0.53125
robustness-20260918-025634-2cf93d,resize_roundtrip,0.5,"{""scale"": 0.5}",0849,20.6081,0.771426,0.53125,0.46875,0.5,0.5
robustness-20260918-025634-2cf93d,resize_roundtrip,0.5,"{""scale"": 0.5}",0850,27.4844,0.868504,0.390625,0.609375,0.421875,0.578125
robustness-20260918-025634-2cf93d,resize_roundtrip,0.5,"{""scale"": 0.5}",0851,26.141,0.906562,0.453125,0.546875,0.484375,0.515625
robustness-20260918-025634-2cf93d,resize_roundtrip,0.5,"{""scale"": 0.5}",0852,33.5194,0.898845,0.484375,0.515625,0.515625,0.484375
robustness-20260918-025634-2cf93d,resize_roundtrip,0.5,"{""scale"": 0.5}",0853,28.2085,0.904133,0.484375,0.515625,0.40625,0.59375
robustness-20260918-025634-2cf93d,resize_roundtrip,0.5,"{""scale"": 0.5}",0854,25.2336,0.823743,0.453125,0.546875,0.484375,0.515625
robustness-20260918-025634-2cf93d,resize_roundtrip,0.5,"{""scale"": 0.5}",0855,28.6853,0.876746,0.296875,0.703125,0.40625,0.59375
robustness-20260918-025634-2cf93d,resize_roundtrip,0.5,"{""scale"": 0.5}",0856,26.7422,0.752341,0.53125,0.46875,0.484375,0.515625
robustness-20260918-025634-2cf93d,resize_roundtrip,0.5,"{""scale"": 0.5}",0857,33.4268,0.95604,0.390625,0.609375,0.4375,0.5625
robustness-20260918-025634-2cf93d,resize_roundtrip,0.5,"{""scale"": 0.5}",0858,28.2026,0.827332,0.46875,0.53125,0.53125,0.46875
robustness-20260918-025634-2cf93d,resize_roundtrip,0.5,"{""scale"": 0.5}",0859,26.4121,0.807084,0.484375,0.515625,0.515625,0.484375
robustness-20260918-025634-2cf93d,resize_roundtrip,0.5,"{""scale"": 0.5}",0860,23.7805,0.759687,0.5,0.5,0.546875,0.453125
robustness-20260918-025634-2cf93d,resize_roundtrip,0.5,"{""scale"": 0.5}",0861,24.589,0.788266,0.515625,0.484375,0.484375,0.515625
robustness-20260918-025634-2cf93d,resize_roundtrip,0.5,"{""scale"": 0.5}",0862,35.0282,0.93651,0.5,0.5,0.40625,0.59375
robustness-20260918-025634-2cf93d,resize_roundtrip,0.5,"{""scale"": 0.5}",0863,29.1352,0.915041,0.453125,0.546875,0.46875,0.53125
robustness-20260918-025634-2cf93d,resize_roundtrip,0.5,"{""scale"": 0.5}",0864,28.9422,0.853707,0.375,0.625,0.59375,0.40625
robustness-20260918-025634-2cf93d,resize_roundtrip,0.5,"{""scale"": 0.5}",0865,28.149,0.873351,0.4375,0.5625,0.375,0.625
robustness-20260918-025634-2cf93d,resize_roundtrip,0.5,"{""scale"": 0.5}",0866,25.1319,0.819921,0.390625,0.609375,0.390625,0.609375
robustness-20260918-025634-2cf93d,resize_roundtrip,0.5,"{""scale"": 0.5}",0867,24.8122,0.824651,0.484375,0.515625,0.40625,0.59375
robustness-20260918-025634-2cf93d,resize_roundtrip,0.5,"{""scale"": 0.5}",0868,28.7459,0.949573,0.5625,0.4375,0.5625,0.4375
robustness-20260918-025634-2cf93d,resize_roundtrip,0.5,"{""scale"": 0.5}",0869,27.6489,0.857327,0.53125,0.46875,0.4375,0.5625
robustness-20260918-025634-2cf93d,resize_roundtrip,0.5,"{""scale"": 0.5}",0870,24.6588,0.770778,0.328125,0.671875,0.484375,0.515625
robustness-20260918-025634-2cf93d,resize_roundtrip,0.5,"{""scale"": 0.5}",0871,26.9426,0.875489,0.390625,0.609375,0.5625,0.4375
robustness-20260918-025634-2cf93d,resize_roundtrip,0.5,"{""scale"": 0.5}",0872,24.4706,0.828852,0.34375,0.65625,0.484375,0.515625
robustness-20260918-025634-2cf93d,resize_roundtrip,0.5,"{""scale"": 0.5}",0873,25.8881,0.810092,0.421875,0.578125,0.359375,0.640625
robustness-20260918-025634-2cf93d,resize_roundtrip,0.5,"{""scale"": 0.5}",0874,28.8161,0.848843,0.453125,0.546875,0.46875,0.53125
robustness-20260918-025634-2cf93d,resize_roundtrip,0.5,"{""scale"": 0.5}",0875,24.1189,0.822175,0.484375,0.515625,0.453125,0.546875
robustness-20260918-025634-2cf93d,resize_roundtrip,0.5,"{""scale"": 0.5}",0876,27.3833,0.799723,0.453125,0.546875,0.375,0.625
robustness-20260918-025634-2cf93d,resize_roundtrip,0.5,"{""scale"": 0.5}",0877,30.6745,0.920256,0.390625,0.609375,0.46875,0.53125
robustness-20260918-025634-2cf93d,resize_roundtrip,0.5,"{""scale"": 0.5}",0878,25.4934,0.820481,0.484375,0.515625,0.46875,0.53125
robustness-20260918-025634-2cf93d,resize_roundtrip,0.5,"{""scale"": 0.5}",0879,26.0658,0.898612,0.4375,0.5625,0.375,0.625
robustness-20260918-025634-2cf93d,resize_roundtrip,0.5,"{""scale"": 0.5}",0880,29.5332,0.90478,0.5,0.5,0.46875,0.53125
robustness-20260918-025634-2cf93d,resize_roundtrip,0.5,"{""scale"": 0.5}",0881,29.5142,0.89816,0.40625,0.59375,0.453125,0.546875
robustness-20260918-025634-2cf93d,resize_roundtrip,0.5,"{""scale"": 0.5}",0882,25.3177,0.92159,0.5625,0.4375,0.484375,0.515625
robustness-20260918-025634-2cf93d,resize_roundtrip,0.5,"{""scale"": 0.5}",0883,25.4192,0.834677,0.390625,0.609375,0.53125,0.46875
robustness-20260918-025634-2cf93d,resize_roundtrip,0.5,"{""scale"": 0.5}",0884,25.2042,0.816517,0.421875,0.578125,0.53125,0.46875
robustness-20260918-025634-2cf93d,resize_roundtrip,0.5,"{""scale"": 0.5}",0885,25.5696,0.748627,0.484375,0.515625,0.515625,0.484375
robustness-20260918-025634-2cf93d,resize_roundtrip,0.5,"{""scale"": 0.5}",0886,29.3416,0.946495,0.5,0.5,0.5,0.5
robustness-20260918-025634-2cf93d,resize_roundtrip,0.5,"{""scale"": 0.5}",0887,26.2431,0.863422,0.4375,0.5625,0.46875,0.53125
robustness-20260918-025634-2cf93d,resize_roundtrip,0.5,"{""scale"": 0.5}",0888,24.1472,0.859164,0.28125,0.71875,0.453125,0.546875
robustness-20260918-025634-2cf93d,resize_roundtrip,0.5,"{""scale"": 0.5}",0889,23.2492,0.8104,0.359375,0.640625,0.578125,0.421875
robustness-20260918-025634-2cf93d,resize_roundtrip,0.5,"{""scale"": 0.5}",0890,29.6474,0.888977,0.375,0.625,0.453125,0.546875
robustness-20260918-025634-2cf93d,resize_roundtrip,0.5,"{""scale"": 0.5}",0891,23.9455,0.828122,0.34375,0.65625,0.5,0.5
robustness-20260918-025634-2cf93d,resize_roundtrip,0.5,"{""scale"": 0.5}",0892,23.1942,0.768156,0.53125,0.46875,0.390625,0.609375
robustness-20260918-025634-2cf93d,resize_roundtrip,0.5,"{""scale"": 0.5}",0893,26.2328,0.881585,0.421875,0.578125,0.453125,0.546875
robustness-20260918-025634-2cf93d,resize_roundtrip,0.5,"{""scale"": 0.5}",0894,28.0662,0.851819,0.328125,0.671875,0.53125,0.46875
robustness-20260918-025634-2cf93d,resize_roundtrip,0.5,"{""scale"": 0.5}",0895,24.9112,0.744086,0.34375,0.65625,0.40625,0.59375
robustness-20260918-025634-2cf93d,resize_roundtrip,0.5,"{""scale"": 0.5}",0896,27.1846,0.94619,0.390625,0.609375,0.390625,0.609375
robustness-20260918-025634-2cf93d,resize_roundtrip,0.5,"{""scale"": 0.5}",0897,19.034,0.664464,0.5,0.5,0.421875,0.578125
robustness-20260918-025634-2cf93d,resize_roundtrip,0.5,"{""scale"": 0.5}",0898,29.0784,0.947656,0.53125,0.46875,0.40625,0.59375
robustness-20260918-025634-2cf93d,resize_roundtrip,0.5,"{""scale"": 0.5}",0899,23.7211,0.837613,0.375,0.625,0.53125,0.46875
robustness-20260918-025634-2cf93d,resize_roundtrip,0.5,"{""scale"": 0.5}",0900,24.9706,0.848908,0.359375,0.640625,0.546875,0.453125
robustness-20260918-025634-2cf93d,rotate,1.0,"{""degrees"": 1}",0801,19.7129,0.487932,0.53125,0.46875,0.53125,0.46875
robustness-20260918-025634-2cf93d,rotate,1.0,"{""degrees"": 1}",0802,20.3298,0.734315,0.46875,0.53125,0.578125,0.421875
robustness-20260918-025634-2cf93d,rotate,1.0,"{""degrees"": 1}",0803,21.613,0.755596,0.515625,0.484375,0.421875,0.578125
robustness-20260918-025634-2cf93d,rotate,1.0,"{""degrees"": 1}",0804,18.3489,0.596462,0.421875,0.578125,0.53125,0.46875
robustness-20260918-025634-2cf93d,rotate,1.0,"{""degrees"": 1}",0805,21.4323,0.609545,0.5,0.5,0.515625,0.484375
robustness-20260918-025634-2cf93d,rotate,1.0,"{""degrees"": 1}",0806,22.3504,0.747944,0.53125,0.46875,0.5625,0.4375
robustness-20260918-025634-2cf93d,rotate,1.0,"{""degrees"": 1}",0807,20.2364,0.53451,0.5,0.5,0.5625,0.4375
robustness-20260918-025634-2cf93d,rotate,1.0,"{""degrees"": 1}",0808,22.3377,0.802073,0.53125,0.46875,0.4375,0.5625
robustness-20260918-025634-2cf93d,rotate,1.0,"{""degrees"": 1}",0809,22.9075,0.560178,0.484375,0.515625,0.484375,0.515625
robustness-20260918-025634-2cf93d,rotate,1.0,"{""degrees"": 1}",0810,24.0877,0.697467,0.484375,0.515625,0.375,0.625
robustness-20260918-025634-2cf93d,rotate,1.0,"{""degrees"": 1}",0811,22.9306,0.559495,0.53125,0.46875,0.484375,0.515625
robustness-20260918-025634-2cf93d,rotate,1.0,"{""degrees"": 1}",0812,20.1251,0.666902,0.53125,0.46875,0.453125,0.546875
robustness-20260918-025634-2cf93d,rotate,1.0,"{""degrees"": 1}",0813,20.4242,0.705287,0.453125,0.546875,0.421875,0.578125
robustness-20260918-025634-2cf93d,rotate,1.0,"{""degrees"": 1}",0814,23.7523,0.819251,0.453125,0.546875,0.65625,0.34375
robustness-20260918-025634-2cf93d,rotate,1.0,"{""degrees"": 1}",0815,20.2371,0.604155,0.59375,0.40625,0.484375,0.515625
robustness-20260918-025634-2cf93d,rotate,1.0,"{""degrees"": 1}",0816,23.458,0.718141,0.4375,0.5625,0.53125,0.46875
robustness-20260918-025634-2cf93d,rotate,1.0,"{""degrees"": 1}",0817,20.5146,0.638117,0.359375,0.640625,0.4375,0.5625
robustness-20260918-025634-2cf93d,rotate,1.0,"{""degrees"": 1}",0818,19.8931,0.690339,0.53125,0.46875,0.53125,0.46875
robustness-20260918-025634-2cf93d,rotate,1.0,"{""degrees"": 1}",0819,20.3564,0.530269,0.421875,0.578125,0.390625,0.609375
robustness-20260918-025634-2cf93d,rotate,1.0,"{""degrees"": 1}",0820,16.3324,0.428764,0.484375,0.515625,0.390625,0.609375
robustness-20260918-025634-2cf93d,rotate,1.0,"{""degrees"": 1}",0821,12.9395,0.332192,0.5625,0.4375,0.453125,0.546875
robustness-20260918-025634-2cf93d,rotate,1.0,"{""degrees"": 1}",0822,20.8304,0.498961,0.578125,0.421875,0.515625,0.484375
robustness-20260918-025634-2cf93d,rotate,1.0,"{""degrees"": 1}",0823,20.1762,0.70442,0.578125,0.421875,0.4375,0.5625
robustness-20260918-025634-2cf93d,rotate,1.0,"{""degrees"": 1}",0824,18.9264,0.633354,0.5625,0.4375,0.484375,0.515625
robustness-20260918-025634-2cf93d,rotate,1.0,"{""degrees"": 1}",0825,17.7343,0.500195,0.4375,0.5625,0.40625,0.59375
robustness-20260918-025634-2cf93d,rotate,1.0,"{""degrees"": 1}",0826,20.8296,0.705486,0.515625,0.484375,0.59375,0.40625
robustness-20260918-025634-2cf93d,rotate,1.0,"{""degrees"": 1}",0827,25.0847,0.681736,0.484375,0.515625,0.453125,0.546875
robustness-20260918-025634-2cf93d,rotate,1.0,"{""degrees"": 1}",0828,17.2341,0.249687,0.4375,0.5625,0.359375,0.640625
robustness-20260918-025634-2cf93d,rotate,1.0,"{""degrees"": 1}",0829,22.8314,0.695803,0.515625,0.484375,0.4375,0.5625
robustness-20260918-025634-2cf93d,rotate,1.0,"{""degrees"": 1}",0830,23.4686,0.698117,0.5,0.5,0.515625,0.484375
robustness-20260918-025634-2cf93d,rotate,1.0,"{""degrees"": 1}",0831,18.6588,0.578465,0.4375,0.5625,0.578125,0.421875
robustness-20260918-025634-2cf93d,rotate,1.0,"{""degrees"": 1}",0832,18.7366,0.611806,0.59375,0.40625,0.4375,0.5625
robustness-20260918-025634-2cf93d,rotate,1.0,"{""degrees"": 1}",0833,20.3875,0.750382,0.546875,0.453125,0.53125,0.46875
robustness-20260918-025634-2cf93d,rotate,1.0,"{""degrees"": 1}",0834,20.8293,0.706131,0.484375,0.515625,0.515625,0.484375
robustness-20260918-025634-2cf93d,rotate,1.0,"{""degrees"": 1}",0835,20.8895,0.512585,0.5,0.5,0.515625,0.484375
robustness-20260918-025634-2cf93d,rotate,1.0,"{""degrees"": 1}",0836,18.7001,0.62489,0.484375,0.515625,0.40625,0.59375
robustness-20260918-025634-2cf93d,rotate,1.0,"{""degrees"": 1}",0837,18.0609,0.528776,0.46875,0.53125,0.5,0.5
robustness-20260918-025634-2cf93d,rotate,1.0,"{""degrees"": 1}",0838,22.7686,0.81201,0.546875,0.453125,0.4375,0.5625
robustness-20260918-025634-2cf93d,rotate,1.0,"{""degrees"": 1}",0839,23.4435,0.75164,0.5,0.5,0.375,0.625
robustness-20260918-025634-2cf93d,rotate,1.0,"{""degrees"": 1}",0840,19.8266,0.518825,0.390625,0.609375,0.453125,0.546875
robustness-20260918-025634-2cf93d,rotate,1.0,"{""degrees"": 1}",0841,21.7995,0.639359,0.484375,0.515625,0.390625,0.609375
robustness-20260918-025634-2cf93d,rotate,1.0,"{""degrees"": 1}",0842,21.7938,0.703823,0.4375,0.5625,0.4375,0.5625
robustness-20260918-025634-2cf93d,rotate,1.0,"{""degrees"": 1}",0843,32.1391,0.981489,0.609375,0.390625,0.484375,0.515625
robustness-20260918-025634-2cf93d,rotate,1.0,"{""degrees"": 1}",0844,25.8056,0.838754,0.5,0.5,0.4375,0.5625
robustness-20260918-025634-2cf93d,rotate,1.0,"{""degrees"": 1}",0845,17.9757,0.541922,0.515625,0.484375,0.484375,0.515625
robustness-20260918-025634-2cf93d,rotate,1.0,"{""degrees"": 1}",0846,19.2995,0.587226,0.484375,0.515625,0.5,0.5
robustness-20260918-025634-2cf93d,rotate,1.0,"{""degrees"": 1}",0847,18.5773,0.63782,0.46875,0.53125,0.359375,0.640625
robustness-20260918-025634-2cf93d,rotate,1.0,"{""degrees"": 1}",0848,18.4127,0.636388,0.40625,0.59375,0.46875,0.53125
robustness-20260918-025634-2cf93d,rotate,1.0,"{""degrees"": 1}",0849,14.7152,0.432973,0.53125,0.46875,0.4375,0.5625
robustness-20260918-025634-2cf93d,rotate,1.0,"{""degrees"": 1}",0850,21.4328,0.633233,0.421875,0.578125,0.5,0.5
robustness-20260918-025634-2cf93d,rotate,1.0,"{""degrees"": 1}",0851,20.6243,0.77982,0.421875,0.578125,0.5,0.5
robustness-20260918-025634-2cf93d,rotate,1.0,"{""degrees"": 1}",0852,28.9129,0.747686,0.5,0.5,0.46875,0.53125
robustness-20260918-025634-2cf93d,rotate,1.0,"{""degrees"": 1}",0853,23.6924,0.80434,0.484375,0.515625,0.421875,0.578125
robustness-20260918-025634-2cf93d,rotate,1.0,"{""degrees"": 1}",0854,20.048,0.623056,0.390625,0.609375,0.421875,0.578125
robustness-20260918-025634-2cf93d,rotate,1.0,"{""degrees"": 1}",0855,23.4563,0.712103,0.46875,0.53125,0.390625,0.609375
robustness-20260918-025634-2cf93d,rotate,1.0,"{""degrees"": 1}",0856,22.2632,0.489335,0.546875,0.453125,0.515625,0.484375
robustness-20260918-025634-2cf93d,rotate,1.0,"{""degrees"": 1}",0857,25.8569,0.827901,0.515625,0.484375,0.515625,0.484375
robustness-20260918-025634-2cf93d,rotate,1.0,"{""degrees"": 1}",0858,23.0181,0.556711,0.5625,0.4375,0.515625,0.484375
robustness-20260918-025634-2cf93d,rotate,1.0,"{""degrees"": 1}",0859,20.991,0.552217,0.515625,0.484375,0.5,0.5
robustness-20260918-025634-2cf93d,rotate,1.0,"{""degrees"": 1}",0860,18.3149,0.431441,0.578125,0.421875,0.5,0.5
robustness-20260918-025634-2cf93d,rotate,1.0,"{""degrees"": 1}",0861,18.9902,0.516732,0.390625,0.609375,0.390625,0.609375
robustness-20260918-025634-2cf93d,rotate,1.0,"{""degrees"": 1}",0862,29.8965,0.859045,0.53125,0.46875,0.40625,0.59375
robustness-20260918-025634-2cf93d,rotate,1.0,"{""degrees"": 1}",0863,23.1156,0.757349,0.4375,0.5625,0.46875,0.53125
robustness-20260918-025634-2cf93d,rotate,1.0,"{""degrees"": 1}",0864,22.528,0.594318,0.53125,0.46875,0.640625,0.359375
robustness-20260918-025634-2cf93d,rotate,1.0,"{""degrees"": 1}",0865,22.3977,0.644075,0.484375,0.515625,0.359375,0.640625
robustness-20260918-025634-2cf93d,rotate,1.0,"{""degrees"": 1}",0866,18.1967,0.489304,0.40625,0.59375,0.421875,0.578125
robustness-20260918-025634-2cf93d,rotate,1.0,"{""degrees"": 1}",0867,18.9612,0.534358,0.515625,0.484375,0.390625,0.609375
robustness-20260918-025634-2cf93d,rotate,1.0,"{""degrees"": 1}",0868,23.9448,0.904125,0.5,0.5,0.5,0.5
robustness-20260918-025634-2cf93d,rotate,1.0,"{""degrees"": 1}",0869,22.3318,0.672148,0.453125,0.546875,0.421875,0.578125
robustness-20260918-025634-2cf93d,rotate,1.0,"{""degrees"": 1}",0870,19.6188,0.476942,0.359375,0.640625,0.4375,0.5625
robustness-20260918-025634-2cf93d,rotate,1.0,"{""degrees"": 1}",0871,20.1382,0.625427,0.453125,0.546875,0.5,0.5
robustness-20260918-025634-2cf93d,rotate,1.0,"{""degrees"": 1}",0872,18.6294,0.564685,0.59375,0.40625,0.515625,0.484375
robustness-20260918-025634-2cf93d,rotate,1.0,"{""degrees"": 1}",0873,20.6924,0.571034,0.484375,0.515625,0.34375,0.65625
robustness-20260918-025634-2cf93d,rotate,1.0,"{""degrees"": 1}",0874,22.7427,0.603702,0.390625,0.609375,0.421875,0.578125
robustness-20260918-025634-2cf93d,rotate,1.0,"{""degrees"": 1}",0875,17.6287,0.496256,0.53125,0.46875,0.46875,0.53125
robustness-20260918-025634-2cf93d,rotate,1.0,"{""degrees"": 1}",0876,20.8407,0.49055,0.515625,0.484375,0.359375,0.640625
robustness-20260918-025634-2cf93d,rotate,1.0,"{""degrees"": 1}",0877,24.0838,0.744415,0.40625,0.59375,0.484375,0.515625
robustness-20260918-025634-2cf93d,rotate,1.0,"{""degrees"": 1}",0878,19.8845,0.554064,0.375,0.625,0.390625,0.609375
robustness-20260918-025634-2cf93d,rotate,1.0,"{""degrees"": 1}",0879,21.1425,0.769474,0.453125,0.546875,0.359375,0.640625
robustness-20260918-025634-2cf93d,rotate,1.0,"{""degrees"": 1}",0880,25.3459,0.838932,0.5,0.5,0.484375,0.515625
robustness-20260918-025634-2cf93d,rotate,1.0,"{""degrees"": 1}",0881,24.0869,0.759962,0.46875,0.53125,0.46875,0.53125
robustness-20260918-025634-2cf93d,rotate,1.0,"{""degrees"": 1}",0882,20.3429,0.74193,0.40625,0.59375,0.4375,0.5625
robustness-20260918-025634-2cf93d,rotate,1.0,"{""degrees"": 1}",0883,20.0013,0.622261,0.46875,0.53125,0.515625,0.484375
robustness-20260918-025634-2cf93d,rotate,1.0,"{""degrees"": 1}",0884,18.9417,0.522406,0.5,0.5,0.453125,0.546875
robustness-20260918-025634-2cf93d,rotate,1.0,"{""degrees"": 1}",0885,20.1909,0.432662,0.46875,0.53125,0.515625,0.484375
robustness-20260918-025634-2cf93d,rotate,1.0,"{""degrees"": 1}",0886,23.3263,0.832539,0.390625,0.609375,0.453125,0.546875
robustness-20260918-025634-2cf93d,rotate,1.0,"{""degrees"": 1}",0887,22.2237,0.673377,0.515625,0.484375,0.4375,0.5625
robustness-20260918-025634-2cf93d,rotate,1.0,"{""degrees"": 1}",0888,17.5968,0.570125,0.359375,0.640625,0.484375,0.515625
robustness-20260918-025634-2cf93d,rotate,1.0,"{""degrees"": 1}",0889,16.7039,0.470445,0.359375,0.640625,0.515625,0.484375
robustness-20260918-025634-2cf93d,rotate,1.0,"{""degrees"": 1}",0890,24.3496,0.746474,0.421875,0.578125,0.421875,0.578125
robustness-20260918-025634-2cf93d,rotate,1.0,"{""degrees"": 1}",0891,17.5662,0.53707,0.453125,0.546875,0.46875,0.53125
robustness-20260918-025634-2cf93d,rotate,1.0,"{""degrees"": 1}",0892,17.7201,0.420004,0.40625,0.59375,0.375,0.625
robustness-20260918-025634-2cf93d,rotate,1.0,"{""degrees"": 1}",0893,19.8163,0.674156,0.53125,0.46875,0.390625,0.609375
robustness-20260918-025634-2cf93d,rotate,1.0,"{""degrees"": 1}",0894,22.8612,0.66781,0.578125,0.421875,0.5,0.5
robustness-20260918-025634-2cf93d,rotate,1.0,"{""degrees"": 1}",0895,19.685,0.450904,0.484375,0.515625,0.40625,0.59375
robustness-20260918-025634-2cf93d,rotate,1.0,"{""degrees"": 1}",0896,21.8196,0.889295,0.671875,0.328125,0.4375,0.5625
robustness-20260918-025634-2cf93d,rotate,1.0,"{""degrees"": 1}",0897,13.956,0.278214,0.5,0.5,0.421875,0.578125
robustness-20260918-025634-2cf93d,rotate,1.0,"{""degrees"": 1}",0898,24.2741,0.899451,0.578125,0.421875,0.421875,0.578125
robustness-20260918-025634-2cf93d,rotate,1.0,"{""degrees"": 1}",0899,16.7106,0.560634,0.359375,0.640625,0.484375,0.515625
robustness-20260918-025634-2cf93d,rotate,1.0,"{""degrees"": 1}",0900,18.7397,0.590477,0.4375,0.5625,0.515625,0.484375
robustness-20260918-025634-2cf93d,rotate,5.0,"{""degrees"": 5}",0801,14.7151,0.124262,0.515625,0.484375,0.46875,0.53125
robustness-20260918-025634-2cf93d,rotate,5.0,"{""degrees"": 5}",0802,12.206,0.1559,0.71875,0.28125,0.546875,0.453125
robustness-20260918-025634-2cf93d,rotate,5.0,"{""degrees"": 5}",0803,14.8899,0.247897,0.34375,0.65625,0.484375,0.515625
robustness-20260918-025634-2cf93d,rotate,5.0,"{""degrees"": 5}",0804,12.2975,0.1188,0.484375,0.515625,0.515625,0.484375
robustness-20260918-025634-2cf93d,rotate,5.0,"{""degrees"": 5}",0805,15.1564,0.198135,0.484375,0.515625,0.546875,0.453125
robustness-20260918-025634-2cf93d,rotate,5.0,"{""degrees"": 5}",0806,15.5251,0.359009,0.5,0.5,0.59375,0.40625
robustness-20260918-025634-2cf93d,rotate,5.0,"{""degrees"": 5}",0807,15.3777,0.19881,0.421875,0.578125,0.515625,0.484375
robustness-20260918-025634-2cf93d,rotate,5.0,"{""degrees"": 5}",0808,15.6495,0.535749,0.5,0.5,0.5625,0.4375
robustness-20260918-025634-2cf93d,rotate,5.0,"{""degrees"": 5}",0809,17.3176,0.207729,0.53125,0.46875,0.5,0.5
robustness-20260918-025634-2cf93d,rotate,5.0,"{""degrees"": 5}",0810,18.7277,0.330635,0.46875,0.53125,0.421875,0.578125
robustness-20260918-025634-2cf93d,rotate,5.0,"{""degrees"": 5}",0811,17.6619,0.255708,0.515625,0.484375,0.53125,0.46875
robustness-20260918-025634-2cf93d,rotate,5.0,"{""degrees"": 5}",0812,13.9727,0.327631,0.5625,0.4375,0.46875,0.53125
robustness-20260918-025634-2cf93d,rotate,5.0,"{""degrees"": 5}",0813,13.6734,0.301207,0.515625,0.484375,0.484375,0.515625
robustness-20260918-025634-2cf93d,rotate,5.0,"{""degrees"": 5}",0814,18.9946,0.633056,0.546875,0.453125,0.671875,0.328125
robustness-20260918-025634-2cf93d,rotate,5.0,"{""degrees"": 5}",0815,15.0831,0.15432,0.546875,0.453125,0.484375,0.515625
robustness-20260918-025634-2cf93d,rotate,5.0,"{""degrees"": 5}",0816,16.6453,0.33056,0.4375,0.5625,0.515625,0.484375
robustness-20260918-025634-2cf93d,rotate,5.0,"{""degrees"": 5}",0817,14.9848,0.272956,0.546875,0.453125,0.5,0.5
robustness-20260918-025634-2cf93d,rotate,5.0,"{""degrees"": 5}",0818,14.0444,0.333183,0.453125,0.546875,0.5625,0.4375
robustness-20260918-025634-2cf93d,rotate,5.0,"{""degrees"": 5}",0819,14.4686,0.164063,0.53125,0.46875,0.453125,0.546875
robustness-20260918-025634-2cf93d,rotate,5.0,"{""degrees"": 5}",0820,12.8817,0.120185,0.4375,0.5625,0.40625,0.59375
robustness-20260918-025634-2cf93d,rotate,5.0,"{""degrees"": 5}",0821,9.2568,-0.024482,0.453125,0.546875,0.515625,0.484375
robustness-20260918-025634-2cf93d,rotate,5.0,"{""degrees"": 5}",0822,16.696,0.146918,0.484375,0.515625,0.5625,0.4375
robustness-20260918-025634-2cf93d,rotate,5.0,"{""degrees"": 5}",0823,15.2999,0.420351,0.4375,0.5625,0.5,0.5
robustness-20260918-025634-2cf93d,rotate,5.0,"{""degrees"": 5}",0824,13.2856,0.282293,0.453125,0.546875,0.46875,0.53125
robustness-20260918-025634-2cf93d,rotate,5.0,"{""degrees"": 5}",0825,12.4589,0.090753,0.53125,0.46875,0.4375,0.5625
robustness-20260918-025634-2cf93d,rotate,5.0,"{""degrees"": 5}",0826,13.7313,0.338771,0.578125,0.421875,0.421875,0.578125
robustness-20260918-025634-2cf93d,rotate,5.0,"{""degrees"": 5}",0827,21.0776,0.415098,0.59375,0.40625,0.5,0.5
robustness-20260918-025634-2cf93d,rotate,5.0,"{""degrees"": 5}",0828,16.0318,0.169018,0.578125,0.421875,0.375,0.625
robustness-20260918-025634-2cf93d,rotate,5.0,"{""degrees"": 5}",0829,16.3089,0.295687,0.375,0.625,0.4375,0.5625
robustness-20260918-025634-2cf93d,rotate,5.0,"{""degrees"": 5}",0830,17.4673,0.393182,0.4375,0.5625,0.4375,0.5625
robustness-20260918-025634-2cf93d,rotate,5.0,"{""degrees"": 5}",0831,14.0621,0.15912,0.484375,0.515625,0.546875,0.453125
robustness-20260918-025634-2cf93d,rotate,5.0,"{""degrees"": 5}",0832,13.1227,0.208172,0.609375,0.390625,0.46875,0.53125
robustness-20260918-025634-2cf93d,rotate,5.0,"{""degrees"": 5}",0833,14.3412,0.488403,0.421875,0.578125,0.53125,0.46875
robustness-20260918-025634-2cf93d,rotate,5.0,"{""degrees"": 5}",0834,14.375,0.362602,0.546875,0.453125,0.546875,0.453125
robustness-20260918-025634-2cf93d,rotate,5.0,"{""degrees"": 5}",0835,15.5981,0.131696,0.53125,0.46875,0.515625,0.484375
robustness-20260918-025634-2cf93d,rotate,5.0,"{""degrees"": 5}",0836,13.6248,0.25721,0.453125,0.546875,0.421875,0.578125
robustness-20260918-025634-2cf93d,rotate,5.0,"{""degrees"": 5}",0837,13.4737,0.094217,0.5,0.5,0.5,0.5
robustness-20260918-025634-2cf93d,rotate,5.0,"{""degrees"": 5}",0838,14.679,0.379818,0.546875,0.453125,0.484375,0.515625
robustness-20260918-025634-2cf93d,rotate,5.0,"{""degrees"": 5}",0839,17.7946,0.509101,0.46875,0.53125,0.421875,0.578125
robustness-20260918-025634-2cf93d,rotate,5.0,"{""degrees"": 5}",0840,14.5018,0.100154,0.421875,0.578125,0.4375,0.5625
robustness-20260918-025634-2cf93d,rotate,5.0,"{""degrees"": 5}",0841,16.9379,0.342148,0.484375,0.515625,0.453125,0.546875
robustness-20260918-025634-2cf93d,rotate,5.0,"{""degrees"": 5}",0842,14.835,0.340853,0.5,0.5,0.4375,0.5625
robustness-20260918-025634-2cf93d,rotate,5.0,"{""degrees"": 5}",0843,22.3552,0.884433,0.421875,0.578125,0.421875,0.578125
robustness-20260918-025634-2cf93d,rotate,5.0,"{""degrees"": 5}",0844,18.1377,0.637383,0.484375,0.515625,0.484375,0.515625
robustness-20260918-025634-2cf93d,rotate,5.0,"{""degrees"": 5}",0845,12.9118,0.305519,0.46875,0.53125,0.625,0.375
robustness-20260918-025634-2cf93d,rotate,5.0,"{""degrees"": 5}",0846,15.4511,0.282857,0.5,0.5,0.421875,0.578125
robustness-20260918-025634-2cf93d,rotate,5.0,"{""degrees"": 5}",0847,12.579,0.234261,0.46875,0.53125,0.34375,0.65625
robustness-20260918-025634-2cf93d,rotate,5.0,"{""degrees"": 5}",0848,11.456,0.179024,0.46875,0.53125,0.5625,0.4375
robustness-20260918-025634-2cf93d,rotate,5.0,"{""degrees"": 5}",0849,10.6153,0.044977,0.65625,0.34375,0.484375,0.515625
robustness-20260918-025634-2cf93d,rotate,5.0,"{""degrees"": 5}",0850,15.0831,0.238701,0.5,0.5,0.515625,0.484375
robustness-20260918-025634-2cf93d,rotate,5.0,"{""degrees"": 5}",0851,14.7695,0.482487,0.421875,0.578125,0.546875,0.453125
robustness-20260918-025634-2cf93d,rotate,5.0,"{""degrees"": 5}",0852,23.388,0.44959,0.484375,0.515625,0.46875,0.53125
robustness-20260918-025634-2cf93d,rotate,5.0,"{""degrees"": 5}",0853,17.6682,0.564393,0.484375,0.515625,0.421875,0.578125
robustness-20260918-025634-2cf93d,rotate,5.0,"{""degrees"": 5}",0854,14.5191,0.26944,0.453125,0.546875,0.46875,0.53125
robustness-20260918-025634-2cf93d,rotate,5.0,"{""degrees"": 5}",0855,17.7964,0.415864,0.546875,0.453125,0.375,0.625
robustness-20260918-025634-2cf93d,rotate,5.0,"{""degrees"": 5}",0856,19.294,0.221319,0.5,0.5,0.484375,0.515625
robustness-20260918-025634-2cf93d,rotate,5.0,"{""degrees"": 5}",0857,18.21,0.497781,0.515625,0.484375,0.546875,0.453125
robustness-20260918-025634-2cf93d,rotate,5.0,"{""degrees"": 5}",0858,18.6511,0.264687,0.484375,0.515625,0.5,0.5
robustness-20260918-025634-2cf93d,rotate,5.0,"{""degrees"": 5}",0859,15.4246,0.19176,0.375,0.625,0.515625,0.484375
robustness-20260918-025634-2cf93d,rotate,5.0,"{""degrees"": 5}",0860,13.5674,0.074902,0.34375,0.65625,0.515625,0.484375
robustness-20260918-025634-2cf93d,rotate,5.0,"{""degrees"": 5}",0861,14.5208,0.229199,0.53125,0.46875,0.4375,0.5625
robustness-20260918-025634-2cf93d,rotate,5.0,"{""degrees"": 5}",0862,22.0628,0.647189,0.53125,0.46875,0.4375,0.5625
robustness-20260918-025634-2cf93d,rotate,5.0,"{""degrees"": 5}",0863,16.1175,0.38561,0.609375,0.390625,0.484375,0.515625
robustness-20260918-025634-2cf93d,rotate,5.0,"{""degrees"": 5}",0864,16.4564,0.190626,0.484375,0.515625,0.53125,0.46875
robustness-20260918-025634-2cf93d,rotate,5.0,"{""degrees"": 5}",0865,16.527,0.237033,0.53125,0.46875,0.46875,0.53125
robustness-20260918-025634-2cf93d,rotate,5.0,"{""degrees"": 5}",0866,13.8405,0.13741,0.5,0.5,0.40625,0.59375
robustness-20260918-025634-2cf93d,rotate,5.0,"{""degrees"": 5}",0867,13.8718,0.09277,0.5625,0.4375,0.59375,0.40625
robustness-20260918-025634-2cf93d,rotate,5.0,"{""degrees"": 5}",0868,18.2939,0.784104,0.4375,0.5625,0.453125,0.546875
robustness-20260918-025634-2cf93d,rotate,5.0,"{""degrees"": 5}",0869,15.8117,0.329757,0.5625,0.4375,0.421875,0.578125
robustness-20260918-025634-2cf93d,rotate,5.0,"{""degrees"": 5}",0870,15.5907,0.094067,0.453125,0.546875,0.484375,0.515625
robustness-20260918-025634-2cf93d,rotate,5.0,"{""degrees"": 5}",0871,14.3042,0.168793,0.5625,0.4375,0.609375,0.390625
robustness-20260918-025634-2cf93d,rotate,5.0,"{""degrees"": 5}",0872,12.6727,0.130224,0.5,0.5,0.53125,0.46875
robustness-20260918-025634-2cf93d,rotate,5.0,"{""degrees"": 5}",0873,16.3748,0.245641,0.5,0.5,0.375,0.625
robustness-20260918-025634-2cf93d,rotate,5.0,"{""degrees"": 5}",0874,17.0776,0.285776,0.5625,0.4375,0.5,0.5
robustness-20260918-025634-2cf93d,rotate,5.0,"{""degrees"": 5}",0875,12.7276,0.068,0.5,0.5,0.5,0.5
robustness-20260918-025634-2cf93d,rotate,5.0,"{""degrees"": 5}",0876,16.8634,0.156975,0.5,0.5,0.4375,0.5625
robustness-20260918-025634-2cf93d,rotate,5.0,"{""degrees"": 5}",0877,18.3339,0.407179,0.453125,0.546875,0.484375,0.515625
robustness-20260918-025634-2cf93d,rotate,5.0,"{""degrees"": 5}",0878,14.4028,0.138344,0.46875,0.53125,0.4375,0.5625
robustness-20260918-025634-2cf93d,rotate,5.0,"{""degrees"": 5}",0879,15.0827,0.513306,0.4375,0.5625,0.515625,0.484375
robustness-20260918-025634-2cf93d,rotate,5.0,"{""degrees"": 5}",0880,18.7996,0.560954,0.671875,0.328125,0.484375,0.515625
robustness-20260918-025634-2cf93d,rotate,5.0,"{""degrees"": 5}",0881,17.6634,0.441581,0.453125,0.546875,0.546875,0.453125
robustness-20260918-025634-2cf93d,rotate,5.0,"{""degrees"": 5}",0882,12.932,0.19794,0.40625,0.59375,0.484375,0.515625
robustness-20260918-025634-2cf93d,rotate,5.0,"{""degrees"": 5}",0883,13.862,0.181364,0.515625,0.484375,0.5,0.5
robustness-20260918-025634-2cf93d,rotate,5.0,"{""degrees"": 5}",0884,14.2398,0.105359,0.546875,0.453125,0.46875,0.53125
robustness-20260918-025634-2cf93d,rotate,5.0,"{""degrees"": 5}",0885,17.5717,0.248117,0.453125,0.546875,0.578125,0.421875
robustness-20260918-025634-2cf93d,rotate,5.0,"{""degrees"": 5}",0886,15.3832,0.405794,0.5625,0.4375,0.453125,0.546875
robustness-20260918-025634-2cf93d,rotate,5.0,"{""degrees"": 5}",0887,16.524,0.395109,0.46875,0.53125,0.484375,0.515625
robustness-20260918-025634-2cf93d,rotate,5.0,"{""degrees"": 5}",0888,11.6047,0.131279,0.40625,0.59375,0.5,0.5
robustness-20260918-025634-2cf93d,rotate,5.0,"{""degrees"": 5}",0889,11.5719,0.062109,0.46875,0.53125,0.578125,0.421875
robustness-20260918-025634-2cf93d,rotate,5.0,"{""degrees"": 5}",0890,19.5845,0.508722,0.4375,0.5625,0.453125,0.546875
robustness-20260918-025634-2cf93d,rotate,5.0,"{""degrees"": 5}",0891,12.3528,0.094679,0.421875,0.578125,0.46875,0.53125
robustness-20260918-025634-2cf93d,rotate,5.0,"{""degrees"": 5}",0892,14.8877,0.062829,0.5,0.5,0.390625,0.609375
robustness-20260918-025634-2cf93d,rotate,5.0,"{""degrees"": 5}",0893,14.2082,0.276552,0.515625,0.484375,0.40625,0.59375
robustness-20260918-025634-2cf93d,rotate,5.0,"{""degrees"": 5}",0894,16.9212,0.407375,0.515625,0.484375,0.53125,0.46875
robustness-20260918-025634-2cf93d,rotate,5.0,"{""degrees"": 5}",0895,15.245,0.165346,0.390625,0.609375,0.4375,0.5625
robustness-20260918-025634-2cf93d,rotate,5.0,"{""degrees"": 5}",0896,14.0541,0.68453,0.53125,0.46875,0.453125,0.546875
robustness-20260918-025634-2cf93d,rotate,5.0,"{""degrees"": 5}",0897,11.4151,0.03249,0.484375,0.515625,0.46875,0.53125
robustness-20260918-025634-2cf93d,rotate,5.0,"{""degrees"": 5}",0898,17.7335,0.715294,0.5,0.5,0.515625,0.484375
robustness-20260918-025634-2cf93d,rotate,5.0,"{""degrees"": 5}",0899,12.7809,0.206103,0.515625,0.484375,0.578125,0.421875
robustness-20260918-025634-2cf93d,rotate,5.0,"{""degrees"": 5}",0900,13.667,0.214338,0.484375,0.515625,0.484375,0.515625
robustness-20260918-025634-2cf93d,rotate,45.0,"{""degrees"": 45}",0801,10.4438,0.061023,0.546875,0.453125,0.46875,0.53125
robustness-20260918-025634-2cf93d,rotate,45.0,"{""degrees"": 45}",0802,10.4646,0.082959,0.5,0.5,0.453125,0.546875
robustness-20260918-025634-2cf93d,rotate,45.0,"{""degrees"": 45}",0803,11.3781,0.149842,0.484375,0.515625,0.515625,0.484375
robustness-20260918-025634-2cf93d,rotate,45.0,"{""degrees"": 45}",0804,9.8265,0.064206,0.46875,0.53125,0.4375,0.5625
robustness-20260918-025634-2cf93d,rotate,45.0,"{""degrees"": 45}",0805,9.6854,0.094516,0.515625,0.484375,0.578125,0.421875
robustness-20260918-025634-2cf93d,rotate,45.0,"{""degrees"": 45}",0806,9.6389,0.147993,0.578125,0.421875,0.40625,0.59375
robustness-20260918-025634-2cf93d,rotate,45.0,"{""degrees"": 45}",0807,11.4952,0.09399,0.5,0.5,0.484375,0.515625
robustness-20260918-025634-2cf93d,rotate,45.0,"{""degrees"": 45}",0808,10.2147,0.27448,0.46875,0.53125,0.5,0.5
robustness-20260918-025634-2cf93d,rotate,45.0,"{""degrees"": 45}",0809,12.193,0.122805,0.59375,0.40625,0.5625,0.4375
robustness-20260918-025634-2cf93d,rotate,45.0,"{""degrees"": 45}",0810,14.6069,0.178749,0.484375,0.515625,0.5,0.5
robustness-20260918-025634-2cf93d,rotate,45.0,"{""degrees"": 45}",0811,10.7124,0.159793,0.359375,0.640625,0.484375,0.515625
robustness-20260918-025634-2cf93d,rotate,45.0,"{""degrees"": 45}",0812,9.8711,0.1655,0.453125,0.546875,0.4375,0.5625
robustness-20260918-025634-2cf93d,rotate,45.0,"{""degrees"": 45}",0813,8.365,0.100036,0.578125,0.421875,0.546875,0.453125
robustness-20260918-025634-2cf93d,rotate,45.0,"{""degrees"": 45}",0814,16.3961,0.550934,0.46875,0.53125,0.328125,0.671875
robustness-20260918-025634-2cf93d,rotate,45.0,"{""degrees"": 45}",0815,12.0052,0.077933,0.5625,0.4375,0.453125,0.546875
robustness-20260918-025634-2cf93d,rotate,45.0,"{""degrees"": 45}",0816,12.2709,0.205243,0.4375,0.5625,0.484375,0.515625
robustness-20260918-025634-2cf93d,rotate,45.0,"{""degrees"": 45}",0817,10.0248,0.147521,0.515625,0.484375,0.515625,0.484375
robustness-20260918-025634-2cf93d,rotate,45.0,"{""degrees"": 45}",0818,7.801,0.159741,0.53125,0.46875,0.40625,0.59375
robustness-20260918-025634-2cf93d,rotate,45.0,"{""degrees"": 45}",0819,10.439,0.069191,0.5625,0.4375,0.53125,0.46875
robustness-20260918-025634-2cf93d,rotate,45.0,"{""degrees"": 45}",0820,9.7358,0.056343,0.546875,0.453125,0.59375,0.40625
robustness-20260918-025634-2cf93d,rotate,45.0,"{""degrees"": 45}",0821,8.8258,0.01152,0.5,0.5,0.546875,0.453125
robustness-20260918-025634-2cf93d,rotate,45.0,"{""degrees"": 45}",0822,13.968,0.083472,0.53125,0.46875,0.46875,0.53125
robustness-20260918-025634-2cf93d,rotate,45.0,"{""degrees"": 45}",0823,10.5654,0.257095,0.515625,0.484375,0.5,0.5
robustness-20260918-025634-2cf93d,rotate,45.0,"{""degrees"": 45}",0824,8.6762,0.111035,0.421875,0.578125,0.5,0.5
robustness-20260918-025634-2cf93d,rotate,45.0,"{""degrees"": 45}",0825,9.9285,0.049565,0.421875,0.578125,0.546875,0.453125
robustness-20260918-025634-2cf93d,rotate,45.0,"{""degrees"": 45}",0826,9.5349,0.196572,0.453125,0.546875,0.421875,0.578125
robustness-20260918-025634-2cf93d,rotate,45.0,"{""degrees"": 45}",0827,18.2461,0.339119,0.46875,0.53125,0.546875,0.453125
robustness-20260918-025634-2cf93d,rotate,45.0,"{""degrees"": 45}",0828,14.4497,0.119192,0.515625,0.484375,0.390625,0.609375
robustness-20260918-025634-2cf93d,rotate,45.0,"{""degrees"": 45}",0829,12.852,0.209133,0.390625,0.609375,0.5,0.5
robustness-20260918-025634-2cf93d,rotate,45.0,"{""degrees"": 45}",0830,12.4029,0.272864,0.5625,0.4375,0.46875,0.53125
robustness-20260918-025634-2cf93d,rotate,45.0,"{""degrees"": 45}",0831,11.4771,0.074025,0.5625,0.4375,0.390625,0.609375
robustness-20260918-025634-2cf93d,rotate,45.0,"{""degrees"": 45}",0832,9.0468,0.071342,0.515625,0.484375,0.546875,0.453125
robustness-20260918-025634-2cf93d,rotate,45.0,"{""degrees"": 45}",0833,9.7841,0.257303,0.53125,0.46875,0.453125,0.546875
robustness-20260918-025634-2cf93d,rotate,45.0,"{""degrees"": 45}",0834,8.8648,0.234672,0.53125,0.46875,0.453125,0.546875
robustness-20260918-025634-2cf93d,rotate,45.0,"{""degrees"": 45}",0835,11.8753,0.06829,0.421875,0.578125,0.46875,0.53125
robustness-20260918-025634-2cf93d,rotate,45.0,"{""degrees"": 45}",0836,9.9528,0.145222,0.5,0.5,0.546875,0.453125
robustness-20260918-025634-2cf93d,rotate,45.0,"{""degrees"": 45}",0837,11.0644,0.04342,0.3125,0.6875,0.46875,0.53125
robustness-20260918-025634-2cf93d,rotate,45.0,"{""degrees"": 45}",0838,9.5026,0.211291,0.40625,0.59375,0.5,0.5
robustness-20260918-025634-2cf93d,rotate,45.0,"{""degrees"": 45}",0839,10.6119,0.317152,0.5625,0.4375,0.5625,0.4375
robustness-20260918-025634-2cf93d,rotate,45.0,"{""degrees"": 45}",0840,12.7192,0.0538,0.5,0.5,0.546875,0.453125
robustness-20260918-025634-2cf93d,rotate,45.0,"{""degrees"": 45}",0841,12.6631,0.21683,0.484375,0.515625,0.59375,0.40625
robustness-20260918-025634-2cf93d,rotate,45.0,"{""degrees"": 45}",0842,9.2966,0.177735,0.5625,0.4375,0.484375,0.515625
robustness-20260918-025634-2cf93d,rotate,45.0,"{""degrees"": 45}",0843,16.7143,0.766142,0.390625,0.609375,0.484375,0.515625
robustness-20260918-025634-2cf93d,rotate,45.0,"{""degrees"": 45}",0844,10.054,0.519302,0.46875,0.53125,0.5,0.5
robustness-20260918-025634-2cf93d,rotate,45.0,"{""degrees"": 45}",0845,7.6137,0.199466,0.546875,0.453125,0.6875,0.3125
robustness-20260918-025634-2cf93d,rotate,45.0,"{""degrees"": 45}",0846,9.3292,0.142593,0.515625,0.484375,0.46875,0.53125
robustness-20260918-025634-2cf93d,rotate,45.0,"{""degrees"": 45}",0847,8.5403,0.057572,0.546875,0.453125,0.609375,0.390625
robustness-20260918-025634-2cf93d,rotate,45.0,"{""degrees"": 45}",0848,8.4526,0.072646,0.5,0.5,0.546875,0.453125
robustness-20260918-025634-2cf93d,rotate,45.0,"{""degrees"": 45}",0849,8.7189,0.034236,0.5,0.5,0.375,0.625
robustness-20260918-025634-2cf93d,rotate,45.0,"{""degrees"": 45}",0850,10.6493,0.13302,0.484375,0.515625,0.578125,0.421875
robustness-20260918-025634-2cf93d,rotate,45.0,"{""degrees"": 45}",0851,10.3638,0.232422,0.578125,0.421875,0.5,0.5
robustness-20260918-025634-2cf93d,rotate,45.0,"{""degrees"": 45}",0852,20.491,0.277935,0.46875,0.53125,0.4375,0.5625
robustness-20260918-025634-2cf93d,rotate,45.0,"{""degrees"": 45}",0853,12.1989,0.360672,0.46875,0.53125,0.625,0.375
robustness-20260918-025634-2cf93d,rotate,45.0,"{""degrees"": 45}",0854,10.4431,0.163225,0.53125,0.46875,0.515625,0.484375
robustness-20260918-025634-2cf93d,rotate,45.0,"{""degrees"": 45}",0855,10.0201,0.212121,0.4375,0.5625,0.453125,0.546875
robustness-20260918-025634-2cf93d,rotate,45.0,"{""degrees"": 45}",0856,16.577,0.178433,0.4375,0.5625,0.53125,0.46875
robustness-20260918-025634-2cf93d,rotate,45.0,"{""degrees"": 45}",0857,13.3375,0.308249,0.515625,0.484375,0.5625,0.4375
robustness-20260918-025634-2cf93d,rotate,45.0,"{""degrees"": 45}",0858,14.9056,0.152572,0.546875,0.453125,0.453125,0.546875
robustness-20260918-025634-2cf93d,rotate,45.0,"{""degrees"": 45}",0859,10.2894,0.079018,0.515625,0.484375,0.53125,0.46875
robustness-20260918-025634-2cf93d,rotate,45.0,"{""degrees"": 45}",0860,10.8026,0.039949,0.5625,0.4375,0.46875,0.53125
robustness-20260918-025634-2cf93d,rotate,45.0,"{""degrees"": 45}",0861,7.5446,0.108484,0.421875,0.578125,0.5,0.5
robustness-20260918-025634-2cf93d,rotate,45.0,"{""degrees"": 45}",0862,14.8422,0.478508,0.5,0.5,0.578125,0.421875
robustness-20260918-025634-2cf93d,rotate,45.0,"{""degrees"": 45}",0863,9.3562,0.23374,0.515625,0.484375,0.578125,0.421875
robustness-20260918-025634-2cf93d,rotate,45.0,"{""degrees"": 45}",0864,13.4835,0.092164,0.484375,0.515625,0.40625,0.59375
robustness-20260918-025634-2cf93d,rotate,45.0,"{""degrees"": 45}",0865,12.7022,0.120653,0.515625,0.484375,0.625,0.375
robustness-20260918-025634-2cf93d,rotate,45.0,"{""degrees"": 45}",0866,12.035,0.09631,0.484375,0.515625,0.578125,0.421875
robustness-20260918-025634-2cf93d,rotate,45.0,"{""degrees"": 45}",0867,12.1216,0.056844,0.625,0.375,0.5625,0.4375
robustness-20260918-025634-2cf93d,rotate,45.0,"{""degrees"": 45}",0868,10.9242,0.62798,0.5,0.5,0.359375,0.640625
robustness-20260918-025634-2cf93d,rotate,45.0,"{""degrees"": 45}",0869,10.2509,0.193563,0.46875,0.53125,0.546875,0.453125
robustness-20260918-025634-2cf93d,rotate,45.0,"{""degrees"": 45}",0870,13.3695,0.053875,0.4375,0.5625,0.5,0.5
robustness-20260918-025634-2cf93d,rotate,45.0,"{""degrees"": 45}",0871,11.4795,0.075439,0.4375,0.5625,0.59375,0.40625
robustness-20260918-025634-2cf93d,rotate,45.0,"{""degrees"": 45}",0872,10.2537,0.059963,0.46875,0.53125,0.46875,0.53125
robustness-20260918-025634-2cf93d,rotate,45.0,"{""degrees"": 45}",0873,11.6458,0.141682,0.5,0.5,0.625,0.375
robustness-20260918-025634-2cf93d,rotate,45.0,"{""degrees"": 45}",0874,11.7336,0.17346,0.421875,0.578125,0.53125,0.46875
robustness-20260918-025634-2cf93d,rotate,45.0,"{""degrees"": 45}",0875,11.8476,0.03474,0.625,0.375,0.5625,0.4375
robustness-20260918-025634-2cf93d,rotate,45.0,"{""degrees"": 45}",0876,14.5714,0.082931,0.515625,0.484375,0.453125,0.546875
robustness-20260918-025634-2cf93d,rotate,45.0,"{""degrees"": 45}",0877,15.8556,0.324774,0.421875,0.578125,0.46875,0.53125
robustness-20260918-025634-2cf93d,rotate,45.0,"{""degrees"": 45}",0878,10.758,0.059883,0.546875,0.453125,0.515625,0.484375
robustness-20260918-025634-2cf93d,rotate,45.0,"{""degrees"": 45}",0879,11.9998,0.37658,0.46875,0.53125,0.59375,0.40625
robustness-20260918-025634-2cf93d,rotate,45.0,"{""degrees"": 45}",0880,14.5773,0.387007,0.5625,0.4375,0.5,0.5
robustness-20260918-025634-2cf93d,rotate,45.0,"{""degrees"": 45}",0881,12.6563,0.288725,0.40625,0.59375,0.546875,0.453125
robustness-20260918-025634-2cf93d,rotate,45.0,"{""degrees"": 45}",0882,9.3734,0.079603,0.53125,0.46875,0.546875,0.453125
robustness-20260918-025634-2cf93d,rotate,45.0,"{""degrees"": 45}",0883,9.7302,0.064658,0.59375,0.40625,0.515625,0.484375
robustness-20260918-025634-2cf93d,rotate,45.0,"{""degrees"": 45}",0884,12.2322,0.064825,0.609375,0.390625,0.53125,0.46875
robustness-20260918-025634-2cf93d,rotate,45.0,"{""degrees"": 45}",0885,14.9788,0.153483,0.4375,0.5625,0.484375,0.515625
robustness-20260918-025634-2cf93d,rotate,45.0,"{""degrees"": 45}",0886,10.9084,0.251161,0.453125,0.546875,0.421875,0.578125
robustness-20260918-025634-2cf93d,rotate,45.0,"{""degrees"": 45}",0887,10.4265,0.244512,0.515625,0.484375,0.5,0.5
robustness-20260918-025634-2cf93d,rotate,45.0,"{""degrees"": 45}",0888,8.8351,0.044349,0.46875,0.53125,0.5625,0.4375
robustness-20260918-025634-2cf93d,rotate,45.0,"{""degrees"": 45}",0889,8.8833,0.027908,0.546875,0.453125,0.46875,0.53125
robustness-20260918-025634-2cf93d,rotate,45.0,"{""degrees"": 45}",0890,14.9512,0.381323,0.484375,0.515625,0.546875,0.453125
robustness-20260918-025634-2cf93d,rotate,45.0,"{""degrees"": 45}",0891,9.7548,0.038791,0.453125,0.546875,0.453125,0.546875
robustness-20260918-025634-2cf93d,rotate,45.0,"{""degrees"": 45}",0892,10.3029,0.045886,0.453125,0.546875,0.390625,0.609375
robustness-20260918-025634-2cf93d,rotate,45.0,"{""degrees"": 45}",0893,10.4874,0.188953,0.40625,0.59375,0.5625,0.4375
robustness-20260918-025634-2cf93d,rotate,45.0,"{""degrees"": 45}",0894,11.4502,0.259434,0.453125,0.546875,0.5,0.5
robustness-20260918-025634-2cf93d,rotate,45.0,"{""degrees"": 45}",0895,11.6224,0.076107,0.515625,0.484375,0.40625,0.59375
robustness-20260918-025634-2cf93d,rotate,45.0,"{""degrees"": 45}",0896,8.5057,0.507815,0.421875,0.578125,0.546875,0.453125
robustness-20260918-025634-2cf93d,rotate,45.0,"{""degrees"": 45}",0897,10.8313,0.019821,0.578125,0.421875,0.46875,0.53125
robustness-20260918-025634-2cf93d,rotate,45.0,"{""degrees"": 45}",0898,13.6689,0.522725,0.515625,0.484375,0.5625,0.4375
robustness-20260918-025634-2cf93d,rotate,45.0,"{""degrees"": 45}",0899,10.4445,0.104463,0.359375,0.640625,0.5625,0.4375
robustness-20260918-025634-2cf93d,rotate,45.0,"{""degrees"": 45}",0900,9.5762,0.101377,0.484375,0.515625,0.4375,0.5625
robustness-20260918-025634-2cf93d,center_crop,0.95,"{""keep"": 0.95}",0801,15.9846,0.913411,0.5625,0.4375,0.5,0.5
robustness-20260918-025634-2cf93d,center_crop,0.95,"{""keep"": 0.95}",0802,20.0932,0.940096,0.265625,0.734375,0.53125,0.46875
robustness-20260918-025634-2cf93d,center_crop,0.95,"{""keep"": 0.95}",0803,16.1459,0.907316,0.328125,0.671875,0.46875,0.53125
robustness-20260918-025634-2cf93d,center_crop,0.95,"{""keep"": 0.95}",0804,12.9194,0.907068,0.5,0.5,0.609375,0.390625
robustness-20260918-025634-2cf93d,center_crop,0.95,"{""keep"": 0.95}",0805,15.6592,0.913148,0.515625,0.484375,0.5625,0.4375
robustness-20260918-025634-2cf93d,center_crop,0.95,"{""keep"": 0.95}",0806,14.7089,0.914258,0.5,0.5,0.59375,0.40625
robustness-20260918-025634-2cf93d,center_crop,0.95,"{""keep"": 0.95}",0807,18.371,0.922547,0.421875,0.578125,0.546875,0.453125
robustness-20260918-025634-2cf93d,center_crop,0.95,"{""keep"": 0.95}",0808,18.4402,0.925447,0.421875,0.578125,0.40625,0.59375
robustness-20260918-025634-2cf93d,center_crop,0.95,"{""keep"": 0.95}",0809,16.6471,0.910917,0.4375,0.5625,0.484375,0.515625
robustness-20260918-025634-2cf93d,center_crop,0.95,"{""keep"": 0.95}",0810,16.002,0.905629,0.375,0.625,0.375,0.625
robustness-20260918-025634-2cf93d,center_crop,0.95,"{""keep"": 0.95}",0811,21.1708,0.929166,0.421875,0.578125,0.484375,0.515625
robustness-20260918-025634-2cf93d,center_crop,0.95,"{""keep"": 0.95}",0812,17.1085,0.913862,0.46875,0.53125,0.53125,0.46875
robustness-20260918-025634-2cf93d,center_crop,0.95,"{""keep"": 0.95}",0813,14.4849,0.914649,0.5625,0.4375,0.46875,0.53125
robustness-20260918-025634-2cf93d,center_crop,0.95,"{""keep"": 0.95}",0814,19.9451,0.90357,0.3125,0.6875,0.65625,0.34375
robustness-20260918-025634-2cf93d,center_crop,0.95,"{""keep"": 0.95}",0815,19.7048,0.923051,0.484375,0.515625,0.5,0.5
robustness-20260918-025634-2cf93d,center_crop,0.95,"{""keep"": 0.95}",0816,14.4849,0.903236,0.484375,0.515625,0.515625,0.484375
robustness-20260918-025634-2cf93d,center_crop,0.95,"{""keep"": 0.95}",0817,14.8012,0.908297,0.40625,0.59375,0.40625,0.59375
robustness-20260918-025634-2cf93d,center_crop,0.95,"{""keep"": 0.95}",0818,13.4599,0.910162,0.484375,0.515625,0.59375,0.40625
robustness-20260918-025634-2cf93d,center_crop,0.95,"{""keep"": 0.95}",0819,15.6291,0.91215,0.34375,0.65625,0.4375,0.5625
robustness-20260918-025634-2cf93d,center_crop,0.95,"{""keep"": 0.95}",0820,14.3305,0.917028,0.484375,0.515625,0.40625,0.59375
robustness-20260918-025634-2cf93d,center_crop,0.95,"{""keep"": 0.95}",0821,17.3019,0.932343,0.53125,0.46875,0.453125,0.546875
robustness-20260918-025634-2cf93d,center_crop,0.95,"{""keep"": 0.95}",0822,23.2736,0.931033,0.4375,0.5625,0.59375,0.40625
robustness-20260918-025634-2cf93d,center_crop,0.95,"{""keep"": 0.95}",0823,14.251,0.916145,0.390625,0.609375,0.515625,0.484375
robustness-20260918-025634-2cf93d,center_crop,0.95,"{""keep"": 0.95}",0824,16.4383,0.914828,0.484375,0.515625,0.46875,0.53125
robustness-20260918-025634-2cf93d,center_crop,0.95,"{""keep"": 0.95}",0825,15.9709,0.913712,0.4375,0.5625,0.421875,0.578125
robustness-20260918-025634-2cf93d,center_crop,0.95,"{""keep"": 0.95}",0826,13.7739,0.908255,0.484375,0.515625,0.515625,0.484375
robustness-20260918-025634-2cf93d,center_crop,0.95,"{""keep"": 0.95}",0827,27.5552,0.93517,0.515625,0.484375,0.453125,0.546875
robustness-20260918-025634-2cf93d,center_crop,0.95,"{""keep"": 0.95}",0828,22.6251,0.936231,0.515625,0.484375,0.375,0.625
robustness-20260918-025634-2cf93d,center_crop,0.95,"{""keep"": 0.95}",0829,19.3923,0.910349,0.34375,0.65625,0.421875,0.578125
robustness-20260918-025634-2cf93d,center_crop,0.95,"{""keep"": 0.95}",0830,14.3428,0.904593,0.453125,0.546875,0.5,0.5
robustness-20260918-025634-2cf93d,center_crop,0.95,"{""keep"": 0.95}",0831,18.0559,0.926408,0.421875,0.578125,0.609375,0.390625
robustness-20260918-025634-2cf93d,center_crop,0.95,"{""keep"": 0.95}",0832,15.4405,0.914037,0.53125,0.46875,0.421875,0.578125
robustness-20260918-025634-2cf93d,center_crop,0.95,"{""keep"": 0.95}",0833,12.1832,0.902318,0.4375,0.5625,0.53125,0.46875
robustness-20260918-025634-2cf93d,center_crop,0.95,"{""keep"": 0.95}",0834,12.1173,0.904337,0.453125,0.546875,0.578125,0.421875
robustness-20260918-025634-2cf93d,center_crop,0.95,"{""keep"": 0.95}",0835,19.4846,0.923519,0.421875,0.578125,0.5,0.5
robustness-20260918-025634-2cf93d,center_crop,0.95,"{""keep"": 0.95}",0836,12.649,0.90933,0.515625,0.484375,0.46875,0.53125
robustness-20260918-025634-2cf93d,center_crop,0.95,"{""keep"": 0.95}",0837,17.3399,0.927411,0.34375,0.65625,0.46875,0.53125
robustness-20260918-025634-2cf93d,center_crop,0.95,"{""keep"": 0.95}",0838,16.8358,0.909965,0.5,0.5,0.453125,0.546875
robustness-20260918-025634-2cf93d,center_crop,0.95,"{""keep"": 0.95}",0839,20.3927,0.959697,0.453125,0.546875,0.4375,0.5625
robustness-20260918-025634-2cf93d,center_crop,0.95,"{""keep"": 0.95}",0840,20.3822,0.926766,0.421875,0.578125,0.46875,0.53125
robustness-20260918-025634-2cf93d,center_crop,0.95,"{""keep"": 0.95}",0841,23.0125,0.922927,0.515625,0.484375,0.390625,0.609375
robustness-20260918-025634-2cf93d,center_crop,0.95,"{""keep"": 0.95}",0842,12.7793,0.903224,0.46875,0.53125,0.46875,0.53125
robustness-20260918-025634-2cf93d,center_crop,0.95,"{""keep"": 0.95}",0843,34.0899,0.93548,0.34375,0.65625,0.1875,0.8125
robustness-20260918-025634-2cf93d,center_crop,0.95,"{""keep"": 0.95}",0844,12.0898,0.90209,0.578125,0.421875,0.46875,0.53125
robustness-20260918-025634-2cf93d,center_crop,0.95,"{""keep"": 0.95}",0845,17.591,0.937917,0.546875,0.453125,0.28125,0.71875
robustness-20260918-025634-2cf93d,center_crop,0.95,"{""keep"": 0.95}",0846,13.6957,0.921207,0.46875,0.53125,0.484375,0.515625
robustness-20260918-025634-2cf93d,center_crop,0.95,"{""keep"": 0.95}",0847,13.5596,0.905602,0.421875,0.578125,0.40625,0.59375
robustness-20260918-025634-2cf93d,center_crop,0.95,"{""keep"": 0.95}",0848,17.7503,0.920541,0.40625,0.59375,0.484375,0.515625
robustness-20260918-025634-2cf93d,center_crop,0.95,"{""keep"": 0.95}",0849,16.5402,0.926626,0.5,0.5,0.5,0.5
robustness-20260918-025634-2cf93d,center_crop,0.95,"{""keep"": 0.95}",0850,15.2431,0.909278,0.40625,0.59375,0.421875,0.578125
robustness-20260918-025634-2cf93d,center_crop,0.95,"{""keep"": 0.95}",0851,18.4915,0.933847,0.5,0.5,0.4375,0.5625
robustness-20260918-025634-2cf93d,center_crop,0.95,"{""keep"": 0.95}",0852,35.8365,0.97126,0.46875,0.53125,0.46875,0.53125
robustness-20260918-025634-2cf93d,center_crop,0.95,"{""keep"": 0.95}",0853,17.6278,0.919373,0.421875,0.578125,0.421875,0.578125
robustness-20260918-025634-2cf93d,center_crop,0.95,"{""keep"": 0.95}",0854,14.9787,0.909614,0.40625,0.59375,0.5,0.5
robustness-20260918-025634-2cf93d,center_crop,0.95,"{""keep"": 0.95}",0855,15.4371,0.905833,0.515625,0.484375,0.421875,0.578125
robustness-20260918-025634-2cf93d,center_crop,0.95,"{""keep"": 0.95}",0856,23.2252,0.923551,0.53125,0.46875,0.5,0.5
robustness-20260918-025634-2cf93d,center_crop,0.95,"{""keep"": 0.95}",0857,16.2109,0.903767,0.453125,0.546875,0.453125,0.546875
robustness-20260918-025634-2cf93d,center_crop,0.95,"{""keep"": 0.95}",0858,27.68,0.941872,0.46875,0.53125,0.53125,0.46875
robustness-20260918-025634-2cf93d,center_crop,0.95,"{""keep"": 0.95}",0859,14.4686,0.910276,0.484375,0.515625,0.546875,0.453125
robustness-20260918-025634-2cf93d,center_crop,0.95,"{""keep"": 0.95}",0860,18.2752,0.927038,0.515625,0.484375,0.546875,0.453125
robustness-20260918-025634-2cf93d,center_crop,0.95,"{""keep"": 0.95}",0861,19.3961,0.936556,0.5625,0.4375,0.484375,0.515625
robustness-20260918-025634-2cf93d,center_crop,0.95,"{""keep"": 0.95}",0862,14.0555,0.902336,0.40625,0.59375,0.34375,0.65625
robustness-20260918-025634-2cf93d,center_crop,0.95,"{""keep"": 0.95}",0863,13.464,0.912904,0.390625,0.609375,0.46875,0.53125
robustness-20260918-025634-2cf93d,center_crop,0.95,"{""keep"": 0.95}",0864,19.3703,0.91605,0.4375,0.5625,0.578125,0.421875
robustness-20260918-025634-2cf93d,center_crop,0.95,"{""keep"": 0.95}",0865,16.3125,0.909458,0.515625,0.484375,0.375,0.625
robustness-20260918-025634-2cf93d,center_crop,0.95,"{""keep"": 0.95}",0866,15.4104,0.914244,0.421875,0.578125,0.40625,0.59375
robustness-20260918-025634-2cf93d,center_crop,0.95,"{""keep"": 0.95}",0867,17.9116,0.91875,0.421875,0.578125,0.40625,0.59375
robustness-20260918-025634-2cf93d,center_crop,0.95,"{""keep"": 0.95}",0868,11.6417,0.901088,0.4375,0.5625,0.53125,0.46875
robustness-20260918-025634-2cf93d,center_crop,0.95,"{""keep"": 0.95}",0869,14.2924,0.901376,0.34375,0.65625,0.328125,0.671875
robustness-20260918-025634-2cf93d,center_crop,0.95,"{""keep"": 0.95}",0870,17.4689,0.917155,0.46875,0.53125,0.46875,0.53125
robustness-20260918-025634-2cf93d,center_crop,0.95,"{""keep"": 0.95}",0871,16.6729,0.91342,0.40625,0.59375,0.546875,0.453125
robustness-20260918-025634-2cf93d,center_crop,0.95,"{""keep"": 0.95}",0872,16.0759,0.914552,0.40625,0.59375,0.484375,0.515625
robustness-20260918-025634-2cf93d,center_crop,0.95,"{""keep"": 0.95}",0873,15.471,0.913681,0.5625,0.4375,0.359375,0.640625
robustness-20260918-025634-2cf93d,center_crop,0.95,"{""keep"": 0.95}",0874,14.322,0.902093,0.4375,0.5625,0.46875,0.53125
robustness-20260918-025634-2cf93d,center_crop,0.95,"{""keep"": 0.95}",0875,19.2338,0.929765,0.546875,0.453125,0.46875,0.53125
robustness-20260918-025634-2cf93d,center_crop,0.95,"{""keep"": 0.95}",0876,22.5864,0.930322,0.546875,0.453125,0.40625,0.59375
robustness-20260918-025634-2cf93d,center_crop,0.95,"{""keep"": 0.95}",0877,23.8977,0.922692,0.515625,0.484375,0.46875,0.53125
robustness-20260918-025634-2cf93d,center_crop,0.95,"{""keep"": 0.95}",0878,16.2127,0.908049,0.359375,0.640625,0.46875,0.53125
robustness-20260918-025634-2cf93d,center_crop,0.95,"{""keep"": 0.95}",0879,17.9474,0.911591,0.484375,0.515625,0.359375,0.640625
robustness-20260918-025634-2cf93d,center_crop,0.95,"{""keep"": 0.95}",0880,16.506,0.90465,0.59375,0.40625,0.46875,0.53125
robustness-20260918-025634-2cf93d,center_crop,0.95,"{""keep"": 0.95}",0881,14.838,0.902104,0.515625,0.484375,0.40625,0.59375
robustness-20260918-025634-2cf93d,center_crop,0.95,"{""keep"": 0.95}",0882,15.6609,0.909584,0.5,0.5,0.5,0.5
robustness-20260918-025634-2cf93d,center_crop,0.95,"{""keep"": 0.95}",0883,14.6179,0.909461,0.4375,0.5625,0.546875,0.453125
robustness-20260918-025634-2cf93d,center_crop,0.95,"{""keep"": 0.95}",0884,17.7299,0.919476,0.5,0.5,0.53125,0.46875
robustness-20260918-025634-2cf93d,center_crop,0.95,"{""keep"": 0.95}",0885,19.6103,0.911056,0.484375,0.515625,0.515625,0.484375
robustness-20260918-025634-2cf93d,center_crop,0.95,"{""keep"": 0.95}",0886,17.9481,0.913833,0.453125,0.546875,0.5,0.5
robustness-20260918-025634-2cf93d,center_crop,0.95,"{""keep"": 0.95}",0887,16.678,0.91699,0.453125,0.546875,0.453125,0.546875
robustness-20260918-025634-2cf93d,center_crop,0.95,"{""keep"": 0.95}",0888,15.9833,0.920335,0.53125,0.46875,0.4375,0.5625
robustness-20260918-025634-2cf93d,center_crop,0.95,"{""keep"": 0.95}",0889,13.9984,0.916029,0.40625,0.59375,0.59375,0.40625
robustness-20260918-025634-2cf93d,center_crop,0.95,"{""keep"": 0.95}",0890,16.6837,0.906559,0.453125,0.546875,0.453125,0.546875
robustness-20260918-025634-2cf93d,center_crop,0.95,"{""keep"": 0.95}",0891,15.1268,0.916264,0.421875,0.578125,0.5,0.5
robustness-20260918-025634-2cf93d,center_crop,0.95,"{""keep"": 0.95}",0892,14.4875,0.916221,0.53125,0.46875,0.40625,0.59375
robustness-20260918-025634-2cf93d,center_crop,0.95,"{""keep"": 0.95}",0893,18.2463,0.919622,0.453125,0.546875,0.453125,0.546875
robustness-20260918-025634-2cf93d,center_crop,0.95,"{""keep"": 0.95}",0894,12.5984,0.902092,0.328125,0.671875,0.4375,0.5625
robustness-20260918-025634-2cf93d,center_crop,0.95,"{""keep"": 0.95}",0895,16.2271,0.913217,0.4375,0.5625,0.421875,0.578125
robustness-20260918-025634-2cf93d,center_crop,0.95,"{""keep"": 0.95}",0896,10.9995,0.899366,0.28125,0.71875,0.171875,0.828125
robustness-20260918-025634-2cf93d,center_crop,0.95,"{""keep"": 0.95}",0897,18.892,0.93456,0.53125,0.46875,0.4375,0.5625
robustness-20260918-025634-2cf93d,center_crop,0.95,"{""keep"": 0.95}",0898,15.0152,0.902954,0.46875,0.53125,0.34375,0.65625
robustness-20260918-025634-2cf93d,center_crop,0.95,"{""keep"": 0.95}",0899,18.941,0.926484,0.5,0.5,0.546875,0.453125
robustness-20260918-025634-2cf93d,center_crop,0.95,"{""keep"": 0.95}",0900,19.1506,0.938563,0.515625,0.484375,0.546875,0.453125
robustness-20260918-025634-2cf93d,center_crop,0.9,"{""keep"": 0.9}",0801,12.898,0.814563,0.640625,0.359375,0.515625,0.484375
robustness-20260918-025634-2cf93d,center_crop,0.9,"{""keep"": 0.9}",0802,16.834,0.84797,0.390625,0.609375,0.546875,0.453125
robustness-20260918-025634-2cf93d,center_crop,0.9,"{""keep"": 0.9}",0803,13.0551,0.809752,0.421875,0.578125,0.46875,0.53125
robustness-20260918-025634-2cf93d,center_crop,0.9,"{""keep"": 0.9}",0804,10.2282,0.812513,0.421875,0.578125,0.609375,0.390625
robustness-20260918-025634-2cf93d,center_crop,0.9,"{""keep"": 0.9}",0805,12.8283,0.81951,0.375,0.625,0.5625,0.4375
robustness-20260918-025634-2cf93d,center_crop,0.9,"{""keep"": 0.9}",0806,11.6927,0.819223,0.53125,0.46875,0.59375,0.40625
robustness-20260918-025634-2cf93d,center_crop,0.9,"{""keep"": 0.9}",0807,15.3726,0.824442,0.390625,0.609375,0.546875,0.453125
robustness-20260918-025634-2cf93d,center_crop,0.9,"{""keep"": 0.9}",0808,15.1883,0.83103,0.484375,0.515625,0.484375,0.515625
robustness-20260918-025634-2cf93d,center_crop,0.9,"{""keep"": 0.9}",0809,13.6613,0.813923,0.515625,0.484375,0.484375,0.515625
robustness-20260918-025634-2cf93d,center_crop,0.9,"{""keep"": 0.9}",0810,13.0593,0.808289,0.546875,0.453125,0.375,0.625
robustness-20260918-025634-2cf93d,center_crop,0.9,"{""keep"": 0.9}",0811,17.5487,0.828473,0.5,0.5,0.484375,0.515625
robustness-20260918-025634-2cf93d,center_crop,0.9,"{""keep"": 0.9}",0812,13.9014,0.814725,0.46875,0.53125,0.546875,0.453125
robustness-20260918-025634-2cf93d,center_crop,0.9,"{""keep"": 0.9}",0813,11.4802,0.823331,0.53125,0.46875,0.484375,0.515625
robustness-20260918-025634-2cf93d,center_crop,0.9,"{""keep"": 0.9}",0814,17.1078,0.808969,0.328125,0.671875,0.6875,0.3125
robustness-20260918-025634-2cf93d,center_crop,0.9,"{""keep"": 0.9}",0815,16.5763,0.822954,0.515625,0.484375,0.5,0.5
robustness-20260918-025634-2cf93d,center_crop,0.9,"{""keep"": 0.9}",0816,11.5144,0.809964,0.59375,0.40625,0.515625,0.484375
robustness-20260918-025634-2cf93d,center_crop,0.9,"{""keep"": 0.9}",0817,12.0207,0.814601,0.4375,0.5625,0.4375,0.5625
robustness-20260918-025634-2cf93d,center_crop,0.9,"{""keep"": 0.9}",0818,10.5364,0.814053,0.40625,0.59375,0.609375,0.390625
robustness-20260918-025634-2cf93d,center_crop,0.9,"{""keep"": 0.9}",0819,12.7362,0.81561,0.5,0.5,0.46875,0.53125
robustness-20260918-025634-2cf93d,center_crop,0.9,"{""keep"": 0.9}",0820,11.2958,0.822341,0.5,0.5,0.40625,0.59375
robustness-20260918-025634-2cf93d,center_crop,0.9,"{""keep"": 0.9}",0821,14.1912,0.833953,0.4375,0.5625,0.453125,0.546875
robustness-20260918-025634-2cf93d,center_crop,0.9,"{""keep"": 0.9}",0822,20.1253,0.831057,0.546875,0.453125,0.609375,0.390625
robustness-20260918-025634-2cf93d,center_crop,0.9,"{""keep"": 0.9}",0823,11.1804,0.823629,0.578125,0.421875,0.53125,0.46875
robustness-20260918-025634-2cf93d,center_crop,0.9,"{""keep"": 0.9}",0824,13.2503,0.81672,0.4375,0.5625,0.484375,0.515625
robustness-20260918-025634-2cf93d,center_crop,0.9,"{""keep"": 0.9}",0825,12.8621,0.817886,0.484375,0.515625,0.421875,0.578125
robustness-20260918-025634-2cf93d,center_crop,0.9,"{""keep"": 0.9}",0826,10.7437,0.821433,0.515625,0.484375,0.609375,0.390625
robustness-20260918-025634-2cf93d,center_crop,0.9,"{""keep"": 0.9}",0827,24.2055,0.837702,0.484375,0.515625,0.453125,0.546875
robustness-20260918-025634-2cf93d,center_crop,0.9,"{""keep"": 0.9}",0828,19.5227,0.841972,0.484375,0.515625,0.390625,0.609375
robustness-20260918-025634-2cf93d,center_crop,0.9,"{""keep"": 0.9}",0829,16.4227,0.81361,0.453125,0.546875,0.484375,0.515625
robustness-20260918-025634-2cf93d,center_crop,0.9,"{""keep"": 0.9}",0830,11.4113,0.807223,0.40625,0.59375,0.515625,0.484375
robustness-20260918-025634-2cf93d,center_crop,0.9,"{""keep"": 0.9}",0831,14.9394,0.828754,0.546875,0.453125,0.609375,0.390625
robustness-20260918-025634-2cf93d,center_crop,0.9,"{""keep"": 0.9}",0832,12.636,0.821769,0.53125,0.46875,0.453125,0.546875
robustness-20260918-025634-2cf93d,center_crop,0.9,"{""keep"": 0.9}",0833,9.5637,0.811414,0.484375,0.515625,0.546875,0.453125
robustness-20260918-025634-2cf93d,center_crop,0.9,"{""keep"": 0.9}",0834,9.2305,0.810502,0.390625,0.609375,0.578125,0.421875
robustness-20260918-025634-2cf93d,center_crop,0.9,"{""keep"": 0.9}",0835,16.3769,0.825488,0.421875,0.578125,0.53125,0.46875
robustness-20260918-025634-2cf93d,center_crop,0.9,"{""keep"": 0.9}",0836,9.739,0.812881,0.515625,0.484375,0.46875,0.53125
robustness-20260918-025634-2cf93d,center_crop,0.9,"{""keep"": 0.9}",0837,14.1149,0.818206,0.484375,0.515625,0.46875,0.53125
robustness-20260918-025634-2cf93d,center_crop,0.9,"{""keep"": 0.9}",0838,14.2959,0.819357,0.515625,0.484375,0.453125,0.546875
robustness-20260918-025634-2cf93d,center_crop,0.9,"{""keep"": 0.9}",0839,17.7222,0.91646,0.578125,0.421875,0.4375,0.5625
robustness-20260918-025634-2cf93d,center_crop,0.9,"{""keep"": 0.9}",0840,17.6543,0.830107,0.46875,0.53125,0.46875,0.53125
robustness-20260918-025634-2cf93d,center_crop,0.9,"{""keep"": 0.9}",0841,19.4158,0.823947,0.46875,0.53125,0.390625,0.609375
robustness-20260918-025634-2cf93d,center_crop,0.9,"{""keep"": 0.9}",0842,9.9792,0.809817,0.46875,0.53125,0.515625,0.484375
robustness-20260918-025634-2cf93d,center_crop,0.9,"{""keep"": 0.9}",0843,31.2054,0.840145,0.34375,0.65625,0.203125,0.796875
robustness-20260918-025634-2cf93d,center_crop,0.9,"{""keep"": 0.9}",0844,9.1061,0.807432,0.53125,0.46875,0.484375,0.515625
robustness-20260918-025634-2cf93d,center_crop,0.9,"{""keep"": 0.9}",0845,14.085,0.830647,0.46875,0.53125,0.3125,0.6875
robustness-20260918-025634-2cf93d,center_crop,0.9,"{""keep"": 0.9}",0846,10.662,0.824858,0.484375,0.515625,0.515625,0.484375
robustness-20260918-025634-2cf93d,center_crop,0.9,"{""keep"": 0.9}",0847,10.715,0.814756,0.484375,0.515625,0.4375,0.5625
robustness-20260918-025634-2cf93d,center_crop,0.9,"{""keep"": 0.9}",0848,14.8691,0.823722,0.53125,0.46875,0.484375,0.515625
robustness-20260918-025634-2cf93d,center_crop,0.9,"{""keep"": 0.9}",0849,13.5913,0.828136,0.5,0.5,0.515625,0.484375
robustness-20260918-025634-2cf93d,center_crop,0.9,"{""keep"": 0.9}",0850,12.2014,0.815928,0.3125,0.6875,0.421875,0.578125
robustness-20260918-025634-2cf93d,center_crop,0.9,"{""keep"": 0.9}",0851,15.5974,0.859555,0.59375,0.40625,0.484375,0.515625
robustness-20260918-025634-2cf93d,center_crop,0.9,"{""keep"": 0.9}",0852,33.3555,0.915658,0.453125,0.546875,0.515625,0.484375
robustness-20260918-025634-2cf93d,center_crop,0.9,"{""keep"": 0.9}",0853,15.027,0.826771,0.46875,0.53125,0.421875,0.578125
robustness-20260918-025634-2cf93d,center_crop,0.9,"{""keep"": 0.9}",0854,11.9269,0.812543,0.4375,0.5625,0.5,0.5
robustness-20260918-025634-2cf93d,center_crop,0.9,"{""keep"": 0.9}",0855,12.4263,0.810402,0.46875,0.53125,0.421875,0.578125
robustness-20260918-025634-2cf93d,center_crop,0.9,"{""keep"": 0.9}",0856,20.2484,0.830238,0.484375,0.515625,0.5,0.5
robustness-20260918-025634-2cf93d,center_crop,0.9,"{""keep"": 0.9}",0857,13.3439,0.811699,0.40625,0.59375,0.453125,0.546875
robustness-20260918-025634-2cf93d,center_crop,0.9,"{""keep"": 0.9}",0858,25.033,0.848055,0.609375,0.390625,0.53125,0.46875
robustness-20260918-025634-2cf93d,center_crop,0.9,"{""keep"": 0.9}",0859,11.4124,0.814213,0.390625,0.609375,0.546875,0.453125
robustness-20260918-025634-2cf93d,center_crop,0.9,"{""keep"": 0.9}",0860,15.6873,0.829504,0.4375,0.5625,0.5625,0.4375
robustness-20260918-025634-2cf93d,center_crop,0.9,"{""keep"": 0.9}",0861,16.1986,0.842892,0.4375,0.5625,0.484375,0.515625
robustness-20260918-025634-2cf93d,center_crop,0.9,"{""keep"": 0.9}",0862,11.1221,0.805327,0.4375,0.5625,0.4375,0.5625
robustness-20260918-025634-2cf93d,center_crop,0.9,"{""keep"": 0.9}",0863,10.3918,0.810649,0.4375,0.5625,0.5,0.5
robustness-20260918-025634-2cf93d,center_crop,0.9,"{""keep"": 0.9}",0864,16.1789,0.821539,0.5,0.5,0.59375,0.40625
robustness-20260918-025634-2cf93d,center_crop,0.9,"{""keep"": 0.9}",0865,13.0294,0.810668,0.453125,0.546875,0.375,0.625
robustness-20260918-025634-2cf93d,center_crop,0.9,"{""keep"": 0.9}",0866,12.4091,0.815329,0.484375,0.515625,0.40625,0.59375
robustness-20260918-025634-2cf93d,center_crop,0.9,"{""keep"": 0.9}",0867,14.9785,0.824521,0.4375,0.5625,0.421875,0.578125
robustness-20260918-025634-2cf93d,center_crop,0.9,"{""keep"": 0.9}",0868,8.7338,0.805404,0.578125,0.421875,0.625,0.375
robustness-20260918-025634-2cf93d,center_crop,0.9,"{""keep"": 0.9}",0869,11.6462,0.806456,0.328125,0.671875,0.4375,0.5625
robustness-20260918-025634-2cf93d,center_crop,0.9,"{""keep"": 0.9}",0870,14.6393,0.81944,0.53125,0.46875,0.484375,0.515625
robustness-20260918-025634-2cf93d,center_crop,0.9,"{""keep"": 0.9}",0871,13.8062,0.814742,0.421875,0.578125,0.5625,0.4375
robustness-20260918-025634-2cf93d,center_crop,0.9,"{""keep"": 0.9}",0872,12.9195,0.816781,0.515625,0.484375,0.5,0.5
robustness-20260918-025634-2cf93d,center_crop,0.9,"{""keep"": 0.9}",0873,12.4247,0.813711,0.40625,0.59375,0.359375,0.640625
robustness-20260918-025634-2cf93d,center_crop,0.9,"{""keep"": 0.9}",0874,11.4093,0.804501,0.5,0.5,0.46875,0.53125
robustness-20260918-025634-2cf93d,center_crop,0.9,"{""keep"": 0.9}",0875,15.8113,0.824443,0.65625,0.34375,0.46875,0.53125
robustness-20260918-025634-2cf93d,center_crop,0.9,"{""keep"": 0.9}",0876,19.8339,0.833415,0.5,0.5,0.40625,0.59375
robustness-20260918-025634-2cf93d,center_crop,0.9,"{""keep"": 0.9}",0877,20.1884,0.823388,0.46875,0.53125,0.46875,0.53125
robustness-20260918-025634-2cf93d,center_crop,0.9,"{""keep"": 0.9}",0878,13.2655,0.819973,0.546875,0.453125,0.46875,0.53125
robustness-20260918-025634-2cf93d,center_crop,0.9,"{""keep"": 0.9}",0879,15.1267,0.816616,0.40625,0.59375,0.375,0.625
robustness-20260918-025634-2cf93d,center_crop,0.9,"{""keep"": 0.9}",0880,13.6201,0.806645,0.5,0.5,0.5,0.5
robustness-20260918-025634-2cf93d,center_crop,0.9,"{""keep"": 0.9}",0881,12.0127,0.806379,0.421875,0.578125,0.46875,0.53125
robustness-20260918-025634-2cf93d,center_crop,0.9,"{""keep"": 0.9}",0882,12.865,0.815326,0.453125,0.546875,0.5,0.5
robustness-20260918-025634-2cf93d,center_crop,0.9,"{""keep"": 0.9}",0883,11.8488,0.816347,0.578125,0.421875,0.5625,0.4375
robustness-20260918-025634-2cf93d,center_crop,0.9,"{""keep"": 0.9}",0884,14.627,0.82133,0.546875,0.453125,0.546875,0.453125
robustness-20260918-025634-2cf93d,center_crop,0.9,"{""keep"": 0.9}",0885,16.8199,0.81757,0.5625,0.4375,0.515625,0.484375
robustness-20260918-025634-2cf93d,center_crop,0.9,"{""keep"": 0.9}",0886,15.093,0.818076,0.5625,0.4375,0.515625,0.484375
robustness-20260918-025634-2cf93d,center_crop,0.9,"{""keep"": 0.9}",0887,13.4437,0.821055,0.453125,0.546875,0.46875,0.53125
robustness-20260918-025634-2cf93d,center_crop,0.9,"{""keep"": 0.9}",0888,12.7417,0.819252,0.453125,0.546875,0.453125,0.546875
robustness-20260918-025634-2cf93d,center_crop,0.9,"{""keep"": 0.9}",0889,11.1804,0.81993,0.65625,0.34375,0.59375,0.40625
robustness-20260918-025634-2cf93d,center_crop,0.9,"{""keep"": 0.9}",0890,13.8131,0.810957,0.484375,0.515625,0.46875,0.53125
robustness-20260918-025634-2cf93d,center_crop,0.9,"{""keep"": 0.9}",0891,12.1553,0.818804,0.46875,0.53125,0.5,0.5
robustness-20260918-025634-2cf93d,center_crop,0.9,"{""keep"": 0.9}",0892,11.5363,0.816806,0.546875,0.453125,0.40625,0.59375
robustness-20260918-025634-2cf93d,center_crop,0.9,"{""keep"": 0.9}",0893,15.154,0.822754,0.578125,0.421875,0.453125,0.546875
robustness-20260918-025634-2cf93d,center_crop,0.9,"{""keep"": 0.9}",0894,9.6672,0.805035,0.328125,0.671875,0.5,0.5
robustness-20260918-025634-2cf93d,center_crop,0.9,"{""keep"": 0.9}",0895,13.2221,0.814881,0.515625,0.484375,0.421875,0.578125
robustness-20260918-025634-2cf93d,center_crop,0.9,"{""keep"": 0.9}",0896,8.0705,0.803486,0.28125,0.71875,0.203125,0.796875
robustness-20260918-025634-2cf93d,center_crop,0.9,"{""keep"": 0.9}",0897,15.9491,0.836663,0.5,0.5,0.4375,0.5625
robustness-20260918-025634-2cf93d,center_crop,0.9,"{""keep"": 0.9}",0898,12.054,0.807594,0.484375,0.515625,0.390625,0.609375
robustness-20260918-025634-2cf93d,center_crop,0.9,"{""keep"": 0.9}",0899,15.3714,0.826134,0.53125,0.46875,0.546875,0.453125
robustness-20260918-025634-2cf93d,center_crop,0.9,"{""keep"": 0.9}",0900,16.5027,0.849744,0.40625,0.59375,0.546875,0.453125
robustness-20260918-025634-2cf93d,center_crop,0.75,"{""keep"": 0.75}",0801,9.3614,0.564257,0.65625,0.34375,0.515625,0.484375
robustness-20260918-025634-2cf93d,center_crop,0.75,"{""keep"": 0.75}",0802,13.4329,0.611998,0.515625,0.484375,0.546875,0.453125
robustness-20260918-025634-2cf93d,center_crop,0.75,"{""keep"": 0.75}",0803,9.4227,0.562907,0.625,0.375,0.46875,0.53125
robustness-20260918-025634-2cf93d,center_crop,0.75,"{""keep"": 0.75}",0804,7.185,0.564931,0.484375,0.515625,0.609375,0.390625
robustness-20260918-025634-2cf93d,center_crop,0.75,"{""keep"": 0.75}",0805,9.141,0.571719,0.578125,0.421875,0.5625,0.4375
robustness-20260918-025634-2cf93d,center_crop,0.75,"{""keep"": 0.75}",0806,8.2203,0.572595,0.515625,0.484375,0.59375,0.40625
robustness-20260918-025634-2cf93d,center_crop,0.75,"{""keep"": 0.75}",0807,11.7344,0.570437,0.53125,0.46875,0.546875,0.453125
robustness-20260918-025634-2cf93d,center_crop,0.75,"{""keep"": 0.75}",0808,11.0781,0.581701,0.453125,0.546875,0.484375,0.515625
robustness-20260918-025634-2cf93d,center_crop,0.75,"{""keep"": 0.75}",0809,10.0437,0.563845,0.5,0.5,0.484375,0.515625
robustness-20260918-025634-2cf93d,center_crop,0.75,"{""keep"": 0.75}",0810,9.4465,0.55687,0.453125,0.546875,0.390625,0.609375
robustness-20260918-025634-2cf93d,center_crop,0.75,"{""keep"": 0.75}",0811,13.0223,0.575978,0.5625,0.4375,0.484375,0.515625
robustness-20260918-025634-2cf93d,center_crop,0.75,"{""keep"": 0.75}",0812,9.9094,0.561438,0.484375,0.515625,0.546875,0.453125
robustness-20260918-025634-2cf93d,center_crop,0.75,"{""keep"": 0.75}",0813,8.2262,0.580931,0.421875,0.578125,0.484375,0.515625
robustness-20260918-025634-2cf93d,center_crop,0.75,"{""keep"": 0.75}",0814,13.4611,0.561893,0.53125,0.46875,0.6875,0.3125
robustness-20260918-025634-2cf93d,center_crop,0.75,"{""keep"": 0.75}",0815,12.7589,0.567546,0.484375,0.515625,0.5,0.5
robustness-20260918-025634-2cf93d,center_crop,0.75,"{""keep"": 0.75}",0816,7.9118,0.558971,0.515625,0.484375,0.515625,0.484375
robustness-20260918-025634-2cf93d,center_crop,0.75,"{""keep"": 0.75}",0817,8.6545,0.565591,0.484375,0.515625,0.4375,0.5625
robustness-20260918-025634-2cf93d,center_crop,0.75,"{""keep"": 0.75}",0818,7.0214,0.570388,0.5625,0.4375,0.609375,0.390625
robustness-20260918-025634-2cf93d,center_crop,0.75,"{""keep"": 0.75}",0819,9.0512,0.561938,0.578125,0.421875,0.46875,0.53125
robustness-20260918-025634-2cf93d,center_crop,0.75,"{""keep"": 0.75}",0820,7.9098,0.569122,0.53125,0.46875,0.40625,0.59375
robustness-20260918-025634-2cf93d,center_crop,0.75,"{""keep"": 0.75}",0821,10.4941,0.578859,0.578125,0.421875,0.453125,0.546875
robustness-20260918-025634-2cf93d,center_crop,0.75,"{""keep"": 0.75}",0822,16.338,0.578405,0.546875,0.453125,0.609375,0.390625
robustness-20260918-025634-2cf93d,center_crop,0.75,"{""keep"": 0.75}",0823,7.532,0.585662,0.578125,0.421875,0.53125,0.46875
robustness-20260918-025634-2cf93d,center_crop,0.75,"{""keep"": 0.75}",0824,9.2458,0.567268,0.5625,0.4375,0.484375,0.515625
robustness-20260918-025634-2cf93d,center_crop,0.75,"{""keep"": 0.75}",0825,8.7221,0.562821,0.546875,0.453125,0.421875,0.578125
robustness-20260918-025634-2cf93d,center_crop,0.75,"{""keep"": 0.75}",0826,7.1582,0.564964,0.421875,0.578125,0.609375,0.390625
robustness-20260918-025634-2cf93d,center_crop,0.75,"{""keep"": 0.75}",0827,20.0805,0.578955,0.546875,0.453125,0.46875,0.53125
robustness-20260918-025634-2cf93d,center_crop,0.75,"{""keep"": 0.75}",0828,16.0263,0.606269,0.5,0.5,0.390625,0.609375
robustness-20260918-025634-2cf93d,center_crop,0.75,"{""keep"": 0.75}",0829,12.772,0.564932,0.453125,0.546875,0.5,0.5
robustness-20260918-025634-2cf93d,center_crop,0.75,"{""keep"": 0.75}",0830,8.0064,0.556737,0.484375,0.515625,0.515625,0.484375
robustness-20260918-025634-2cf93d,center_crop,0.75,"{""keep"": 0.75}",0831,11.536,0.574168,0.484375,0.515625,0.609375,0.390625
robustness-20260918-025634-2cf93d,center_crop,0.75,"{""keep"": 0.75}",0832,9.1567,0.567946,0.53125,0.46875,0.453125,0.546875
robustness-20260918-025634-2cf93d,center_crop,0.75,"{""keep"": 0.75}",0833,6.2215,0.560653,0.5,0.5,0.546875,0.453125
robustness-20260918-025634-2cf93d,center_crop,0.75,"{""keep"": 0.75}",0834,5.731,0.560154,0.4375,0.5625,0.578125,0.421875
robustness-20260918-025634-2cf93d,center_crop,0.75,"{""keep"": 0.75}",0835,12.4471,0.57969,0.515625,0.484375,0.53125,0.46875
robustness-20260918-025634-2cf93d,center_crop,0.75,"{""keep"": 0.75}",0836,6.3684,0.562632,0.546875,0.453125,0.46875,0.53125
robustness-20260918-025634-2cf93d,center_crop,0.75,"{""keep"": 0.75}",0837,10.972,0.574529,0.421875,0.578125,0.46875,0.53125
robustness-20260918-025634-2cf93d,center_crop,0.75,"{""keep"": 0.75}",0838,11.1237,0.567699,0.46875,0.53125,0.453125,0.546875
robustness-20260918-025634-2cf93d,center_crop,0.75,"{""keep"": 0.75}",0839,13.6012,0.793603,0.59375,0.40625,0.4375,0.5625
robustness-20260918-025634-2cf93d,center_crop,0.75,"{""keep"": 0.75}",0840,14.0277,0.573187,0.484375,0.515625,0.46875,0.53125
robustness-20260918-025634-2cf93d,center_crop,0.75,"{""keep"": 0.75}",0841,14.8991,0.572494,0.59375,0.40625,0.390625,0.609375
robustness-20260918-025634-2cf93d,center_crop,0.75,"{""keep"": 0.75}",0842,6.5349,0.558795,0.453125,0.546875,0.515625,0.484375
robustness-20260918-025634-2cf93d,center_crop,0.75,"{""keep"": 0.75}",0843,27.6548,0.591669,0.328125,0.671875,0.3125,0.6875
robustness-20260918-025634-2cf93d,center_crop,0.75,"{""keep"": 0.75}",0844,5.5577,0.557907,0.5,0.5,0.5,0.5
robustness-20260918-025634-2cf93d,center_crop,0.75,"{""keep"": 0.75}",0845,9.8102,0.580196,0.484375,0.515625,0.3125,0.6875
robustness-20260918-025634-2cf93d,center_crop,0.75,"{""keep"": 0.75}",0846,7.2034,0.574586,0.484375,0.515625,0.515625,0.484375
robustness-20260918-025634-2cf93d,center_crop,0.75,"{""keep"": 0.75}",0847,7.5634,0.569145,0.546875,0.453125,0.4375,0.5625
robustness-20260918-025634-2cf93d,center_crop,0.75,"{""keep"": 0.75}",0848,11.1167,0.578913,0.53125,0.46875,0.484375,0.515625
robustness-20260918-025634-2cf93d,center_crop,0.75,"{""keep"": 0.75}",0849,9.9255,0.576095,0.46875,0.53125,0.515625,0.484375
robustness-20260918-025634-2cf93d,center_crop,0.75,"{""keep"": 0.75}",0850,8.9254,0.564053,0.484375,0.515625,0.421875,0.578125
robustness-20260918-025634-2cf93d,center_crop,0.75,"{""keep"": 0.75}",0851,11.8775,0.657538,0.546875,0.453125,0.484375,0.515625
robustness-20260918-025634-2cf93d,center_crop,0.75,"{""keep"": 0.75}",0852,28.808,0.759923,0.5625,0.4375,0.53125,0.46875
robustness-20260918-025634-2cf93d,center_crop,0.75,"{""keep"": 0.75}",0853,11.8238,0.580089,0.484375,0.515625,0.421875,0.578125
robustness-20260918-025634-2cf93d,center_crop,0.75,"{""keep"": 0.75}",0854,8.5499,0.568863,0.4375,0.5625,0.5,0.5
robustness-20260918-025634-2cf93d,center_crop,0.75,"{""keep"": 0.75}",0855,8.7555,0.558665,0.53125,0.46875,0.421875,0.578125
robustness-20260918-025634-2cf93d,center_crop,0.75,"{""keep"": 0.75}",0856,16.4863,0.57196,0.546875,0.453125,0.5,0.5
robustness-20260918-025634-2cf93d,center_crop,0.75,"{""keep"": 0.75}",0857,9.3659,0.556826,0.46875,0.53125,0.453125,0.546875
robustness-20260918-025634-2cf93d,center_crop,0.75,"{""keep"": 0.75}",0858,21.5139,0.603284,0.40625,0.59375,0.53125,0.46875
robustness-20260918-025634-2cf93d,center_crop,0.75,"{""keep"": 0.75}",0859,7.6385,0.56056,0.609375,0.390625,0.546875,0.453125
robustness-20260918-025634-2cf93d,center_crop,0.75,"{""keep"": 0.75}",0860,11.9845,0.573827,0.71875,0.28125,0.5625,0.4375
robustness-20260918-025634-2cf93d,center_crop,0.75,"{""keep"": 0.75}",0861,12.5608,0.595473,0.453125,0.546875,0.484375,0.515625
robustness-20260918-025634-2cf93d,center_crop,0.75,"{""keep"": 0.75}",0862,7.4654,0.555525,0.5,0.5,0.4375,0.5625
robustness-20260918-025634-2cf93d,center_crop,0.75,"{""keep"": 0.75}",0863,6.9162,0.562646,0.421875,0.578125,0.515625,0.484375
robustness-20260918-025634-2cf93d,center_crop,0.75,"{""keep"": 0.75}",0864,12.7559,0.568725,0.40625,0.59375,0.59375,0.40625
robustness-20260918-025634-2cf93d,center_crop,0.75,"{""keep"": 0.75}",0865,9.3483,0.559901,0.4375,0.5625,0.375,0.625
robustness-20260918-025634-2cf93d,center_crop,0.75,"{""keep"": 0.75}",0866,8.8477,0.566598,0.453125,0.546875,0.40625,0.59375
robustness-20260918-025634-2cf93d,center_crop,0.75,"{""keep"": 0.75}",0867,11.3618,0.570415,0.484375,0.515625,0.421875,0.578125
robustness-20260918-025634-2cf93d,center_crop,0.75,"{""keep"": 0.75}",0868,5.2158,0.55614,0.453125,0.546875,0.625,0.375
robustness-20260918-025634-2cf93d,center_crop,0.75,"{""keep"": 0.75}",0869,8.4329,0.562778,0.453125,0.546875,0.4375,0.5625
robustness-20260918-025634-2cf93d,center_crop,0.75,"{""keep"": 0.75}",0870,11.1859,0.569881,0.40625,0.59375,0.484375,0.515625
robustness-20260918-025634-2cf93d,center_crop,0.75,"{""keep"": 0.75}",0871,10.198,0.563021,0.515625,0.484375,0.5625,0.4375
robustness-20260918-025634-2cf93d,center_crop,0.75,"{""keep"": 0.75}",0872,9.404,0.569073,0.53125,0.46875,0.5,0.5
robustness-20260918-025634-2cf93d,center_crop,0.75,"{""keep"": 0.75}",0873,9.0321,0.563858,0.53125,0.46875,0.359375,0.640625
robustness-20260918-025634-2cf93d,center_crop,0.75,"{""keep"": 0.75}",0874,8.0055,0.557569,0.453125,0.546875,0.46875,0.53125
robustness-20260918-025634-2cf93d,center_crop,0.75,"{""keep"": 0.75}",0875,12.3656,0.572781,0.46875,0.53125,0.46875,0.53125
robustness-20260918-025634-2cf93d,center_crop,0.75,"{""keep"": 0.75}",0876,16.8157,0.587995,0.5,0.5,0.40625,0.59375
robustness-20260918-025634-2cf93d,center_crop,0.75,"{""keep"": 0.75}",0877,16.6521,0.57081,0.609375,0.390625,0.46875,0.53125
robustness-20260918-025634-2cf93d,center_crop,0.75,"{""keep"": 0.75}",0878,8.5649,0.561218,0.5,0.5,0.5,0.5
robustness-20260918-025634-2cf93d,center_crop,0.75,"{""keep"": 0.75}",0879,11.5049,0.565178,0.53125,0.46875,0.375,0.625
robustness-20260918-025634-2cf93d,center_crop,0.75,"{""keep"": 0.75}",0880,9.9482,0.557116,0.484375,0.515625,0.5,0.5
robustness-20260918-025634-2cf93d,center_crop,0.75,"{""keep"": 0.75}",0881,8.5579,0.557915,0.4375,0.5625,0.46875,0.53125
robustness-20260918-025634-2cf93d,center_crop,0.75,"{""keep"": 0.75}",0882,8.9052,0.5638,0.34375,0.65625,0.5,0.5
robustness-20260918-025634-2cf93d,center_crop,0.75,"{""keep"": 0.75}",0883,8.5258,0.564782,0.546875,0.453125,0.5625,0.4375
robustness-20260918-025634-2cf93d,center_crop,0.75,"{""keep"": 0.75}",0884,11.1151,0.568418,0.40625,0.59375,0.546875,0.453125
robustness-20260918-025634-2cf93d,center_crop,0.75,"{""keep"": 0.75}",0885,13.0417,0.567751,0.53125,0.46875,0.515625,0.484375
robustness-20260918-025634-2cf93d,center_crop,0.75,"{""keep"": 0.75}",0886,11.1545,0.56645,0.515625,0.484375,0.515625,0.484375
robustness-20260918-025634-2cf93d,center_crop,0.75,"{""keep"": 0.75}",0887,9.5973,0.569981,0.53125,0.46875,0.484375,0.515625
robustness-20260918-025634-2cf93d,center_crop,0.75,"{""keep"": 0.75}",0888,8.9932,0.571728,0.53125,0.46875,0.453125,0.546875
robustness-20260918-025634-2cf93d,center_crop,0.75,"{""keep"": 0.75}",0889,8.1587,0.569033,0.390625,0.609375,0.59375,0.40625
robustness-20260918-025634-2cf93d,center_crop,0.75,"{""keep"": 0.75}",0890,10.1538,0.559025,0.546875,0.453125,0.46875,0.53125
robustness-20260918-025634-2cf93d,center_crop,0.75,"{""keep"": 0.75}",0891,8.8556,0.572235,0.5625,0.4375,0.5,0.5
robustness-20260918-025634-2cf93d,center_crop,0.75,"{""keep"": 0.75}",0892,7.8934,0.567181,0.484375,0.515625,0.40625,0.59375
robustness-20260918-025634-2cf93d,center_crop,0.75,"{""keep"": 0.75}",0893,11.8212,0.572355,0.546875,0.453125,0.453125,0.546875
robustness-20260918-025634-2cf93d,center_crop,0.75,"{""keep"": 0.75}",0894,6.0644,0.556592,0.421875,0.578125,0.546875,0.453125
robustness-20260918-025634-2cf93d,center_crop,0.75,"{""keep"": 0.75}",0895,10.1771,0.564279,0.640625,0.359375,0.421875,0.578125
robustness-20260918-025634-2cf93d,center_crop,0.75,"{""keep"": 0.75}",0896,4.5386,0.557219,0.578125,0.421875,0.453125,0.546875
robustness-20260918-025634-2cf93d,center_crop,0.75,"{""keep"": 0.75}",0897,12.3507,0.58147,0.609375,0.390625,0.4375,0.5625
robustness-20260918-025634-2cf93d,center_crop,0.75,"{""keep"": 0.75}",0898,8.3088,0.557356,0.609375,0.390625,0.421875,0.578125
robustness-20260918-025634-2cf93d,center_crop,0.75,"{""keep"": 0.75}",0899,11.3882,0.572689,0.421875,0.578125,0.546875,0.453125
robustness-20260918-025634-2cf93d,center_crop,0.75,"{""keep"": 0.75}",0900,13.6188,0.627706,0.453125,0.546875,0.546875,0.453125
