experiment_id,alpha,bits,subband_order,image,psnr,ssim,mse,nonblind_ber,nonblind_bit_accuracy,blind_ber,blind_bit_accuracy,blind_exact,t_embed_ms,t_nonblind_ms,t_blind_ms,model_version
matrix-20260918-025538-98a873,0.005,8,LL,0801,48.0368,0.999378,1.021881,0.0,1.0,0.375,0.625,0,2.48,3.35,2.99,models/windowed_cnn_grid/8bit_a0.005/windowed_cnn_best.pt@e257e675d5b9
matrix-20260918-025538-98a873,0.005,8,LL,0802,49.3033,0.998043,0.763397,0.0,1.0,0.75,0.25,0,2.18,3.33,2.67,models/windowed_cnn_grid/8bit_a0.005/windowed_cnn_best.pt@e257e675d5b9
matrix-20260918-025538-98a873,0.005,8,LL,0803,47.3947,0.998287,1.184703,0.0,1.0,0.375,0.625,0,2.18,3.25,2.62,models/windowed_cnn_grid/8bit_a0.005/windowed_cnn_best.pt@e257e675d5b9
matrix-20260918-025538-98a873,0.005,8,LL,0804,47.7314,0.999244,1.096329,0.0,1.0,0.875,0.125,0,2.18,3.34,2.61,models/windowed_cnn_grid/8bit_a0.005/windowed_cnn_best.pt@e257e675d5b9
matrix-20260918-025538-98a873,0.005,8,LL,0805,47.5983,0.999,1.130437,0.0,1.0,0.25,0.75,0,2.17,3.26,2.64,models/windowed_cnn_grid/8bit_a0.005/windowed_cnn_best.pt@e257e675d5b9
matrix-20260918-025538-98a873,0.005,8,LL,0806,48.4702,0.99797,0.924835,0.0,1.0,0.5,0.5,0,2.17,3.37,2.6,models/windowed_cnn_grid/8bit_a0.005/windowed_cnn_best.pt@e257e675d5b9
matrix-20260918-025538-98a873,0.005,8,LL,0807,49.261,0.998314,0.770864,0.0,1.0,0.625,0.375,0,2.25,3.29,2.63,models/windowed_cnn_grid/8bit_a0.005/windowed_cnn_best.pt@e257e675d5b9
matrix-20260918-025538-98a873,0.005,8,LL,0808,49.1936,0.997047,0.782928,0.0,1.0,0.375,0.625,0,2.1,3.3,2.6,models/windowed_cnn_grid/8bit_a0.005/windowed_cnn_best.pt@e257e675d5b9
matrix-20260918-025538-98a873,0.005,8,LL,0809,48.0464,0.999031,1.019623,0.0,1.0,0.5,0.5,0,2.16,3.25,2.6,models/windowed_cnn_grid/8bit_a0.005/windowed_cnn_best.pt@e257e675d5b9
matrix-20260918-025538-98a873,0.005,8,LL,0810,47.891,0.99848,1.056768,0.0,1.0,0.75,0.25,0,2.18,3.35,2.59,models/windowed_cnn_grid/8bit_a0.005/windowed_cnn_best.pt@e257e675d5b9
matrix-20260918-025538-98a873,0.005,8,LL,0811,50.0044,0.998367,0.649597,0.0,1.0,0.625,0.375,0,2.21,3.24,2.64,models/windowed_cnn_grid/8bit_a0.005/windowed_cnn_best.pt@e257e675d5b9
matrix-20260918-025538-98a873,0.005,8,LL,0812,48.1916,0.998305,0.986089,0.0,1.0,0.5,0.5,0,2.19,3.36,2.62,models/windowed_cnn_grid/8bit_a0.005/windowed_cnn_best.pt@e257e675d5b9
matrix-20260918-025538-98a873,0.005,8,LL,0813,49.198,0.999065,0.78214,0.0,1.0,0.375,0.625,0,2.22,3.25,2.54,models/windowed_cnn_grid/8bit_a0.005/windowed_cnn_best.pt@e257e675d5b9
matrix-20260918-025538-98a873,0.005,8,LL,0814,51.4733,0.998459,0.463181,0.0,1.0,0.25,0.75,0,2.19,3.25,2.66,models/windowed_cnn_grid/8bit_a0.005/windowed_cnn_best.pt@e257e675d5b9
matrix-20260918-025538-98a873,0.005,8,LL,0815,49.5287,0.999014,0.724787,0.0,1.0,0.375,0.625,0,2.22,3.23,2.59,models/windowed_cnn_grid/8bit_a0.005/windowed_cnn_best.pt@e257e675d5b9
matrix-20260918-025538-98a873,0.005,8,LL,0816,47.987,0.998604,1.033671,0.0,1.0,0.625,0.375,0,2.18,3.27,2.59,models/windowed_cnn_grid/8bit_a0.005/windowed_cnn_best.pt@e257e675d5b9
matrix-20260918-025538-98a873,0.005,8,LL,0817,47.9525,0.998589,1.041916,0.0,1.0,0.375,0.625,0,2.18,3.28,2.58,models/windowed_cnn_grid/8bit_a0.005/windowed_cnn_best.pt@e257e675d5b9
matrix-20260918-025538-98a873,0.005,8,LL,0818,47.674,0.998259,1.110921,0.0,1.0,0.5,0.5,0,2.17,3.35,2.58,models/windowed_cnn_grid/8bit_a0.005/windowed_cnn_best.pt@e257e675d5b9
matrix-20260918-025538-98a873,0.005,8,LL,0819,48.5524,0.999056,0.907496,0.0,1.0,0.25,0.75,0,2.21,3.23,2.58,models/windowed_cnn_grid/8bit_a0.005/windowed_cnn_best.pt@e257e675d5b9
matrix-20260918-025538-98a873,0.005,8,LL,0820,48.0772,0.999328,1.012431,0.0,1.0,0.625,0.375,0,2.17,3.35,2.6,models/windowed_cnn_grid/8bit_a0.005/windowed_cnn_best.pt@e257e675d5b9
matrix-20260918-025538-98a873,0.005,8,LL,0821,49.0581,0.998832,0.807734,0.25,0.75,0.75,0.25,0,2.18,3.3,2.57,models/windowed_cnn_grid/8bit_a0.005/windowed_cnn_best.pt@e257e675d5b9
matrix-20260918-025538-98a873,0.005,8,LL,0822,50.2438,0.999265,0.614756,0.0,1.0,0.625,0.375,0,2.17,3.32,2.58,models/windowed_cnn_grid/8bit_a0.005/windowed_cnn_best.pt@e257e675d5b9
matrix-20260918-025538-98a873,0.005,8,LL,0823,48.1722,0.997971,0.990504,0.0,1.0,0.375,0.625,0,2.15,3.22,2.6,models/windowed_cnn_grid/8bit_a0.005/windowed_cnn_best.pt@e257e675d5b9
matrix-20260918-025538-98a873,0.005,8,LL,0824,48.8351,0.998974,0.850301,0.0,1.0,0.625,0.375,0,2.15,3.32,2.56,models/windowed_cnn_grid/8bit_a0.005/windowed_cnn_best.pt@e257e675d5b9
matrix-20260918-025538-98a873,0.005,8,LL,0825,47.9504,0.99924,1.042419,0.0,1.0,0.75,0.25,0,2.24,3.26,2.57,models/windowed_cnn_grid/8bit_a0.005/windowed_cnn_best.pt@e257e675d5b9
matrix-20260918-025538-98a873,0.005,8,LL,0826,48.2629,0.99832,0.970047,0.0,1.0,0.5,0.5,0,2.12,3.23,2.63,models/windowed_cnn_grid/8bit_a0.005/windowed_cnn_best.pt@e257e675d5b9
matrix-20260918-025538-98a873,0.005,8,LL,0827,52.957,0.997758,0.329142,0.0,1.0,0.75,0.25,0,2.16,3.28,2.59,models/windowed_cnn_grid/8bit_a0.005/windowed_cnn_best.pt@e257e675d5b9
matrix-20260918-025538-98a873,0.005,8,LL,0828,52.989,0.999085,0.326721,0.0,1.0,0.625,0.375,0,2.22,3.32,2.61,models/windowed_cnn_grid/8bit_a0.005/windowed_cnn_best.pt@e257e675d5b9
matrix-20260918-025538-98a873,0.005,8,LL,0829,48.8567,0.997596,0.84608,0.0,1.0,0.5,0.5,0,2.14,3.22,2.57,models/windowed_cnn_grid/8bit_a0.005/windowed_cnn_best.pt@e257e675d5b9
matrix-20260918-025538-98a873,0.005,8,LL,0830,47.4419,0.997835,1.171906,0.0,1.0,0.625,0.375,0,2.17,3.26,2.6,models/windowed_cnn_grid/8bit_a0.005/windowed_cnn_best.pt@e257e675d5b9
matrix-20260918-025538-98a873,0.005,8,LL,0831,49.8229,0.998968,0.677312,0.0,1.0,0.5,0.5,0,2.19,3.41,2.58,models/windowed_cnn_grid/8bit_a0.005/windowed_cnn_best.pt@e257e675d5b9
matrix-20260918-025538-98a873,0.005,8,LL,0832,48.9741,0.998897,0.823512,0.0,1.0,0.5,0.5,0,2.18,3.28,2.57,models/windowed_cnn_grid/8bit_a0.005/windowed_cnn_best.pt@e257e675d5b9
matrix-20260918-025538-98a873,0.005,8,LL,0833,47.6738,0.999434,1.110962,0.0,1.0,0.375,0.625,0,2.11,3.28,2.5,models/windowed_cnn_grid/8bit_a0.005/windowed_cnn_best.pt@e257e675d5b9
matrix-20260918-025538-98a873,0.005,8,LL,0834,47.4066,0.997998,1.181473,0.0,1.0,0.375,0.625,0,2.24,3.28,2.51,models/windowed_cnn_grid/8bit_a0.005/windowed_cnn_best.pt@e257e675d5b9
matrix-20260918-025538-98a873,0.005,8,LL,0835,49.0709,0.998895,0.805369,0.0,1.0,0.375,0.625,0,2.15,3.2,2.66,models/windowed_cnn_grid/8bit_a0.005/windowed_cnn_best.pt@e257e675d5b9
matrix-20260918-025538-98a873,0.005,8,LL,0836,47.6032,0.999091,1.129171,0.0,1.0,0.5,0.5,0,2.21,3.2,2.59,models/windowed_cnn_grid/8bit_a0.005/windowed_cnn_best.pt@e257e675d5b9
matrix-20260918-025538-98a873,0.005,8,LL,0837,49.6061,0.999349,0.71198,0.0,1.0,0.75,0.25,0,2.18,3.26,2.65,models/windowed_cnn_grid/8bit_a0.005/windowed_cnn_best.pt@e257e675d5b9
matrix-20260918-025538-98a873,0.005,8,LL,0838,49.5317,0.99762,0.724279,0.0,1.0,0.75,0.25,0,2.21,3.19,2.65,models/windowed_cnn_grid/8bit_a0.005/windowed_cnn_best.pt@e257e675d5b9
matrix-20260918-025538-98a873,0.005,8,LL,0839,51.6855,0.999428,0.441096,0.0,1.0,0.375,0.625,0,2.13,3.23,2.58,models/windowed_cnn_grid/8bit_a0.005/windowed_cnn_best.pt@e257e675d5b9
matrix-20260918-025538-98a873,0.005,8,LL,0840,50.7627,0.999311,0.545522,0.0,1.0,0.25,0.75,0,2.28,3.27,2.75,models/windowed_cnn_grid/8bit_a0.005/windowed_cnn_best.pt@e257e675d5b9
matrix-20260918-025538-98a873,0.005,8,LL,0841,50.8005,0.998072,0.540787,0.0,1.0,0.375,0.625,0,2.2,3.27,2.63,models/windowed_cnn_grid/8bit_a0.005/windowed_cnn_best.pt@e257e675d5b9
matrix-20260918-025538-98a873,0.005,8,LL,0842,47.4607,0.998798,1.166845,0.0,1.0,0.875,0.125,0,2.22,3.29,2.61,models/windowed_cnn_grid/8bit_a0.005/windowed_cnn_best.pt@e257e675d5b9
matrix-20260918-025538-98a873,0.005,8,LL,0843,56.1269,0.999872,0.15863,0.0,1.0,0.375,0.625,0,1.85,2.69,2.34,models/windowed_cnn_grid/8bit_a0.005/windowed_cnn_best.pt@e257e675d5b9
matrix-20260918-025538-98a873,0.005,8,LL,0844,47.2702,0.99743,1.219162,0.0,1.0,0.875,0.125,0,2.23,3.27,2.59,models/windowed_cnn_grid/8bit_a0.005/windowed_cnn_best.pt@e257e675d5b9
matrix-20260918-025538-98a873,0.005,8,LL,0845,47.4004,0.998796,1.183151,0.0,1.0,0.5,0.5,0,2.15,3.31,2.53,models/windowed_cnn_grid/8bit_a0.005/windowed_cnn_best.pt@e257e675d5b9
matrix-20260918-025538-98a873,0.005,8,LL,0846,49.6755,0.999412,0.700694,0.0,1.0,0.5,0.5,0,2.19,3.23,2.54,models/windowed_cnn_grid/8bit_a0.005/windowed_cnn_best.pt@e257e675d5b9
matrix-20260918-025538-98a873,0.005,8,LL,0847,48.2763,0.998973,0.967051,0.0,1.0,0.25,0.75,0,2.15,3.37,2.57,models/windowed_cnn_grid/8bit_a0.005/windowed_cnn_best.pt@e257e675d5b9
matrix-20260918-025538-98a873,0.005,8,LL,0848,48.6496,0.998215,0.8874,0.0,1.0,0.625,0.375,0,2.2,3.25,2.54,models/windowed_cnn_grid/8bit_a0.005/windowed_cnn_best.pt@e257e675d5b9
matrix-20260918-025538-98a873,0.005,8,LL,0849,48.8561,0.999578,0.846196,0.0,1.0,0.5,0.5,0,2.17,3.37,2.55,models/windowed_cnn_grid/8bit_a0.005/windowed_cnn_best.pt@e257e675d5b9
matrix-20260918-025538-98a873,0.005,8,LL,0850,48.5208,0.99869,0.914113,0.0,1.0,0.375,0.625,0,2.21,3.21,2.52,models/windowed_cnn_grid/8bit_a0.005/windowed_cnn_best.pt@e257e675d5b9
matrix-20260918-025538-98a873,0.005,8,LL,0851,50.8485,0.994604,0.534846,0.0,1.0,0.625,0.375,0,2.13,3.36,2.56,models/windowed_cnn_grid/8bit_a0.005/windowed_cnn_best.pt@e257e675d5b9
matrix-20260918-025538-98a873,0.005,8,LL,0852,53.5184,0.997377,0.28923,0.25,0.75,0.5,0.5,0,2.23,3.28,2.54,models/windowed_cnn_grid/8bit_a0.005/windowed_cnn_best.pt@e257e675d5b9
matrix-20260918-025538-98a873,0.005,8,LL,0853,49.8955,0.996861,0.666087,0.0,1.0,0.375,0.625,0,2.15,3.35,2.55,models/windowed_cnn_grid/8bit_a0.005/windowed_cnn_best.pt@e257e675d5b9
matrix-20260918-025538-98a873,0.005,8,LL,0854,47.8067,0.998777,1.077474,0.0,1.0,0.5,0.5,0,2.15,3.28,2.54,models/windowed_cnn_grid/8bit_a0.005/windowed_cnn_best.pt@e257e675d5b9
matrix-20260918-025538-98a873,0.005,8,LL,0855,48.4511,0.998197,0.928894,0.0,1.0,0.375,0.625,0,2.13,3.29,2.53,models/windowed_cnn_grid/8bit_a0.005/windowed_cnn_best.pt@e257e675d5b9
matrix-20260918-025538-98a873,0.005,8,LL,0856,52.1913,0.998503,0.392598,0.0,1.0,0.25,0.75,0,2.16,3.25,2.53,models/windowed_cnn_grid/8bit_a0.005/windowed_cnn_best.pt@e257e675d5b9
matrix-20260918-025538-98a873,0.005,8,LL,0857,47.8219,0.997823,1.07371,0.0,1.0,0.75,0.25,0,2.13,3.31,2.54,models/windowed_cnn_grid/8bit_a0.005/windowed_cnn_best.pt@e257e675d5b9
matrix-20260918-025538-98a873,0.005,8,LL,0858,51.1159,0.998132,0.502914,0.0,1.0,0.25,0.75,0,2.22,3.25,2.56,models/windowed_cnn_grid/8bit_a0.005/windowed_cnn_best.pt@e257e675d5b9
matrix-20260918-025538-98a873,0.005,8,LL,0859,47.2264,0.999033,1.231517,0.0,1.0,0.75,0.25,0,2.14,3.22,2.52,models/windowed_cnn_grid/8bit_a0.005/windowed_cnn_best.pt@e257e675d5b9
matrix-20260918-025538-98a873,0.005,8,LL,0860,49.1003,0.99954,0.799927,0.0,1.0,0.5,0.5,0,2.18,3.25,2.53,models/windowed_cnn_grid/8bit_a0.005/windowed_cnn_best.pt@e257e675d5b9
matrix-20260918-025538-98a873,0.005,8,LL,0861,50.3503,0.998809,0.599859,0.0,1.0,0.75,0.25,0,2.15,3.3,2.56,models/windowed_cnn_grid/8bit_a0.005/windowed_cnn_best.pt@e257e675d5b9
matrix-20260918-025538-98a873,0.005,8,LL,0862,47.2506,0.997729,1.224665,0.0,1.0,0.375,0.625,0,2.14,3.27,2.62,models/windowed_cnn_grid/8bit_a0.005/windowed_cnn_best.pt@e257e675d5b9
matrix-20260918-025538-98a873,0.005,8,LL,0863,48.4988,0.998829,0.918757,0.0,1.0,0.5,0.5,0,2.14,3.2,2.53,models/windowed_cnn_grid/8bit_a0.005/windowed_cnn_best.pt@e257e675d5b9
matrix-20260918-025538-98a873,0.005,8,LL,0864,50.6495,0.999216,0.559931,0.0,1.0,0.75,0.25,0,2.15,3.22,2.51,models/windowed_cnn_grid/8bit_a0.005/windowed_cnn_best.pt@e257e675d5b9
matrix-20260918-025538-98a873,0.005,8,LL,0865,48.3942,0.999124,0.941152,0.0,1.0,0.75,0.25,0,2.13,3.31,2.53,models/windowed_cnn_grid/8bit_a0.005/windowed_cnn_best.pt@e257e675d5b9
matrix-20260918-025538-98a873,0.005,8,LL,0866,47.4128,0.999355,1.179769,0.0,1.0,0.25,0.75,0,2.2,3.23,2.54,models/windowed_cnn_grid/8bit_a0.005/windowed_cnn_best.pt@e257e675d5b9
matrix-20260918-025538-98a873,0.005,8,LL,0867,48.7526,0.999203,0.866603,0.0,1.0,0.625,0.375,0,2.14,3.3,2.56,models/windowed_cnn_grid/8bit_a0.005/windowed_cnn_best.pt@e257e675d5b9
matrix-20260918-025538-98a873,0.005,8,LL,0868,48.0987,0.999904,1.007421,0.0,1.0,0.375,0.625,0,2.18,3.18,2.51,models/windowed_cnn_grid/8bit_a0.005/windowed_cnn_best.pt@e257e675d5b9
matrix-20260918-025538-98a873,0.005,8,LL,0869,48.0141,0.998395,1.027232,0.0,1.0,0.75,0.25,0,2.15,3.22,2.5,models/windowed_cnn_grid/8bit_a0.005/windowed_cnn_best.pt@e257e675d5b9
matrix-20260918-025538-98a873,0.005,8,LL,0870,48.5207,0.999438,0.914144,0.0,1.0,0.625,0.375,0,2.16,3.34,2.54,models/windowed_cnn_grid/8bit_a0.005/windowed_cnn_best.pt@e257e675d5b9
matrix-20260918-025538-98a873,0.005,8,LL,0871,47.8927,0.999136,1.056356,0.0,1.0,0.625,0.375,0,2.12,3.24,2.56,models/windowed_cnn_grid/8bit_a0.005/windowed_cnn_best.pt@e257e675d5b9
matrix-20260918-025538-98a873,0.005,8,LL,0872,47.7696,0.999361,1.086726,0.0,1.0,0.5,0.5,0,2.17,3.34,2.64,models/windowed_cnn_grid/8bit_a0.005/windowed_cnn_best.pt@e257e675d5b9
matrix-20260918-025538-98a873,0.005,8,LL,0873,49.1779,0.998935,0.785762,0.0,1.0,0.25,0.75,0,2.23,3.26,2.57,models/windowed_cnn_grid/8bit_a0.005/windowed_cnn_best.pt@e257e675d5b9
matrix-20260918-025538-98a873,0.005,8,LL,0874,47.2124,0.998639,1.235494,0.0,1.0,0.375,0.625,0,2.13,3.3,2.55,models/windowed_cnn_grid/8bit_a0.005/windowed_cnn_best.pt@e257e675d5b9
matrix-20260918-025538-98a873,0.005,8,LL,0875,49.8459,0.999475,0.673742,0.0,1.0,0.625,0.375,0,2.16,3.26,2.57,models/windowed_cnn_grid/8bit_a0.005/windowed_cnn_best.pt@e257e675d5b9
matrix-20260918-025538-98a873,0.005,8,LL,0876,52.2507,0.998987,0.387268,0.0,1.0,0.5,0.5,0,2.18,3.41,2.53,models/windowed_cnn_grid/8bit_a0.005/windowed_cnn_best.pt@e257e675d5b9
matrix-20260918-025538-98a873,0.005,8,LL,0877,53.6185,0.998503,0.282639,0.125,0.875,0.75,0.25,0,2.2,3.3,2.57,models/windowed_cnn_grid/8bit_a0.005/windowed_cnn_best.pt@e257e675d5b9
matrix-20260918-025538-98a873,0.005,8,LL,0878,47.4607,0.999269,1.166829,0.0,1.0,0.625,0.375,0,2.18,3.27,2.56,models/windowed_cnn_grid/8bit_a0.005/windowed_cnn_best.pt@e257e675d5b9
matrix-20260918-025538-98a873,0.005,8,LL,0879,49.2951,0.997225,0.764847,0.0,1.0,0.625,0.375,0,2.15,3.26,2.53,models/windowed_cnn_grid/8bit_a0.005/windowed_cnn_best.pt@e257e675d5b9
matrix-20260918-025538-98a873,0.005,8,LL,0880,48.3134,0.9981,0.958832,0.0,1.0,0.375,0.625,0,2.15,3.27,2.52,models/windowed_cnn_grid/8bit_a0.005/windowed_cnn_best.pt@e257e675d5b9
matrix-20260918-025538-98a873,0.005,8,LL,0881,47.3057,0.998273,1.209234,0.0,1.0,0.375,0.625,0,2.19,3.23,2.5,models/windowed_cnn_grid/8bit_a0.005/windowed_cnn_best.pt@e257e675d5b9
matrix-20260918-025538-98a873,0.005,8,LL,0882,48.8081,0.998512,0.855596,0.0,1.0,0.625,0.375,0,2.14,3.34,2.54,models/windowed_cnn_grid/8bit_a0.005/windowed_cnn_best.pt@e257e675d5b9
matrix-20260918-025538-98a873,0.005,8,LL,0883,48.1053,0.998951,1.0059,0.0,1.0,0.875,0.125,0,2.19,3.25,2.53,models/windowed_cnn_grid/8bit_a0.005/windowed_cnn_best.pt@e257e675d5b9
matrix-20260918-025538-98a873,0.005,8,LL,0884,48.913,0.999243,0.835175,0.0,1.0,0.375,0.625,0,2.16,3.35,2.55,models/windowed_cnn_grid/8bit_a0.005/windowed_cnn_best.pt@e257e675d5b9
matrix-20260918-025538-98a873,0.005,8,LL,0885,49.8223,0.998404,0.677409,0.0,1.0,0.5,0.5,0,2.23,3.25,2.52,models/windowed_cnn_grid/8bit_a0.005/windowed_cnn_best.pt@e257e675d5b9
matrix-20260918-025538-98a873,0.005,8,LL,0886,49.0022,0.997427,0.818207,0.0,1.0,0.375,0.625,0,2.12,3.27,2.53,models/windowed_cnn_grid/8bit_a0.005/windowed_cnn_best.pt@e257e675d5b9
matrix-20260918-025538-98a873,0.005,8,LL,0887,48.1718,0.997789,0.990611,0.0,1.0,0.5,0.5,0,2.24,3.27,2.56,models/windowed_cnn_grid/8bit_a0.005/windowed_cnn_best.pt@e257e675d5b9
matrix-20260918-025538-98a873,0.005,8,LL,0888,48.3132,0.999177,0.958878,0.0,1.0,0.375,0.625,0,2.14,3.37,2.55,models/windowed_cnn_grid/8bit_a0.005/windowed_cnn_best.pt@e257e675d5b9
matrix-20260918-025538-98a873,0.005,8,LL,0889,48.318,0.999544,0.957804,0.0,1.0,0.625,0.375,0,2.16,3.26,2.54,models/windowed_cnn_grid/8bit_a0.005/windowed_cnn_best.pt@e257e675d5b9
matrix-20260918-025538-98a873,0.005,8,LL,0890,47.7302,0.99828,1.096619,0.0,1.0,0.75,0.25,0,2.12,3.29,2.54,models/windowed_cnn_grid/8bit_a0.005/windowed_cnn_best.pt@e257e675d5b9
matrix-20260918-025538-98a873,0.005,8,LL,0891,47.7832,0.999094,1.083338,0.0,1.0,0.5,0.5,0,2.24,3.28,2.52,models/windowed_cnn_grid/8bit_a0.005/windowed_cnn_best.pt@e257e675d5b9
matrix-20260918-025538-98a873,0.005,8,LL,0892,47.8625,0.999582,1.063736,0.0,1.0,0.5,0.5,0,2.17,3.37,2.61,models/windowed_cnn_grid/8bit_a0.005/windowed_cnn_best.pt@e257e675d5b9
matrix-20260918-025538-98a873,0.005,8,LL,0893,50.3604,0.998314,0.59847,0.0,1.0,0.5,0.5,0,2.2,3.25,2.57,models/windowed_cnn_grid/8bit_a0.005/windowed_cnn_best.pt@e257e675d5b9
matrix-20260918-025538-98a873,0.005,8,LL,0894,47.4059,0.998637,1.181666,0.0,1.0,0.25,0.75,0,2.15,3.37,2.61,models/windowed_cnn_grid/8bit_a0.005/windowed_cnn_best.pt@e257e675d5b9
matrix-20260918-025538-98a873,0.005,8,LL,0895,48.7051,0.9991,0.876124,0.0,1.0,0.5,0.5,0,2.17,3.26,2.55,models/windowed_cnn_grid/8bit_a0.005/windowed_cnn_best.pt@e257e675d5b9
matrix-20260918-025538-98a873,0.005,8,LL,0896,46.7607,0.996688,1.370916,0.0,1.0,0.5,0.5,0,2.15,3.25,2.51,models/windowed_cnn_grid/8bit_a0.005/windowed_cnn_best.pt@e257e675d5b9
matrix-20260918-025538-98a873,0.005,8,LL,0897,50.0455,0.999771,0.643468,0.0,1.0,0.5,0.5,0,2.19,3.33,2.53,models/windowed_cnn_grid/8bit_a0.005/windowed_cnn_best.pt@e257e675d5b9
matrix-20260918-025538-98a873,0.005,8,LL,0898,46.7642,0.996646,1.369822,0.0,1.0,0.5,0.5,0,2.13,3.36,2.71,models/windowed_cnn_grid/8bit_a0.005/windowed_cnn_best.pt@e257e675d5b9
matrix-20260918-025538-98a873,0.005,8,LL,0899,50.2366,0.998462,0.615768,0.0,1.0,0.625,0.375,0,2.18,3.41,2.65,models/windowed_cnn_grid/8bit_a0.005/windowed_cnn_best.pt@e257e675d5b9
matrix-20260918-025538-98a873,0.005,8,LL,0900,50.9069,0.997952,0.52771,0.0,1.0,0.5,0.5,0,2.19,3.31,2.59,models/windowed_cnn_grid/8bit_a0.005/windowed_cnn_best.pt@e257e675d5b9
matrix-20260918-025538-98a873,0.005,16,LL,0801,48.0498,0.999357,1.018819,0.0,1.0,0.5625,0.4375,0,2.25,3.29,3.27,models/windowed_cnn_grid/16bit_a0.005/windowed_cnn_best.pt@78c5d254bc88
matrix-20260918-025538-98a873,0.005,16,LL,0802,49.2341,0.998149,0.775655,0.0,1.0,0.375,0.625,0,2.16,3.27,3.14,models/windowed_cnn_grid/16bit_a0.005/windowed_cnn_best.pt@78c5d254bc88
matrix-20260918-025538-98a873,0.005,16,LL,0803,47.4636,0.998226,1.166066,0.0,1.0,0.375,0.625,0,2.14,3.2,3.2,models/windowed_cnn_grid/16bit_a0.005/windowed_cnn_best.pt@78c5d254bc88
matrix-20260918-025538-98a873,0.005,16,LL,0804,47.7243,0.999223,1.098129,0.0,1.0,0.1875,0.8125,0,2.23,3.23,3.18,models/windowed_cnn_grid/16bit_a0.005/windowed_cnn_best.pt@78c5d254bc88
matrix-20260918-025538-98a873,0.005,16,LL,0805,47.5255,0.999125,1.149567,0.0,1.0,0.5,0.5,0,2.18,3.3,3.16,models/windowed_cnn_grid/16bit_a0.005/windowed_cnn_best.pt@78c5d254bc88
matrix-20260918-025538-98a873,0.005,16,LL,0806,48.3967,0.996829,0.940608,0.0,1.0,0.4375,0.5625,0,2.15,3.21,3.27,models/windowed_cnn_grid/16bit_a0.005/windowed_cnn_best.pt@78c5d254bc88
matrix-20260918-025538-98a873,0.005,16,LL,0807,49.2824,0.998394,0.767085,0.0,1.0,0.5,0.5,0,2.18,3.36,3.2,models/windowed_cnn_grid/16bit_a0.005/windowed_cnn_best.pt@78c5d254bc88
matrix-20260918-025538-98a873,0.005,16,LL,0808,49.8177,0.997328,0.678126,0.0,1.0,0.25,0.75,0,2.15,3.25,3.17,models/windowed_cnn_grid/16bit_a0.005/windowed_cnn_best.pt@78c5d254bc88
matrix-20260918-025538-98a873,0.005,16,LL,0809,47.9379,0.999006,1.045431,0.0,1.0,0.3125,0.6875,0,2.18,3.36,3.12,models/windowed_cnn_grid/16bit_a0.005/windowed_cnn_best.pt@78c5d254bc88
matrix-20260918-025538-98a873,0.005,16,LL,0810,47.9342,0.99842,1.04631,0.0,1.0,0.375,0.625,0,2.19,3.24,3.14,models/windowed_cnn_grid/16bit_a0.005/windowed_cnn_best.pt@78c5d254bc88
matrix-20260918-025538-98a873,0.005,16,LL,0811,50.1815,0.998464,0.623637,0.0,1.0,0.5625,0.4375,0,2.22,3.27,3.24,models/windowed_cnn_grid/16bit_a0.005/windowed_cnn_best.pt@78c5d254bc88
matrix-20260918-025538-98a873,0.005,16,LL,0812,48.6208,0.998329,0.893316,0.0,1.0,0.25,0.75,0,2.19,3.3,3.17,models/windowed_cnn_grid/16bit_a0.005/windowed_cnn_best.pt@78c5d254bc88
matrix-20260918-025538-98a873,0.005,16,LL,0813,48.66,0.998788,0.885274,0.0,1.0,0.5625,0.4375,0,2.2,3.37,3.25,models/windowed_cnn_grid/16bit_a0.005/windowed_cnn_best.pt@78c5d254bc88
matrix-20260918-025538-98a873,0.005,16,LL,0814,51.4928,0.998374,0.461105,0.125,0.875,0.5625,0.4375,0,2.18,3.21,3.1,models/windowed_cnn_grid/16bit_a0.005/windowed_cnn_best.pt@78c5d254bc88
matrix-20260918-025538-98a873,0.005,16,LL,0815,49.3239,0.998951,0.759791,0.0,1.0,0.3125,0.6875,0,2.17,3.27,3.2,models/windowed_cnn_grid/16bit_a0.005/windowed_cnn_best.pt@78c5d254bc88
matrix-20260918-025538-98a873,0.005,16,LL,0816,47.9844,0.998577,1.034281,0.0,1.0,0.5625,0.4375,0,2.21,3.26,3.19,models/windowed_cnn_grid/16bit_a0.005/windowed_cnn_best.pt@78c5d254bc88
matrix-20260918-025538-98a873,0.005,16,LL,0817,48.0907,0.998607,1.009282,0.0,1.0,0.4375,0.5625,0,2.19,3.39,3.15,models/windowed_cnn_grid/16bit_a0.005/windowed_cnn_best.pt@78c5d254bc88
matrix-20260918-025538-98a873,0.005,16,LL,0818,47.7033,0.998052,1.103455,0.0,1.0,0.5,0.5,0,2.23,3.29,3.1,models/windowed_cnn_grid/16bit_a0.005/windowed_cnn_best.pt@78c5d254bc88
matrix-20260918-025538-98a873,0.005,16,LL,0819,48.3249,0.999013,0.956284,0.0,1.0,0.3125,0.6875,0,2.15,3.24,3.07,models/windowed_cnn_grid/16bit_a0.005/windowed_cnn_best.pt@78c5d254bc88
matrix-20260918-025538-98a873,0.005,16,LL,0820,48.3698,0.999335,0.946457,0.0,1.0,0.5,0.5,0,2.21,3.29,3.18,models/windowed_cnn_grid/16bit_a0.005/windowed_cnn_best.pt@78c5d254bc88
matrix-20260918-025538-98a873,0.005,16,LL,0821,49.0572,0.999375,0.807912,0.125,0.875,0.3125,0.6875,0,2.14,3.28,3.17,models/windowed_cnn_grid/16bit_a0.005/windowed_cnn_best.pt@78c5d254bc88
matrix-20260918-025538-98a873,0.005,16,LL,0822,50.3957,0.999344,0.593618,0.0,1.0,0.5,0.5,0,2.16,3.32,3.14,models/windowed_cnn_grid/16bit_a0.005/windowed_cnn_best.pt@78c5d254bc88
matrix-20260918-025538-98a873,0.005,16,LL,0823,47.5454,0.996003,1.144307,0.0,1.0,0.1875,0.8125,0,2.14,3.26,3.08,models/windowed_cnn_grid/16bit_a0.005/windowed_cnn_best.pt@78c5d254bc88
matrix-20260918-025538-98a873,0.005,16,LL,0824,48.7175,0.998878,0.873632,0.0,1.0,0.5625,0.4375,0,2.18,3.32,3.16,models/windowed_cnn_grid/16bit_a0.005/windowed_cnn_best.pt@78c5d254bc88
matrix-20260918-025538-98a873,0.005,16,LL,0825,47.958,0.999215,1.040583,0.0,1.0,0.375,0.625,0,2.22,3.26,3.1,models/windowed_cnn_grid/16bit_a0.005/windowed_cnn_best.pt@78c5d254bc88
matrix-20260918-025538-98a873,0.005,16,LL,0826,48.4216,0.998351,0.935226,0.0,1.0,0.4375,0.5625,0,2.15,3.28,3.12,models/windowed_cnn_grid/16bit_a0.005/windowed_cnn_best.pt@78c5d254bc88
matrix-20260918-025538-98a873,0.005,16,LL,0827,52.9653,0.99776,0.328512,0.0625,0.9375,0.3125,0.6875,0,2.18,3.21,3.03,models/windowed_cnn_grid/16bit_a0.005/windowed_cnn_best.pt@78c5d254bc88
matrix-20260918-025538-98a873,0.005,16,LL,0828,52.8209,0.99894,0.339615,0.0,1.0,0.3125,0.6875,0,2.23,3.33,3.16,models/windowed_cnn_grid/16bit_a0.005/windowed_cnn_best.pt@78c5d254bc88
matrix-20260918-025538-98a873,0.005,16,LL,0829,48.8172,0.99751,0.853811,0.0,1.0,0.5,0.5,0,2.16,3.33,3.12,models/windowed_cnn_grid/16bit_a0.005/windowed_cnn_best.pt@78c5d254bc88
matrix-20260918-025538-98a873,0.005,16,LL,0830,47.5343,0.997712,1.147217,0.0,1.0,0.625,0.375,0,2.16,3.31,3.11,models/windowed_cnn_grid/16bit_a0.005/windowed_cnn_best.pt@78c5d254bc88
matrix-20260918-025538-98a873,0.005,16,LL,0831,49.7923,0.998951,0.682098,0.0,1.0,0.5,0.5,0,2.17,3.24,3.55,models/windowed_cnn_grid/16bit_a0.005/windowed_cnn_best.pt@78c5d254bc88
matrix-20260918-025538-98a873,0.005,16,LL,0832,49.2188,0.998871,0.778402,0.0,1.0,0.375,0.625,0,2.3,3.36,3.69,models/windowed_cnn_grid/16bit_a0.005/windowed_cnn_best.pt@78c5d254bc88
matrix-20260918-025538-98a873,0.005,16,LL,0833,47.8203,0.999493,1.074107,0.0,1.0,0.3125,0.6875,0,2.27,3.23,3.27,models/windowed_cnn_grid/16bit_a0.005/windowed_cnn_best.pt@78c5d254bc88
matrix-20260918-025538-98a873,0.005,16,LL,0834,48.3642,0.998543,0.947678,0.0,1.0,0.5625,0.4375,0,2.39,3.37,3.25,models/windowed_cnn_grid/16bit_a0.005/windowed_cnn_best.pt@78c5d254bc88
matrix-20260918-025538-98a873,0.005,16,LL,0835,49.2994,0.999056,0.764084,0.0,1.0,0.375,0.625,0,2.23,3.29,3.13,models/windowed_cnn_grid/16bit_a0.005/windowed_cnn_best.pt@78c5d254bc88
matrix-20260918-025538-98a873,0.005,16,LL,0836,47.9115,0.999105,1.051788,0.0,1.0,0.375,0.625,0,2.22,3.28,3.15,models/windowed_cnn_grid/16bit_a0.005/windowed_cnn_best.pt@78c5d254bc88
matrix-20260918-025538-98a873,0.005,16,LL,0837,49.7754,0.999394,0.684759,0.0,1.0,0.4375,0.5625,0,2.21,3.33,3.17,models/windowed_cnn_grid/16bit_a0.005/windowed_cnn_best.pt@78c5d254bc88
matrix-20260918-025538-98a873,0.005,16,LL,0838,49.4543,0.997632,0.737305,0.0,1.0,0.3125,0.6875,0,2.16,3.27,3.19,models/windowed_cnn_grid/16bit_a0.005/windowed_cnn_best.pt@78c5d254bc88
matrix-20260918-025538-98a873,0.005,16,LL,0839,51.1364,0.991391,0.500539,0.0,1.0,0.3125,0.6875,0,2.13,3.19,3.17,models/windowed_cnn_grid/16bit_a0.005/windowed_cnn_best.pt@78c5d254bc88
matrix-20260918-025538-98a873,0.005,16,LL,0840,50.6093,0.999367,0.56513,0.0,1.0,0.625,0.375,0,2.24,3.4,3.11,models/windowed_cnn_grid/16bit_a0.005/windowed_cnn_best.pt@78c5d254bc88
matrix-20260918-025538-98a873,0.005,16,LL,0841,50.7709,0.998101,0.54449,0.0,1.0,0.375,0.625,0,2.14,3.37,3.15,models/windowed_cnn_grid/16bit_a0.005/windowed_cnn_best.pt@78c5d254bc88
matrix-20260918-025538-98a873,0.005,16,LL,0842,47.6734,0.998907,1.111059,0.0,1.0,0.75,0.25,0,2.18,3.26,3.16,models/windowed_cnn_grid/16bit_a0.005/windowed_cnn_best.pt@78c5d254bc88
matrix-20260918-025538-98a873,0.005,16,LL,0843,56.2164,0.999844,0.155396,0.0,1.0,0.3125,0.6875,0,1.81,2.61,2.85,models/windowed_cnn_grid/16bit_a0.005/windowed_cnn_best.pt@78c5d254bc88
matrix-20260918-025538-98a873,0.005,16,LL,0844,47.2134,0.997431,1.235204,0.0,1.0,0.3125,0.6875,0,2.16,3.28,3.11,models/windowed_cnn_grid/16bit_a0.005/windowed_cnn_best.pt@78c5d254bc88
matrix-20260918-025538-98a873,0.005,16,LL,0845,48.72,0.999202,0.873133,0.0,1.0,0.5625,0.4375,0,2.15,3.33,3.11,models/windowed_cnn_grid/16bit_a0.005/windowed_cnn_best.pt@78c5d254bc88
matrix-20260918-025538-98a873,0.005,16,LL,0846,49.3913,0.99933,0.748077,0.0,1.0,0.25,0.75,0,2.21,3.3,3.08,models/windowed_cnn_grid/16bit_a0.005/windowed_cnn_best.pt@78c5d254bc88
matrix-20260918-025538-98a873,0.005,16,LL,0847,48.5128,0.998967,0.915807,0.125,0.875,0.4375,0.5625,0,2.19,3.28,3.11,models/windowed_cnn_grid/16bit_a0.005/windowed_cnn_best.pt@78c5d254bc88
matrix-20260918-025538-98a873,0.005,16,LL,0848,48.6493,0.998185,0.887461,0.0,1.0,0.5,0.5,0,2.17,3.4,3.22,models/windowed_cnn_grid/16bit_a0.005/windowed_cnn_best.pt@78c5d254bc88
matrix-20260918-025538-98a873,0.005,16,LL,0849,48.8212,0.999572,0.853022,0.0,1.0,0.4375,0.5625,0,2.19,3.29,3.13,models/windowed_cnn_grid/16bit_a0.005/windowed_cnn_best.pt@78c5d254bc88
matrix-20260918-025538-98a873,0.005,16,LL,0850,48.6895,0.998707,0.879293,0.0,1.0,0.375,0.625,0,2.17,3.26,3.08,models/windowed_cnn_grid/16bit_a0.005/windowed_cnn_best.pt@78c5d254bc88
matrix-20260918-025538-98a873,0.005,16,LL,0851,50.8264,0.994681,0.537582,0.0,1.0,0.3125,0.6875,0,2.22,3.28,3.14,models/windowed_cnn_grid/16bit_a0.005/windowed_cnn_best.pt@78c5d254bc88
matrix-20260918-025538-98a873,0.005,16,LL,0852,53.5243,0.997377,0.288834,0.4375,0.5625,0.75,0.25,0,2.18,3.34,3.07,models/windowed_cnn_grid/16bit_a0.005/windowed_cnn_best.pt@78c5d254bc88
matrix-20260918-025538-98a873,0.005,16,LL,0853,49.9413,0.996909,0.659098,0.0,1.0,0.625,0.375,0,2.13,3.22,3.2,models/windowed_cnn_grid/16bit_a0.005/windowed_cnn_best.pt@78c5d254bc88
matrix-20260918-025538-98a873,0.005,16,LL,0854,47.6124,0.99875,1.12679,0.0,1.0,0.5625,0.4375,0,2.18,3.26,3.12,models/windowed_cnn_grid/16bit_a0.005/windowed_cnn_best.pt@78c5d254bc88
matrix-20260918-025538-98a873,0.005,16,LL,0855,48.2391,0.998516,0.975377,0.0,1.0,0.375,0.625,0,2.18,3.31,3.13,models/windowed_cnn_grid/16bit_a0.005/windowed_cnn_best.pt@78c5d254bc88
matrix-20260918-025538-98a873,0.005,16,LL,0856,52.1605,0.998496,0.395396,0.0,1.0,0.6875,0.3125,0,2.19,3.3,3.13,models/windowed_cnn_grid/16bit_a0.005/windowed_cnn_best.pt@78c5d254bc88
matrix-20260918-025538-98a873,0.005,16,LL,0857,47.8464,0.997732,1.067688,0.0,1.0,0.5625,0.4375,0,2.21,3.25,3.07,models/windowed_cnn_grid/16bit_a0.005/windowed_cnn_best.pt@78c5d254bc88
matrix-20260918-025538-98a873,0.005,16,LL,0858,51.0839,0.998143,0.506632,0.0,1.0,0.6875,0.3125,0,2.15,3.34,3.17,models/windowed_cnn_grid/16bit_a0.005/windowed_cnn_best.pt@78c5d254bc88
matrix-20260918-025538-98a873,0.005,16,LL,0859,47.4604,0.998987,1.166921,0.0,1.0,0.3125,0.6875,0,2.19,3.29,3.29,models/windowed_cnn_grid/16bit_a0.005/windowed_cnn_best.pt@78c5d254bc88
matrix-20260918-025538-98a873,0.005,16,LL,0860,49.0359,0.999454,0.811885,0.0,1.0,0.625,0.375,0,2.18,3.36,3.06,models/windowed_cnn_grid/16bit_a0.005/windowed_cnn_best.pt@78c5d254bc88
matrix-20260918-025538-98a873,0.005,16,LL,0861,50.3065,0.998745,0.605942,0.0,1.0,0.5,0.5,0,2.21,3.25,3.11,models/windowed_cnn_grid/16bit_a0.005/windowed_cnn_best.pt@78c5d254bc88
matrix-20260918-025538-98a873,0.005,16,LL,0862,47.484,0.997742,1.160599,0.0,1.0,0.5625,0.4375,0,2.16,3.26,3.12,models/windowed_cnn_grid/16bit_a0.005/windowed_cnn_best.pt@78c5d254bc88
matrix-20260918-025538-98a873,0.005,16,LL,0863,47.8651,0.998647,1.06309,0.0,1.0,0.375,0.625,0,2.24,3.27,3.12,models/windowed_cnn_grid/16bit_a0.005/windowed_cnn_best.pt@78c5d254bc88
matrix-20260918-025538-98a873,0.005,16,LL,0864,50.4886,0.999152,0.58106,0.0,1.0,0.3125,0.6875,0,2.14,3.31,3.16,models/windowed_cnn_grid/16bit_a0.005/windowed_cnn_best.pt@78c5d254bc88
matrix-20260918-025538-98a873,0.005,16,LL,0865,48.4286,0.999042,0.933736,0.0,1.0,0.6875,0.3125,0,2.13,3.58,3.31,models/windowed_cnn_grid/16bit_a0.005/windowed_cnn_best.pt@78c5d254bc88
matrix-20260918-025538-98a873,0.005,16,LL,0866,47.5363,0.999354,1.146713,0.0,1.0,0.25,0.75,0,2.21,3.27,3.24,models/windowed_cnn_grid/16bit_a0.005/windowed_cnn_best.pt@78c5d254bc88
matrix-20260918-025538-98a873,0.005,16,LL,0867,48.5575,0.999192,0.906418,0.0,1.0,0.3125,0.6875,0,2.19,3.28,3.13,models/windowed_cnn_grid/16bit_a0.005/windowed_cnn_best.pt@78c5d254bc88
matrix-20260918-025538-98a873,0.005,16,LL,0868,48.0953,0.99989,1.008204,0.0,1.0,0.5,0.5,0,2.11,3.17,3.09,models/windowed_cnn_grid/16bit_a0.005/windowed_cnn_best.pt@78c5d254bc88
matrix-20260918-025538-98a873,0.005,16,LL,0869,48.446,0.998411,0.930003,0.0,1.0,0.5,0.5,0,2.15,3.25,3.09,models/windowed_cnn_grid/16bit_a0.005/windowed_cnn_best.pt@78c5d254bc88
matrix-20260918-025538-98a873,0.005,16,LL,0870,48.5808,0.999429,0.901571,0.0,1.0,0.4375,0.5625,0,2.17,3.28,3.16,models/windowed_cnn_grid/16bit_a0.005/windowed_cnn_best.pt@78c5d254bc88
matrix-20260918-025538-98a873,0.005,16,LL,0871,47.9355,0.999084,1.046,0.0,1.0,0.25,0.75,0,2.24,3.38,3.17,models/windowed_cnn_grid/16bit_a0.005/windowed_cnn_best.pt@78c5d254bc88
matrix-20260918-025538-98a873,0.005,16,LL,0872,47.9816,0.999351,1.034953,0.0,1.0,0.25,0.75,0,2.15,3.27,3.16,models/windowed_cnn_grid/16bit_a0.005/windowed_cnn_best.pt@78c5d254bc88
matrix-20260918-025538-98a873,0.005,16,LL,0873,49.0669,0.998915,0.806107,0.125,0.875,0.375,0.625,0,2.16,3.38,3.2,models/windowed_cnn_grid/16bit_a0.005/windowed_cnn_best.pt@78c5d254bc88
matrix-20260918-025538-98a873,0.005,16,LL,0874,47.2941,0.998608,1.212468,0.0,1.0,0.5625,0.4375,0,2.21,3.3,3.13,models/windowed_cnn_grid/16bit_a0.005/windowed_cnn_best.pt@78c5d254bc88
matrix-20260918-025538-98a873,0.005,16,LL,0875,49.5945,0.999466,0.713882,0.0,1.0,0.25,0.75,0,2.19,3.44,3.19,models/windowed_cnn_grid/16bit_a0.005/windowed_cnn_best.pt@78c5d254bc88
matrix-20260918-025538-98a873,0.005,16,LL,0876,51.9637,0.998893,0.413727,0.0,1.0,0.5,0.5,0,2.24,3.3,3.13,models/windowed_cnn_grid/16bit_a0.005/windowed_cnn_best.pt@78c5d254bc88
matrix-20260918-025538-98a873,0.005,16,LL,0877,53.6222,0.998409,0.282394,0.0,1.0,0.375,0.625,0,2.19,3.28,3.11,models/windowed_cnn_grid/16bit_a0.005/windowed_cnn_best.pt@78c5d254bc88
matrix-20260918-025538-98a873,0.005,16,LL,0878,47.5022,0.999226,1.155731,0.0,1.0,0.625,0.375,0,2.18,3.32,3.13,models/windowed_cnn_grid/16bit_a0.005/windowed_cnn_best.pt@78c5d254bc88
matrix-20260918-025538-98a873,0.005,16,LL,0879,48.8986,0.99711,0.837957,0.0,1.0,0.625,0.375,0,2.15,3.22,3.09,models/windowed_cnn_grid/16bit_a0.005/windowed_cnn_best.pt@78c5d254bc88
matrix-20260918-025538-98a873,0.005,16,LL,0880,48.5342,0.998095,0.91129,0.0,1.0,0.4375,0.5625,0,2.16,3.25,3.08,models/windowed_cnn_grid/16bit_a0.005/windowed_cnn_best.pt@78c5d254bc88
matrix-20260918-025538-98a873,0.005,16,LL,0881,47.2482,0.998192,1.225357,0.0,1.0,0.5,0.5,0,2.15,3.23,3.1,models/windowed_cnn_grid/16bit_a0.005/windowed_cnn_best.pt@78c5d254bc88
matrix-20260918-025538-98a873,0.005,16,LL,0882,48.8405,0.998493,0.849248,0.0,1.0,0.3125,0.6875,0,2.18,3.33,3.16,models/windowed_cnn_grid/16bit_a0.005/windowed_cnn_best.pt@78c5d254bc88
matrix-20260918-025538-98a873,0.005,16,LL,0883,48.1646,0.998889,0.992259,0.0,1.0,0.25,0.75,0,2.17,3.38,3.09,models/windowed_cnn_grid/16bit_a0.005/windowed_cnn_best.pt@78c5d254bc88
matrix-20260918-025538-98a873,0.005,16,LL,0884,48.9579,0.999156,0.826599,0.0,1.0,0.375,0.625,0,2.22,3.29,3.07,models/windowed_cnn_grid/16bit_a0.005/windowed_cnn_best.pt@78c5d254bc88
matrix-20260918-025538-98a873,0.005,16,LL,0885,49.8004,0.998467,0.680827,0.0,1.0,0.3125,0.6875,0,2.14,3.41,3.21,models/windowed_cnn_grid/16bit_a0.005/windowed_cnn_best.pt@78c5d254bc88
matrix-20260918-025538-98a873,0.005,16,LL,0886,49.0271,0.9977,0.813527,0.0,1.0,0.6875,0.3125,0,2.2,3.28,3.11,models/windowed_cnn_grid/16bit_a0.005/windowed_cnn_best.pt@78c5d254bc88
matrix-20260918-025538-98a873,0.005,16,LL,0887,48.1833,0.997772,0.987981,0.0,1.0,0.4375,0.5625,0,2.17,3.26,3.1,models/windowed_cnn_grid/16bit_a0.005/windowed_cnn_best.pt@78c5d254bc88
matrix-20260918-025538-98a873,0.005,16,LL,0888,48.5316,0.999163,0.91185,0.125,0.875,0.375,0.625,0,2.22,3.26,3.19,models/windowed_cnn_grid/16bit_a0.005/windowed_cnn_best.pt@78c5d254bc88
matrix-20260918-025538-98a873,0.005,16,LL,0889,48.1303,0.999541,1.000117,0.0,1.0,0.5625,0.4375,0,2.15,3.37,3.19,models/windowed_cnn_grid/16bit_a0.005/windowed_cnn_best.pt@78c5d254bc88
matrix-20260918-025538-98a873,0.005,16,LL,0890,47.822,0.99834,1.0737,0.0,1.0,0.5,0.5,0,2.18,3.24,3.11,models/windowed_cnn_grid/16bit_a0.005/windowed_cnn_best.pt@78c5d254bc88
matrix-20260918-025538-98a873,0.005,16,LL,0891,47.8855,0.999122,1.058121,0.0,1.0,0.4375,0.5625,0,2.15,3.24,3.11,models/windowed_cnn_grid/16bit_a0.005/windowed_cnn_best.pt@78c5d254bc88
matrix-20260918-025538-98a873,0.005,16,LL,0892,47.8853,0.999554,1.058156,0.0,1.0,0.375,0.625,0,2.26,3.32,3.17,models/windowed_cnn_grid/16bit_a0.005/windowed_cnn_best.pt@78c5d254bc88
matrix-20260918-025538-98a873,0.005,16,LL,0893,50.5042,0.998215,0.578979,0.0,1.0,0.375,0.625,0,2.13,3.34,3.18,models/windowed_cnn_grid/16bit_a0.005/windowed_cnn_best.pt@78c5d254bc88
matrix-20260918-025538-98a873,0.005,16,LL,0894,47.353,0.998432,1.196142,0.0,1.0,0.4375,0.5625,0,2.23,3.27,3.15,models/windowed_cnn_grid/16bit_a0.005/windowed_cnn_best.pt@78c5d254bc88
matrix-20260918-025538-98a873,0.005,16,LL,0895,48.8681,0.999016,0.843857,0.0,1.0,0.1875,0.8125,0,2.19,3.38,3.19,models/windowed_cnn_grid/16bit_a0.005/windowed_cnn_best.pt@78c5d254bc88
matrix-20260918-025538-98a873,0.005,16,LL,0896,46.6755,0.996431,1.398066,0.0,1.0,0.5,0.5,0,2.16,3.23,3.1,models/windowed_cnn_grid/16bit_a0.005/windowed_cnn_best.pt@78c5d254bc88
matrix-20260918-025538-98a873,0.005,16,LL,0897,49.7006,0.999756,0.696655,0.0,1.0,0.25,0.75,0,2.21,3.41,3.16,models/windowed_cnn_grid/16bit_a0.005/windowed_cnn_best.pt@78c5d254bc88
matrix-20260918-025538-98a873,0.005,16,LL,0898,46.8248,0.996545,1.35084,0.0,1.0,0.375,0.625,0,2.14,3.26,3.12,models/windowed_cnn_grid/16bit_a0.005/windowed_cnn_best.pt@78c5d254bc88
matrix-20260918-025538-98a873,0.005,16,LL,0899,50.0655,0.998409,0.640518,0.0,1.0,0.1875,0.8125,0,2.18,3.29,3.16,models/windowed_cnn_grid/16bit_a0.005/windowed_cnn_best.pt@78c5d254bc88
matrix-20260918-025538-98a873,0.005,16,LL,0900,50.7365,0.997572,0.548823,0.0,1.0,0.3125,0.6875,0,2.17,3.3,3.16,models/windowed_cnn_grid/16bit_a0.005/windowed_cnn_best.pt@78c5d254bc88
matrix-20260918-025538-98a873,0.005,32,LL,0801,48.0655,0.999347,1.015147,0.0,1.0,0.34375,0.65625,0,2.19,3.31,3.61,models/windowed_cnn_grid/32bit_a0.005/windowed_cnn_best.pt@1c3ef3c96e36
matrix-20260918-025538-98a873,0.005,32,LL,0802,49.1711,0.997705,0.786987,0.0,1.0,0.40625,0.59375,0,2.2,3.24,3.52,models/windowed_cnn_grid/32bit_a0.005/windowed_cnn_best.pt@1c3ef3c96e36
matrix-20260918-025538-98a873,0.005,32,LL,0803,47.4323,0.998181,1.1745,0.0,1.0,0.34375,0.65625,0,2.16,3.23,3.48,models/windowed_cnn_grid/32bit_a0.005/windowed_cnn_best.pt@1c3ef3c96e36
matrix-20260918-025538-98a873,0.005,32,LL,0804,47.8151,0.999201,1.075389,0.0,1.0,0.28125,0.71875,0,2.17,3.27,3.64,models/windowed_cnn_grid/32bit_a0.005/windowed_cnn_best.pt@1c3ef3c96e36
matrix-20260918-025538-98a873,0.005,32,LL,0805,47.579,0.998999,1.135493,0.0,1.0,0.40625,0.59375,0,2.17,3.24,3.52,models/windowed_cnn_grid/32bit_a0.005/windowed_cnn_best.pt@1c3ef3c96e36
matrix-20260918-025538-98a873,0.005,32,LL,0806,48.3756,0.996905,0.94519,0.0,1.0,0.375,0.625,0,2.17,3.27,3.56,models/windowed_cnn_grid/32bit_a0.005/windowed_cnn_best.pt@1c3ef3c96e36
matrix-20260918-025538-98a873,0.005,32,LL,0807,49.3017,0.998351,0.763672,0.0,1.0,0.4375,0.5625,0,2.17,3.33,3.52,models/windowed_cnn_grid/32bit_a0.005/windowed_cnn_best.pt@1c3ef3c96e36
matrix-20260918-025538-98a873,0.005,32,LL,0808,49.706,0.997075,0.695796,0.0,1.0,0.5625,0.4375,0,2.14,3.23,3.57,models/windowed_cnn_grid/32bit_a0.005/windowed_cnn_best.pt@1c3ef3c96e36
matrix-20260918-025538-98a873,0.005,32,LL,0809,48.0141,0.998975,1.027232,0.0,1.0,0.4375,0.5625,0,2.19,3.28,3.6,models/windowed_cnn_grid/32bit_a0.005/windowed_cnn_best.pt@1c3ef3c96e36
matrix-20260918-025538-98a873,0.005,32,LL,0810,47.9476,0.998439,1.043076,0.0,1.0,0.4375,0.5625,0,2.17,3.28,3.56,models/windowed_cnn_grid/32bit_a0.005/windowed_cnn_best.pt@1c3ef3c96e36
matrix-20260918-025538-98a873,0.005,32,LL,0811,50.1352,0.998272,0.630315,0.0,1.0,0.5,0.5,0,2.18,3.32,3.53,models/windowed_cnn_grid/32bit_a0.005/windowed_cnn_best.pt@1c3ef3c96e36
matrix-20260918-025538-98a873,0.005,32,LL,0812,48.1332,0.99827,0.999446,0.0,1.0,0.375,0.625,0,2.15,3.27,3.56,models/windowed_cnn_grid/32bit_a0.005/windowed_cnn_best.pt@1c3ef3c96e36
matrix-20260918-025538-98a873,0.005,32,LL,0813,48.7454,0.998595,0.868032,0.0,1.0,0.34375,0.65625,0,2.17,3.2,3.59,models/windowed_cnn_grid/32bit_a0.005/windowed_cnn_best.pt@1c3ef3c96e36
matrix-20260918-025538-98a873,0.005,32,LL,0814,51.4989,0.998389,0.460454,0.0625,0.9375,0.28125,0.71875,0,2.13,3.25,3.53,models/windowed_cnn_grid/32bit_a0.005/windowed_cnn_best.pt@1c3ef3c96e36
matrix-20260918-025538-98a873,0.005,32,LL,0815,49.6117,0.999004,0.711075,0.0,1.0,0.40625,0.59375,0,2.15,3.27,3.52,models/windowed_cnn_grid/32bit_a0.005/windowed_cnn_best.pt@1c3ef3c96e36
matrix-20260918-025538-98a873,0.005,32,LL,0816,47.9142,0.998541,1.051142,0.0,1.0,0.46875,0.53125,0,2.16,3.26,3.58,models/windowed_cnn_grid/32bit_a0.005/windowed_cnn_best.pt@1c3ef3c96e36
matrix-20260918-025538-98a873,0.005,32,LL,0817,48.1301,0.998573,1.000168,0.0,1.0,0.40625,0.59375,0,2.16,3.28,3.53,models/windowed_cnn_grid/32bit_a0.005/windowed_cnn_best.pt@1c3ef3c96e36
matrix-20260918-025538-98a873,0.005,32,LL,0818,47.6973,0.998218,1.104965,0.0625,0.9375,0.3125,0.6875,0,2.21,3.25,3.57,models/windowed_cnn_grid/32bit_a0.005/windowed_cnn_best.pt@1c3ef3c96e36
matrix-20260918-025538-98a873,0.005,32,LL,0819,48.4752,0.999012,0.923762,0.0,1.0,0.28125,0.71875,0,2.16,3.27,3.54,models/windowed_cnn_grid/32bit_a0.005/windowed_cnn_best.pt@1c3ef3c96e36
matrix-20260918-025538-98a873,0.005,32,LL,0820,48.3218,0.99935,0.956965,0.0,1.0,0.40625,0.59375,0,2.2,3.3,3.59,models/windowed_cnn_grid/32bit_a0.005/windowed_cnn_best.pt@1c3ef3c96e36
matrix-20260918-025538-98a873,0.005,32,LL,0821,49.0764,0.999345,0.804347,0.03125,0.96875,0.3125,0.6875,0,2.17,3.31,3.61,models/windowed_cnn_grid/32bit_a0.005/windowed_cnn_best.pt@1c3ef3c96e36
matrix-20260918-025538-98a873,0.005,32,LL,0822,50.186,0.999263,0.622991,0.03125,0.96875,0.40625,0.59375,0,2.17,3.32,3.58,models/windowed_cnn_grid/32bit_a0.005/windowed_cnn_best.pt@1c3ef3c96e36
matrix-20260918-025538-98a873,0.005,32,LL,0823,48.0662,0.997565,1.014979,0.0,1.0,0.59375,0.40625,0,2.15,3.24,3.53,models/windowed_cnn_grid/32bit_a0.005/windowed_cnn_best.pt@1c3ef3c96e36
matrix-20260918-025538-98a873,0.005,32,LL,0824,48.5346,0.998884,0.911224,0.0,1.0,0.25,0.75,0,2.16,3.27,3.57,models/windowed_cnn_grid/32bit_a0.005/windowed_cnn_best.pt@1c3ef3c96e36
matrix-20260918-025538-98a873,0.005,32,LL,0825,47.9505,0.999214,1.042399,0.0,1.0,0.46875,0.53125,0,2.16,3.28,3.51,models/windowed_cnn_grid/32bit_a0.005/windowed_cnn_best.pt@1c3ef3c96e36
matrix-20260918-025538-98a873,0.005,32,LL,0826,48.1662,0.99825,0.991887,0.0,1.0,0.5,0.5,0,2.18,3.31,3.6,models/windowed_cnn_grid/32bit_a0.005/windowed_cnn_best.pt@1c3ef3c96e36
matrix-20260918-025538-98a873,0.005,32,LL,0827,52.9243,0.997757,0.331624,0.0625,0.9375,0.28125,0.71875,0,2.15,3.28,3.56,models/windowed_cnn_grid/32bit_a0.005/windowed_cnn_best.pt@1c3ef3c96e36
matrix-20260918-025538-98a873,0.005,32,LL,0828,52.5846,0.999089,0.358612,0.0,1.0,0.4375,0.5625,0,2.21,3.35,3.61,models/windowed_cnn_grid/32bit_a0.005/windowed_cnn_best.pt@1c3ef3c96e36
matrix-20260918-025538-98a873,0.005,32,LL,0829,48.9618,0.997529,0.825857,0.03125,0.96875,0.46875,0.53125,0,2.16,3.36,3.6,models/windowed_cnn_grid/32bit_a0.005/windowed_cnn_best.pt@1c3ef3c96e36
matrix-20260918-025538-98a873,0.005,32,LL,0830,47.3911,0.997754,1.185689,0.0,1.0,0.28125,0.71875,0,2.16,3.27,3.58,models/windowed_cnn_grid/32bit_a0.005/windowed_cnn_best.pt@1c3ef3c96e36
matrix-20260918-025538-98a873,0.005,32,LL,0831,49.9056,0.998974,0.664536,0.0625,0.9375,0.28125,0.71875,0,2.17,3.27,3.57,models/windowed_cnn_grid/32bit_a0.005/windowed_cnn_best.pt@1c3ef3c96e36
matrix-20260918-025538-98a873,0.005,32,LL,0832,49.1431,0.998825,0.792089,0.0,1.0,0.34375,0.65625,0,2.17,3.38,3.58,models/windowed_cnn_grid/32bit_a0.005/windowed_cnn_best.pt@1c3ef3c96e36
matrix-20260918-025538-98a873,0.005,32,LL,0833,47.6814,0.999408,1.109034,0.0,1.0,0.59375,0.40625,0,2.15,3.23,3.55,models/windowed_cnn_grid/32bit_a0.005/windowed_cnn_best.pt@1c3ef3c96e36
matrix-20260918-025538-98a873,0.005,32,LL,0834,48.4414,0.998569,0.93099,0.0,1.0,0.40625,0.59375,0,2.15,3.26,3.57,models/windowed_cnn_grid/32bit_a0.005/windowed_cnn_best.pt@1c3ef3c96e36
matrix-20260918-025538-98a873,0.005,32,LL,0835,49.4004,0.999067,0.746526,0.0,1.0,0.40625,0.59375,0,2.17,3.28,3.62,models/windowed_cnn_grid/32bit_a0.005/windowed_cnn_best.pt@1c3ef3c96e36
matrix-20260918-025538-98a873,0.005,32,LL,0836,47.839,0.999117,1.069499,0.0,1.0,0.5,0.5,0,2.16,3.28,3.55,models/windowed_cnn_grid/32bit_a0.005/windowed_cnn_best.pt@1c3ef3c96e36
matrix-20260918-025538-98a873,0.005,32,LL,0837,49.7674,0.999334,0.68603,0.0,1.0,0.40625,0.59375,0,2.15,3.27,3.58,models/windowed_cnn_grid/32bit_a0.005/windowed_cnn_best.pt@1c3ef3c96e36
matrix-20260918-025538-98a873,0.005,32,LL,0838,49.4357,0.99754,0.740468,0.0,1.0,0.40625,0.59375,0,2.17,3.22,3.61,models/windowed_cnn_grid/32bit_a0.005/windowed_cnn_best.pt@1c3ef3c96e36
matrix-20260918-025538-98a873,0.005,32,LL,0839,51.1225,0.993677,0.502146,0.0,1.0,0.5,0.5,0,2.1,3.18,3.51,models/windowed_cnn_grid/32bit_a0.005/windowed_cnn_best.pt@1c3ef3c96e36
matrix-20260918-025538-98a873,0.005,32,LL,0840,50.6289,0.999365,0.562592,0.0,1.0,0.46875,0.53125,0,2.17,3.3,3.66,models/windowed_cnn_grid/32bit_a0.005/windowed_cnn_best.pt@1c3ef3c96e36
matrix-20260918-025538-98a873,0.005,32,LL,0841,50.7771,0.998101,0.543711,0.0,1.0,0.25,0.75,0,2.16,3.28,3.52,models/windowed_cnn_grid/32bit_a0.005/windowed_cnn_best.pt@1c3ef3c96e36
matrix-20260918-025538-98a873,0.005,32,LL,0842,47.4879,0.9987,1.159541,0.0,1.0,0.4375,0.5625,0,2.17,3.33,3.66,models/windowed_cnn_grid/32bit_a0.005/windowed_cnn_best.pt@1c3ef3c96e36
matrix-20260918-025538-98a873,0.005,32,LL,0843,56.0721,0.999832,0.160645,0.0,1.0,0.34375,0.65625,0,1.85,2.58,3.33,models/windowed_cnn_grid/32bit_a0.005/windowed_cnn_best.pt@1c3ef3c96e36
matrix-20260918-025538-98a873,0.005,32,LL,0844,47.851,0.997478,1.066544,0.03125,0.96875,0.34375,0.65625,0,2.17,3.23,3.54,models/windowed_cnn_grid/32bit_a0.005/windowed_cnn_best.pt@1c3ef3c96e36
matrix-20260918-025538-98a873,0.005,32,LL,0845,48.7352,0.999195,0.870092,0.0,1.0,0.375,0.625,0,2.2,3.26,3.58,models/windowed_cnn_grid/32bit_a0.005/windowed_cnn_best.pt@1c3ef3c96e36
matrix-20260918-025538-98a873,0.005,32,LL,0846,49.1945,0.999445,0.782766,0.0,1.0,0.40625,0.59375,0,2.2,3.27,3.59,models/windowed_cnn_grid/32bit_a0.005/windowed_cnn_best.pt@1c3ef3c96e36
matrix-20260918-025538-98a873,0.005,32,LL,0847,48.456,0.998942,0.927856,0.0,1.0,0.4375,0.5625,0,2.16,3.26,3.57,models/windowed_cnn_grid/32bit_a0.005/windowed_cnn_best.pt@1c3ef3c96e36
matrix-20260918-025538-98a873,0.005,32,LL,0848,48.7267,0.998241,0.871791,0.0,1.0,0.40625,0.59375,0,2.15,3.25,3.58,models/windowed_cnn_grid/32bit_a0.005/windowed_cnn_best.pt@1c3ef3c96e36
matrix-20260918-025538-98a873,0.005,32,LL,0849,48.8427,0.999563,0.848816,0.0,1.0,0.40625,0.59375,0,2.19,3.32,3.59,models/windowed_cnn_grid/32bit_a0.005/windowed_cnn_best.pt@1c3ef3c96e36
matrix-20260918-025538-98a873,0.005,32,LL,0850,48.7096,0.998681,0.875229,0.0,1.0,0.28125,0.71875,0,2.14,3.27,3.57,models/windowed_cnn_grid/32bit_a0.005/windowed_cnn_best.pt@1c3ef3c96e36
matrix-20260918-025538-98a873,0.005,32,LL,0851,50.7437,0.994592,0.547908,0.0,1.0,0.375,0.625,0,2.17,3.27,3.56,models/windowed_cnn_grid/32bit_a0.005/windowed_cnn_best.pt@1c3ef3c96e36
matrix-20260918-025538-98a873,0.005,32,LL,0852,53.5091,0.997376,0.289851,0.09375,0.90625,0.34375,0.65625,0,2.15,3.29,3.56,models/windowed_cnn_grid/32bit_a0.005/windowed_cnn_best.pt@1c3ef3c96e36
matrix-20260918-025538-98a873,0.005,32,LL,0853,49.9411,0.996777,0.659124,0.03125,0.96875,0.53125,0.46875,0,2.15,3.23,3.53,models/windowed_cnn_grid/32bit_a0.005/windowed_cnn_best.pt@1c3ef3c96e36
matrix-20260918-025538-98a873,0.005,32,LL,0854,47.6269,0.99876,1.123021,0.0,1.0,0.375,0.625,0,2.17,3.26,3.57,models/windowed_cnn_grid/32bit_a0.005/windowed_cnn_best.pt@1c3ef3c96e36
matrix-20260918-025538-98a873,0.005,32,LL,0855,48.4344,0.99839,0.932485,0.0,1.0,0.3125,0.6875,0,2.2,3.24,3.58,models/windowed_cnn_grid/32bit_a0.005/windowed_cnn_best.pt@1c3ef3c96e36
matrix-20260918-025538-98a873,0.005,32,LL,0856,52.1034,0.99849,0.400625,0.0,1.0,0.4375,0.5625,0,2.18,3.32,3.59,models/windowed_cnn_grid/32bit_a0.005/windowed_cnn_best.pt@1c3ef3c96e36
matrix-20260918-025538-98a873,0.005,32,LL,0857,47.919,0.997713,1.049967,0.0,1.0,0.40625,0.59375,0,2.16,3.27,3.57,models/windowed_cnn_grid/32bit_a0.005/windowed_cnn_best.pt@1c3ef3c96e36
matrix-20260918-025538-98a873,0.005,32,LL,0858,51.0866,0.998114,0.506312,0.0,1.0,0.53125,0.46875,0,2.2,3.27,3.64,models/windowed_cnn_grid/32bit_a0.005/windowed_cnn_best.pt@1c3ef3c96e36
matrix-20260918-025538-98a873,0.005,32,LL,0859,47.3978,0.99897,1.183858,0.0,1.0,0.5625,0.4375,0,2.19,3.39,3.55,models/windowed_cnn_grid/32bit_a0.005/windowed_cnn_best.pt@1c3ef3c96e36
matrix-20260918-025538-98a873,0.005,32,LL,0860,48.8827,0.999512,0.841024,0.0625,0.9375,0.28125,0.71875,0,2.19,3.3,3.61,models/windowed_cnn_grid/32bit_a0.005/windowed_cnn_best.pt@1c3ef3c96e36
matrix-20260918-025538-98a873,0.005,32,LL,0861,50.2674,0.998772,0.611415,0.0,1.0,0.28125,0.71875,0,2.15,3.27,3.53,models/windowed_cnn_grid/32bit_a0.005/windowed_cnn_best.pt@1c3ef3c96e36
matrix-20260918-025538-98a873,0.005,32,LL,0862,47.4599,0.9977,1.167048,0.0625,0.9375,0.46875,0.53125,0,2.14,3.31,3.55,models/windowed_cnn_grid/32bit_a0.005/windowed_cnn_best.pt@1c3ef3c96e36
matrix-20260918-025538-98a873,0.005,32,LL,0863,47.9688,0.998523,1.03801,0.0,1.0,0.34375,0.65625,0,2.12,3.26,5.28,models/windowed_cnn_grid/32bit_a0.005/windowed_cnn_best.pt@1c3ef3c96e36
matrix-20260918-025538-98a873,0.005,32,LL,0864,50.4364,0.99916,0.588089,0.0,1.0,0.46875,0.53125,0,3.52,3.38,3.65,models/windowed_cnn_grid/32bit_a0.005/windowed_cnn_best.pt@1c3ef3c96e36
matrix-20260918-025538-98a873,0.005,32,LL,0865,48.6457,0.99911,0.888194,0.0,1.0,0.4375,0.5625,0,2.19,3.25,3.56,models/windowed_cnn_grid/32bit_a0.005/windowed_cnn_best.pt@1c3ef3c96e36
matrix-20260918-025538-98a873,0.005,32,LL,0866,47.5068,0.999227,1.154521,0.0,1.0,0.46875,0.53125,0,2.18,3.31,3.75,models/windowed_cnn_grid/32bit_a0.005/windowed_cnn_best.pt@1c3ef3c96e36
matrix-20260918-025538-98a873,0.005,32,LL,0867,48.7919,0.999212,0.85879,0.0,1.0,0.34375,0.65625,0,2.22,3.27,3.72,models/windowed_cnn_grid/32bit_a0.005/windowed_cnn_best.pt@1c3ef3c96e36
matrix-20260918-025538-98a873,0.005,32,LL,0868,48.1688,0.999888,0.991297,0.0,1.0,0.375,0.625,0,2.17,3.17,3.52,models/windowed_cnn_grid/32bit_a0.005/windowed_cnn_best.pt@1c3ef3c96e36
matrix-20260918-025538-98a873,0.005,32,LL,0869,48.2315,0.998449,0.977091,0.0625,0.9375,0.34375,0.65625,0,2.15,3.26,3.52,models/windowed_cnn_grid/32bit_a0.005/windowed_cnn_best.pt@1c3ef3c96e36
matrix-20260918-025538-98a873,0.005,32,LL,0870,48.435,0.9994,0.932363,0.0625,0.9375,0.21875,0.78125,0,2.2,3.31,3.56,models/windowed_cnn_grid/32bit_a0.005/windowed_cnn_best.pt@1c3ef3c96e36
matrix-20260918-025538-98a873,0.005,32,LL,0871,47.9156,0.99904,1.050791,0.0,1.0,0.40625,0.59375,0,2.18,3.24,3.68,models/windowed_cnn_grid/32bit_a0.005/windowed_cnn_best.pt@1c3ef3c96e36
matrix-20260918-025538-98a873,0.005,32,LL,0872,48.0446,0.999343,1.02005,0.0,1.0,0.28125,0.71875,0,2.2,3.32,3.66,models/windowed_cnn_grid/32bit_a0.005/windowed_cnn_best.pt@1c3ef3c96e36
matrix-20260918-025538-98a873,0.005,32,LL,0873,48.836,0.998887,0.850113,0.03125,0.96875,0.25,0.75,0,2.15,3.29,3.57,models/windowed_cnn_grid/32bit_a0.005/windowed_cnn_best.pt@1c3ef3c96e36
matrix-20260918-025538-98a873,0.005,32,LL,0874,47.2541,0.998504,1.223689,0.03125,0.96875,0.40625,0.59375,0,2.18,3.32,3.52,models/windowed_cnn_grid/32bit_a0.005/windowed_cnn_best.pt@1c3ef3c96e36
matrix-20260918-025538-98a873,0.005,32,LL,0875,49.5668,0.999462,0.71845,0.0625,0.9375,0.375,0.625,0,2.18,3.31,3.62,models/windowed_cnn_grid/32bit_a0.005/windowed_cnn_best.pt@1c3ef3c96e36
matrix-20260918-025538-98a873,0.005,32,LL,0876,52.0393,0.998886,0.406586,0.0,1.0,0.3125,0.6875,0,2.17,3.3,3.61,models/windowed_cnn_grid/32bit_a0.005/windowed_cnn_best.pt@1c3ef3c96e36
matrix-20260918-025538-98a873,0.005,32,LL,0877,53.4761,0.99846,0.292058,0.0,1.0,0.5,0.5,0,2.17,3.28,3.65,models/windowed_cnn_grid/32bit_a0.005/windowed_cnn_best.pt@1c3ef3c96e36
matrix-20260918-025538-98a873,0.005,32,LL,0878,47.4804,0.999246,1.161555,0.0,1.0,0.5,0.5,0,2.19,3.3,3.58,models/windowed_cnn_grid/32bit_a0.005/windowed_cnn_best.pt@1c3ef3c96e36
matrix-20260918-025538-98a873,0.005,32,LL,0879,49.1032,0.997068,0.799393,0.0,1.0,0.46875,0.53125,0,2.15,3.24,3.61,models/windowed_cnn_grid/32bit_a0.005/windowed_cnn_best.pt@1c3ef3c96e36
matrix-20260918-025538-98a873,0.005,32,LL,0880,48.3677,0.997934,0.94691,0.0,1.0,0.25,0.75,0,2.16,3.25,3.54,models/windowed_cnn_grid/32bit_a0.005/windowed_cnn_best.pt@1c3ef3c96e36
matrix-20260918-025538-98a873,0.005,32,LL,0881,47.3426,0.998182,1.19901,0.0,1.0,0.5,0.5,0,2.17,3.24,3.52,models/windowed_cnn_grid/32bit_a0.005/windowed_cnn_best.pt@1c3ef3c96e36
matrix-20260918-025538-98a873,0.005,32,LL,0882,48.6068,0.998486,0.896184,0.0,1.0,0.375,0.625,0,2.18,3.24,3.56,models/windowed_cnn_grid/32bit_a0.005/windowed_cnn_best.pt@1c3ef3c96e36
matrix-20260918-025538-98a873,0.005,32,LL,0883,48.01,0.998864,1.028198,0.0,1.0,0.46875,0.53125,0,2.22,3.34,3.62,models/windowed_cnn_grid/32bit_a0.005/windowed_cnn_best.pt@1c3ef3c96e36
matrix-20260918-025538-98a873,0.005,32,LL,0884,48.822,0.999111,0.85287,0.0,1.0,0.375,0.625,0,2.15,3.3,3.55,models/windowed_cnn_grid/32bit_a0.005/windowed_cnn_best.pt@1c3ef3c96e36
matrix-20260918-025538-98a873,0.005,32,LL,0885,49.7286,0.998434,0.692179,0.0625,0.9375,0.28125,0.71875,0,2.17,3.31,3.61,models/windowed_cnn_grid/32bit_a0.005/windowed_cnn_best.pt@1c3ef3c96e36
matrix-20260918-025538-98a873,0.005,32,LL,0886,49.0909,0.997604,0.801656,0.0,1.0,0.5625,0.4375,0,2.17,3.39,3.54,models/windowed_cnn_grid/32bit_a0.005/windowed_cnn_best.pt@1c3ef3c96e36
matrix-20260918-025538-98a873,0.005,32,LL,0887,48.2711,0.997848,0.968216,0.0,1.0,0.5,0.5,0,2.15,3.25,3.56,models/windowed_cnn_grid/32bit_a0.005/windowed_cnn_best.pt@1c3ef3c96e36
matrix-20260918-025538-98a873,0.005,32,LL,0888,48.3854,0.999205,0.943059,0.0625,0.9375,0.5,0.5,0,2.21,3.27,3.59,models/windowed_cnn_grid/32bit_a0.005/windowed_cnn_best.pt@1c3ef3c96e36
matrix-20260918-025538-98a873,0.005,32,LL,0889,48.102,0.999519,1.006648,0.0,1.0,0.46875,0.53125,0,2.16,3.31,3.63,models/windowed_cnn_grid/32bit_a0.005/windowed_cnn_best.pt@1c3ef3c96e36
matrix-20260918-025538-98a873,0.005,32,LL,0890,47.9023,0.998156,1.054016,0.03125,0.96875,0.40625,0.59375,0,2.15,3.26,3.6,models/windowed_cnn_grid/32bit_a0.005/windowed_cnn_best.pt@1c3ef3c96e36
matrix-20260918-025538-98a873,0.005,32,LL,0891,47.9008,0.999158,1.054387,0.0,1.0,0.375,0.625,0,2.15,3.28,3.65,models/windowed_cnn_grid/32bit_a0.005/windowed_cnn_best.pt@1c3ef3c96e36
matrix-20260918-025538-98a873,0.005,32,LL,0892,47.8176,0.999559,1.074783,0.0,1.0,0.28125,0.71875,0,2.21,3.35,3.59,models/windowed_cnn_grid/32bit_a0.005/windowed_cnn_best.pt@1c3ef3c96e36
matrix-20260918-025538-98a873,0.005,32,LL,0893,50.3515,0.99818,0.599701,0.0,1.0,0.53125,0.46875,0,2.18,3.23,3.57,models/windowed_cnn_grid/32bit_a0.005/windowed_cnn_best.pt@1c3ef3c96e36
matrix-20260918-025538-98a873,0.005,32,LL,0894,47.5074,0.99853,1.154368,0.0,1.0,0.34375,0.65625,0,2.15,3.25,3.62,models/windowed_cnn_grid/32bit_a0.005/windowed_cnn_best.pt@1c3ef3c96e36
matrix-20260918-025538-98a873,0.005,32,LL,0895,48.9031,0.999023,0.837092,0.0625,0.9375,0.40625,0.59375,0,2.19,3.3,3.56,models/windowed_cnn_grid/32bit_a0.005/windowed_cnn_best.pt@1c3ef3c96e36
matrix-20260918-025538-98a873,0.005,32,LL,0896,47.1793,0.996485,1.24496,0.0,1.0,0.5,0.5,0,2.15,3.23,3.49,models/windowed_cnn_grid/32bit_a0.005/windowed_cnn_best.pt@1c3ef3c96e36
matrix-20260918-025538-98a873,0.005,32,LL,0897,49.3971,0.999744,0.747091,0.09375,0.90625,0.15625,0.84375,0,2.2,3.34,3.68,models/windowed_cnn_grid/32bit_a0.005/windowed_cnn_best.pt@1c3ef3c96e36
matrix-20260918-025538-98a873,0.005,32,LL,0898,47.3721,0.996528,1.190898,0.0625,0.9375,0.40625,0.59375,0,2.15,3.23,3.55,models/windowed_cnn_grid/32bit_a0.005/windowed_cnn_best.pt@1c3ef3c96e36
matrix-20260918-025538-98a873,0.005,32,LL,0899,49.3857,0.998271,0.749049,0.0625,0.9375,0.3125,0.6875,0,2.16,3.3,3.62,models/windowed_cnn_grid/32bit_a0.005/windowed_cnn_best.pt@1c3ef3c96e36
matrix-20260918-025538-98a873,0.005,32,LL,0900,50.7504,0.997764,0.547063,0.0,1.0,0.46875,0.53125,0,2.17,3.29,3.52,models/windowed_cnn_grid/32bit_a0.005/windowed_cnn_best.pt@1c3ef3c96e36
matrix-20260918-025538-98a873,0.005,64,LL,0801,48.1514,0.999346,0.99527,0.0625,0.9375,0.421875,0.578125,0,2.26,3.31,4.48,models/windowed_cnn_grid/64bit_a0.005/windowed_cnn_best.pt@639e33db8499
matrix-20260918-025538-98a873,0.005,64,LL,0802,49.0685,0.997892,0.805801,0.0,1.0,0.53125,0.46875,0,2.19,3.24,4.47,models/windowed_cnn_grid/64bit_a0.005/windowed_cnn_best.pt@639e33db8499
matrix-20260918-025538-98a873,0.005,64,LL,0803,47.4792,0.998214,1.16187,0.0,1.0,0.375,0.625,0,2.17,3.29,4.46,models/windowed_cnn_grid/64bit_a0.005/windowed_cnn_best.pt@639e33db8499
matrix-20260918-025538-98a873,0.005,64,LL,0804,47.755,0.999202,1.090398,0.0,1.0,0.3125,0.6875,0,2.21,3.28,4.62,models/windowed_cnn_grid/64bit_a0.005/windowed_cnn_best.pt@639e33db8499
matrix-20260918-025538-98a873,0.005,64,LL,0805,47.5417,0.999128,1.145284,0.015625,0.984375,0.4375,0.5625,0,2.21,3.28,4.58,models/windowed_cnn_grid/64bit_a0.005/windowed_cnn_best.pt@639e33db8499
matrix-20260918-025538-98a873,0.005,64,LL,0806,48.3949,0.996943,0.941004,0.0,1.0,0.234375,0.765625,0,2.18,3.3,4.64,models/windowed_cnn_grid/64bit_a0.005/windowed_cnn_best.pt@639e33db8499
matrix-20260918-025538-98a873,0.005,64,LL,0807,48.9953,0.998268,0.819504,0.015625,0.984375,0.265625,0.734375,0,2.24,3.42,4.68,models/windowed_cnn_grid/64bit_a0.005/windowed_cnn_best.pt@639e33db8499
matrix-20260918-025538-98a873,0.005,64,LL,0808,49.8023,0.997291,0.680542,0.0,1.0,0.359375,0.640625,0,2.18,3.26,4.47,models/windowed_cnn_grid/64bit_a0.005/windowed_cnn_best.pt@639e33db8499
matrix-20260918-025538-98a873,0.005,64,LL,0809,48.0625,0.999012,1.015859,0.046875,0.953125,0.328125,0.671875,0,2.19,3.31,4.45,models/windowed_cnn_grid/64bit_a0.005/windowed_cnn_best.pt@639e33db8499
matrix-20260918-025538-98a873,0.005,64,LL,0810,48.1212,0.99837,1.002213,0.0,1.0,0.375,0.625,0,2.16,3.31,4.48,models/windowed_cnn_grid/64bit_a0.005/windowed_cnn_best.pt@639e33db8499
matrix-20260918-025538-98a873,0.005,64,LL,0811,50.0767,0.998282,0.63886,0.046875,0.953125,0.421875,0.578125,0,2.15,3.31,4.52,models/windowed_cnn_grid/64bit_a0.005/windowed_cnn_best.pt@639e33db8499
matrix-20260918-025538-98a873,0.005,64,LL,0812,48.4726,0.998254,0.924321,0.03125,0.96875,0.359375,0.640625,0,2.19,3.27,4.49,models/windowed_cnn_grid/64bit_a0.005/windowed_cnn_best.pt@639e33db8499
matrix-20260918-025538-98a873,0.005,64,LL,0813,48.7861,0.998753,0.85995,0.03125,0.96875,0.421875,0.578125,0,2.23,3.29,4.44,models/windowed_cnn_grid/64bit_a0.005/windowed_cnn_best.pt@639e33db8499
matrix-20260918-025538-98a873,0.005,64,LL,0814,51.5919,0.998419,0.450699,0.046875,0.953125,0.3125,0.6875,0,2.14,3.22,4.42,models/windowed_cnn_grid/64bit_a0.005/windowed_cnn_best.pt@639e33db8499
matrix-20260918-025538-98a873,0.005,64,LL,0815,49.1716,0.998928,0.786906,0.0,1.0,0.296875,0.703125,0,2.18,3.29,4.47,models/windowed_cnn_grid/64bit_a0.005/windowed_cnn_best.pt@639e33db8499
matrix-20260918-025538-98a873,0.005,64,LL,0816,47.8359,0.998497,1.070267,0.03125,0.96875,0.4375,0.5625,0,2.18,3.27,4.53,models/windowed_cnn_grid/64bit_a0.005/windowed_cnn_best.pt@639e33db8499
matrix-20260918-025538-98a873,0.005,64,LL,0817,47.7407,0.998624,1.093979,0.0,1.0,0.375,0.625,0,2.2,3.36,4.46,models/windowed_cnn_grid/64bit_a0.005/windowed_cnn_best.pt@639e33db8499
matrix-20260918-025538-98a873,0.005,64,LL,0818,47.7508,0.998286,1.091441,0.0,1.0,0.359375,0.640625,0,2.15,3.25,4.43,models/windowed_cnn_grid/64bit_a0.005/windowed_cnn_best.pt@639e33db8499
matrix-20260918-025538-98a873,0.005,64,LL,0819,48.435,0.998966,0.932353,0.03125,0.96875,0.34375,0.65625,0,2.18,3.25,4.4,models/windowed_cnn_grid/64bit_a0.005/windowed_cnn_best.pt@639e33db8499
matrix-20260918-025538-98a873,0.005,64,LL,0820,47.9739,0.999252,1.036799,0.015625,0.984375,0.390625,0.609375,0,2.2,3.34,4.47,models/windowed_cnn_grid/64bit_a0.005/windowed_cnn_best.pt@639e33db8499
matrix-20260918-025538-98a873,0.005,64,LL,0821,49.1131,0.999336,0.797577,0.0625,0.9375,0.25,0.75,0,2.18,3.35,4.44,models/windowed_cnn_grid/64bit_a0.005/windowed_cnn_best.pt@639e33db8499
matrix-20260918-025538-98a873,0.005,64,LL,0822,50.141,0.99928,0.629471,0.03125,0.96875,0.3125,0.6875,0,2.17,3.32,4.46,models/windowed_cnn_grid/64bit_a0.005/windowed_cnn_best.pt@639e33db8499
matrix-20260918-025538-98a873,0.005,64,LL,0823,48.1557,0.997367,0.994293,0.0,1.0,0.390625,0.609375,0,2.21,3.28,4.43,models/windowed_cnn_grid/64bit_a0.005/windowed_cnn_best.pt@639e33db8499
matrix-20260918-025538-98a873,0.005,64,LL,0824,48.4384,0.998783,0.931615,0.0,1.0,0.375,0.625,0,2.22,3.29,4.5,models/windowed_cnn_grid/64bit_a0.005/windowed_cnn_best.pt@639e33db8499
matrix-20260918-025538-98a873,0.005,64,LL,0825,48.0975,0.999206,1.007706,0.0,1.0,0.359375,0.640625,0,2.16,3.32,4.45,models/windowed_cnn_grid/64bit_a0.005/windowed_cnn_best.pt@639e33db8499
matrix-20260918-025538-98a873,0.005,64,LL,0826,48.278,0.998256,0.96667,0.0,1.0,0.359375,0.640625,0,2.22,3.29,4.42,models/windowed_cnn_grid/64bit_a0.005/windowed_cnn_best.pt@639e33db8499
matrix-20260918-025538-98a873,0.005,64,LL,0827,52.927,0.997754,0.331421,0.109375,0.890625,0.53125,0.46875,0,2.18,3.27,4.52,models/windowed_cnn_grid/64bit_a0.005/windowed_cnn_best.pt@639e33db8499
matrix-20260918-025538-98a873,0.005,64,LL,0828,52.4771,0.998961,0.367599,0.03125,0.96875,0.421875,0.578125,0,2.23,3.38,4.52,models/windowed_cnn_grid/64bit_a0.005/windowed_cnn_best.pt@639e33db8499
matrix-20260918-025538-98a873,0.005,64,LL,0829,48.7578,0.997389,0.86557,0.046875,0.953125,0.296875,0.703125,0,2.18,3.28,4.47,models/windowed_cnn_grid/64bit_a0.005/windowed_cnn_best.pt@639e33db8499
matrix-20260918-025538-98a873,0.005,64,LL,0830,47.5478,0.99767,1.143667,0.03125,0.96875,0.234375,0.765625,0,2.18,3.29,4.42,models/windowed_cnn_grid/64bit_a0.005/windowed_cnn_best.pt@639e33db8499
matrix-20260918-025538-98a873,0.005,64,LL,0831,49.9365,0.99894,0.659826,0.046875,0.953125,0.28125,0.71875,0,2.18,3.28,4.45,models/windowed_cnn_grid/64bit_a0.005/windowed_cnn_best.pt@639e33db8499
matrix-20260918-025538-98a873,0.005,64,LL,0832,48.9398,0.998777,0.830037,0.03125,0.96875,0.296875,0.703125,0,2.14,3.36,4.52,models/windowed_cnn_grid/64bit_a0.005/windowed_cnn_best.pt@639e33db8499
matrix-20260918-025538-98a873,0.005,64,LL,0833,47.7486,0.999422,1.091995,0.0625,0.9375,0.453125,0.546875,0,2.13,3.23,4.51,models/windowed_cnn_grid/64bit_a0.005/windowed_cnn_best.pt@639e33db8499
matrix-20260918-025538-98a873,0.005,64,LL,0834,48.2987,0.998507,0.962087,0.046875,0.953125,0.359375,0.640625,0,2.18,3.26,4.46,models/windowed_cnn_grid/64bit_a0.005/windowed_cnn_best.pt@639e33db8499
matrix-20260918-025538-98a873,0.005,64,LL,0835,49.3868,0.999004,0.748856,0.03125,0.96875,0.25,0.75,0,2.15,3.27,4.5,models/windowed_cnn_grid/64bit_a0.005/windowed_cnn_best.pt@639e33db8499
matrix-20260918-025538-98a873,0.005,64,LL,0836,47.8992,0.999013,1.054769,0.0,1.0,0.375,0.625,0,2.15,3.28,4.48,models/windowed_cnn_grid/64bit_a0.005/windowed_cnn_best.pt@639e33db8499
matrix-20260918-025538-98a873,0.005,64,LL,0837,49.6428,0.999313,0.705999,0.0,1.0,0.40625,0.59375,0,2.16,3.26,4.44,models/windowed_cnn_grid/64bit_a0.005/windowed_cnn_best.pt@639e33db8499
matrix-20260918-025538-98a873,0.005,64,LL,0838,49.3274,0.997546,0.759165,0.015625,0.984375,0.40625,0.59375,0,2.22,3.24,4.36,models/windowed_cnn_grid/64bit_a0.005/windowed_cnn_best.pt@639e33db8499
matrix-20260918-025538-98a873,0.005,64,LL,0839,51.0017,0.997487,0.516307,0.0,1.0,0.4375,0.5625,0,2.09,3.16,4.34,models/windowed_cnn_grid/64bit_a0.005/windowed_cnn_best.pt@639e33db8499
matrix-20260918-025538-98a873,0.005,64,LL,0840,50.4348,0.999345,0.588308,0.015625,0.984375,0.265625,0.734375,0,2.18,3.31,4.4,models/windowed_cnn_grid/64bit_a0.005/windowed_cnn_best.pt@639e33db8499
matrix-20260918-025538-98a873,0.005,64,LL,0841,50.7032,0.998092,0.55304,0.0,1.0,0.359375,0.640625,0,2.21,3.27,4.48,models/windowed_cnn_grid/64bit_a0.005/windowed_cnn_best.pt@639e33db8499
matrix-20260918-025538-98a873,0.005,64,LL,0842,47.4165,0.998768,1.178777,0.0,1.0,0.453125,0.546875,0,2.15,3.29,4.54,models/windowed_cnn_grid/64bit_a0.005/windowed_cnn_best.pt@639e33db8499
matrix-20260918-025538-98a873,0.005,64,LL,0843,55.9872,0.999827,0.163818,0.203125,0.796875,0.453125,0.546875,0,1.83,2.6,4.1,models/windowed_cnn_grid/64bit_a0.005/windowed_cnn_best.pt@639e33db8499
matrix-20260918-025538-98a873,0.005,64,LL,0844,47.2699,0.997366,1.219254,0.03125,0.96875,0.40625,0.59375,0,2.16,3.25,4.49,models/windowed_cnn_grid/64bit_a0.005/windowed_cnn_best.pt@639e33db8499
matrix-20260918-025538-98a873,0.005,64,LL,0845,48.2042,0.999186,0.983251,0.03125,0.96875,0.390625,0.609375,0,2.24,3.3,4.44,models/windowed_cnn_grid/64bit_a0.005/windowed_cnn_best.pt@639e33db8499
matrix-20260918-025538-98a873,0.005,64,LL,0846,49.5701,0.999395,0.717916,0.0,1.0,0.390625,0.609375,0,2.18,3.27,4.42,models/windowed_cnn_grid/64bit_a0.005/windowed_cnn_best.pt@639e33db8499
matrix-20260918-025538-98a873,0.005,64,LL,0847,48.3036,0.998934,0.960993,0.0,1.0,0.421875,0.578125,0,2.14,3.3,4.41,models/windowed_cnn_grid/64bit_a0.005/windowed_cnn_best.pt@639e33db8499
matrix-20260918-025538-98a873,0.005,64,LL,0848,48.6811,0.997618,0.880997,0.0,1.0,0.359375,0.640625,0,2.23,3.27,4.49,models/windowed_cnn_grid/64bit_a0.005/windowed_cnn_best.pt@639e33db8499
matrix-20260918-025538-98a873,0.005,64,LL,0849,48.6307,0.999571,0.891281,0.0,1.0,0.234375,0.765625,0,2.18,3.4,4.53,models/windowed_cnn_grid/64bit_a0.005/windowed_cnn_best.pt@639e33db8499
matrix-20260918-025538-98a873,0.005,64,LL,0850,48.9315,0.998669,0.831624,0.09375,0.90625,0.25,0.75,0,2.23,3.26,4.37,models/windowed_cnn_grid/64bit_a0.005/windowed_cnn_best.pt@639e33db8499
matrix-20260918-025538-98a873,0.005,64,LL,0851,50.7459,0.994513,0.547633,0.0,1.0,0.25,0.75,0,2.18,3.36,4.47,models/windowed_cnn_grid/64bit_a0.005/windowed_cnn_best.pt@639e33db8499
matrix-20260918-025538-98a873,0.005,64,LL,0852,53.5166,0.997375,0.289347,0.25,0.75,0.46875,0.53125,0,2.23,3.28,4.56,models/windowed_cnn_grid/64bit_a0.005/windowed_cnn_best.pt@639e33db8499
matrix-20260918-025538-98a873,0.005,64,LL,0853,49.8939,0.996906,0.666331,0.0,1.0,0.421875,0.578125,0,2.14,3.35,4.46,models/windowed_cnn_grid/64bit_a0.005/windowed_cnn_best.pt@639e33db8499
matrix-20260918-025538-98a873,0.005,64,LL,0854,47.7232,0.99841,1.098409,0.09375,0.90625,0.375,0.625,0,2.18,3.28,4.4,models/windowed_cnn_grid/64bit_a0.005/windowed_cnn_best.pt@639e33db8499
matrix-20260918-025538-98a873,0.005,64,LL,0855,48.5301,0.998295,0.91215,0.0,1.0,0.390625,0.609375,0,2.19,3.26,4.47,models/windowed_cnn_grid/64bit_a0.005/windowed_cnn_best.pt@639e33db8499
matrix-20260918-025538-98a873,0.005,64,LL,0856,52.0595,0.998482,0.404694,0.0,1.0,0.46875,0.53125,0,2.2,3.3,4.56,models/windowed_cnn_grid/64bit_a0.005/windowed_cnn_best.pt@639e33db8499
matrix-20260918-025538-98a873,0.005,64,LL,0857,47.8794,0.997776,1.059601,0.015625,0.984375,0.21875,0.78125,0,2.14,3.22,4.42,models/windowed_cnn_grid/64bit_a0.005/windowed_cnn_best.pt@639e33db8499
matrix-20260918-025538-98a873,0.005,64,LL,0858,51.147,0.998146,0.499324,0.015625,0.984375,0.421875,0.578125,0,2.17,3.29,4.42,models/windowed_cnn_grid/64bit_a0.005/windowed_cnn_best.pt@639e33db8499
matrix-20260918-025538-98a873,0.005,64,LL,0859,47.2211,0.99893,1.233022,0.03125,0.96875,0.421875,0.578125,0,2.22,3.47,4.62,models/windowed_cnn_grid/64bit_a0.005/windowed_cnn_best.pt@639e33db8499
matrix-20260918-025538-98a873,0.005,64,LL,0860,48.8558,0.999454,0.846263,0.015625,0.984375,0.28125,0.71875,0,2.22,3.32,4.51,models/windowed_cnn_grid/64bit_a0.005/windowed_cnn_best.pt@639e33db8499
matrix-20260918-025538-98a873,0.005,64,LL,0861,50.2999,0.998713,0.606857,0.0,1.0,0.421875,0.578125,0,2.19,3.28,4.42,models/windowed_cnn_grid/64bit_a0.005/windowed_cnn_best.pt@639e33db8499
matrix-20260918-025538-98a873,0.005,64,LL,0862,47.2953,0.997743,1.212143,0.046875,0.953125,0.421875,0.578125,0,2.15,3.25,4.43,models/windowed_cnn_grid/64bit_a0.005/windowed_cnn_best.pt@639e33db8499
matrix-20260918-025538-98a873,0.005,64,LL,0863,47.932,0.998571,1.046844,0.0625,0.9375,0.265625,0.734375,0,2.23,3.27,4.51,models/windowed_cnn_grid/64bit_a0.005/windowed_cnn_best.pt@639e33db8499
matrix-20260918-025538-98a873,0.005,64,LL,0864,50.4116,0.999047,0.591456,0.0,1.0,0.375,0.625,0,2.18,3.26,4.53,models/windowed_cnn_grid/64bit_a0.005/windowed_cnn_best.pt@639e33db8499
matrix-20260918-025538-98a873,0.005,64,LL,0865,48.6108,0.999053,0.895376,0.0625,0.9375,0.28125,0.71875,0,2.17,3.27,4.81,models/windowed_cnn_grid/64bit_a0.005/windowed_cnn_best.pt@639e33db8499
matrix-20260918-025538-98a873,0.005,64,LL,0866,47.7953,0.999243,1.080317,0.0,1.0,0.375,0.625,0,2.19,3.27,4.56,models/windowed_cnn_grid/64bit_a0.005/windowed_cnn_best.pt@639e33db8499
matrix-20260918-025538-98a873,0.005,64,LL,0867,48.7811,0.999194,0.860926,0.03125,0.96875,0.328125,0.671875,0,2.17,3.3,4.42,models/windowed_cnn_grid/64bit_a0.005/windowed_cnn_best.pt@639e33db8499
matrix-20260918-025538-98a873,0.005,64,LL,0868,47.9021,0.999824,1.054072,0.15625,0.84375,0.515625,0.484375,0,2.11,3.19,4.88,models/windowed_cnn_grid/64bit_a0.005/windowed_cnn_best.pt@639e33db8499
matrix-20260918-025538-98a873,0.005,64,LL,0869,48.0824,0.998355,1.0112,0.03125,0.96875,0.3125,0.6875,0,2.2,3.29,4.51,models/windowed_cnn_grid/64bit_a0.005/windowed_cnn_best.pt@639e33db8499
matrix-20260918-025538-98a873,0.005,64,LL,0870,48.4694,0.999365,0.925003,0.03125,0.96875,0.28125,0.71875,0,2.21,3.34,4.44,models/windowed_cnn_grid/64bit_a0.005/windowed_cnn_best.pt@639e33db8499
matrix-20260918-025538-98a873,0.005,64,LL,0871,47.9967,0.999011,1.031362,0.0,1.0,0.328125,0.671875,0,2.19,3.28,4.45,models/windowed_cnn_grid/64bit_a0.005/windowed_cnn_best.pt@639e33db8499
matrix-20260918-025538-98a873,0.005,64,LL,0872,48.0759,0.99933,1.012726,0.0,1.0,0.421875,0.578125,0,2.19,3.33,4.41,models/windowed_cnn_grid/64bit_a0.005/windowed_cnn_best.pt@639e33db8499
matrix-20260918-025538-98a873,0.005,64,LL,0873,49.0102,0.998887,0.816696,0.046875,0.953125,0.25,0.75,0,2.17,3.26,4.59,models/windowed_cnn_grid/64bit_a0.005/windowed_cnn_best.pt@639e33db8499
matrix-20260918-025538-98a873,0.005,64,LL,0874,47.3111,0.998578,1.207743,0.015625,0.984375,0.328125,0.671875,0,2.17,3.33,4.55,models/windowed_cnn_grid/64bit_a0.005/windowed_cnn_best.pt@639e33db8499
matrix-20260918-025538-98a873,0.005,64,LL,0875,49.5542,0.999457,0.720545,0.03125,0.96875,0.328125,0.671875,0,2.18,3.3,4.52,models/windowed_cnn_grid/64bit_a0.005/windowed_cnn_best.pt@639e33db8499
matrix-20260918-025538-98a873,0.005,64,LL,0876,51.9019,0.998964,0.419657,0.0,1.0,0.390625,0.609375,0,2.2,3.35,4.57,models/windowed_cnn_grid/64bit_a0.005/windowed_cnn_best.pt@639e33db8499
matrix-20260918-025538-98a873,0.005,64,LL,0877,53.4424,0.998531,0.294337,0.203125,0.796875,0.453125,0.546875,0,2.19,3.26,4.53,models/windowed_cnn_grid/64bit_a0.005/windowed_cnn_best.pt@639e33db8499
matrix-20260918-025538-98a873,0.005,64,LL,0878,47.4815,0.999209,1.16125,0.0,1.0,0.375,0.625,0,2.19,3.3,4.49,models/windowed_cnn_grid/64bit_a0.005/windowed_cnn_best.pt@639e33db8499
matrix-20260918-025538-98a873,0.005,64,LL,0879,49.3276,0.99717,0.75914,0.03125,0.96875,0.34375,0.65625,0,2.15,3.23,4.44,models/windowed_cnn_grid/64bit_a0.005/windowed_cnn_best.pt@639e33db8499
matrix-20260918-025538-98a873,0.005,64,LL,0880,48.5984,0.998025,0.897934,0.03125,0.96875,0.359375,0.640625,0,2.23,3.22,4.82,models/windowed_cnn_grid/64bit_a0.005/windowed_cnn_best.pt@639e33db8499
matrix-20260918-025538-98a873,0.005,64,LL,0881,47.2333,0.998219,1.229568,0.046875,0.953125,0.234375,0.765625,0,2.18,3.37,4.4,models/windowed_cnn_grid/64bit_a0.005/windowed_cnn_best.pt@639e33db8499
matrix-20260918-025538-98a873,0.005,64,LL,0882,48.6692,0.998392,0.883397,0.03125,0.96875,0.234375,0.765625,0,2.19,3.24,4.46,models/windowed_cnn_grid/64bit_a0.005/windowed_cnn_best.pt@639e33db8499
matrix-20260918-025538-98a873,0.005,64,LL,0883,48.0164,0.998857,1.026698,0.0625,0.9375,0.21875,0.78125,0,2.16,3.28,4.45,models/windowed_cnn_grid/64bit_a0.005/windowed_cnn_best.pt@639e33db8499
matrix-20260918-025538-98a873,0.005,64,LL,0884,48.9426,0.999176,0.829514,0.03125,0.96875,0.3125,0.6875,0,2.19,3.3,4.52,models/windowed_cnn_grid/64bit_a0.005/windowed_cnn_best.pt@639e33db8499
matrix-20260918-025538-98a873,0.005,64,LL,0885,49.6523,0.998376,0.704458,0.03125,0.96875,0.21875,0.78125,0,2.18,3.32,4.41,models/windowed_cnn_grid/64bit_a0.005/windowed_cnn_best.pt@639e33db8499
matrix-20260918-025538-98a873,0.005,64,LL,0886,48.9637,0.997447,0.82549,0.0,1.0,0.265625,0.734375,0,2.14,3.34,4.52,models/windowed_cnn_grid/64bit_a0.005/windowed_cnn_best.pt@639e33db8499
matrix-20260918-025538-98a873,0.005,64,LL,0887,48.1587,0.997734,0.993607,0.0,1.0,0.328125,0.671875,0,2.23,3.27,4.49,models/windowed_cnn_grid/64bit_a0.005/windowed_cnn_best.pt@639e33db8499
matrix-20260918-025538-98a873,0.005,64,LL,0888,48.5569,0.999181,0.906545,0.03125,0.96875,0.375,0.625,0,2.17,3.32,4.44,models/windowed_cnn_grid/64bit_a0.005/windowed_cnn_best.pt@639e33db8499
matrix-20260918-025538-98a873,0.005,64,LL,0889,48.0732,0.999459,1.013351,0.0,1.0,0.34375,0.65625,0,2.18,3.34,4.45,models/windowed_cnn_grid/64bit_a0.005/windowed_cnn_best.pt@639e33db8499
matrix-20260918-025538-98a873,0.005,64,LL,0890,47.6997,0.998298,1.10437,0.046875,0.953125,0.390625,0.609375,0,2.16,3.26,4.42,models/windowed_cnn_grid/64bit_a0.005/windowed_cnn_best.pt@639e33db8499
matrix-20260918-025538-98a873,0.005,64,LL,0891,47.9399,0.999073,1.044947,0.0,1.0,0.28125,0.71875,0,2.18,3.26,4.47,models/windowed_cnn_grid/64bit_a0.005/windowed_cnn_best.pt@639e33db8499
matrix-20260918-025538-98a873,0.005,64,LL,0892,47.8537,0.999543,1.065882,0.03125,0.96875,0.390625,0.609375,0,2.19,3.39,4.54,models/windowed_cnn_grid/64bit_a0.005/windowed_cnn_best.pt@639e33db8499
matrix-20260918-025538-98a873,0.005,64,LL,0893,50.3599,0.998176,0.598541,0.015625,0.984375,0.375,0.625,0,2.16,3.27,4.4,models/windowed_cnn_grid/64bit_a0.005/windowed_cnn_best.pt@639e33db8499
matrix-20260918-025538-98a873,0.005,64,LL,0894,47.3471,0.998506,1.197754,0.03125,0.96875,0.53125,0.46875,0,2.15,3.25,4.51,models/windowed_cnn_grid/64bit_a0.005/windowed_cnn_best.pt@639e33db8499
matrix-20260918-025538-98a873,0.005,64,LL,0895,48.7796,0.998884,0.861231,0.0,1.0,0.21875,0.78125,0,2.19,3.31,4.46,models/windowed_cnn_grid/64bit_a0.005/windowed_cnn_best.pt@639e33db8499
matrix-20260918-025538-98a873,0.005,64,LL,0896,46.6559,0.996464,1.404383,0.0,1.0,0.453125,0.546875,0,2.15,3.25,4.44,models/windowed_cnn_grid/64bit_a0.005/windowed_cnn_best.pt@639e33db8499
matrix-20260918-025538-98a873,0.005,64,LL,0897,49.5119,0.999754,0.7276,0.0625,0.9375,0.265625,0.734375,0,2.2,3.34,4.47,models/windowed_cnn_grid/64bit_a0.005/windowed_cnn_best.pt@639e33db8499
matrix-20260918-025538-98a873,0.005,64,LL,0898,46.8576,0.996492,1.340678,0.0,1.0,0.375,0.625,0,2.14,3.23,4.42,models/windowed_cnn_grid/64bit_a0.005/windowed_cnn_best.pt@639e33db8499
matrix-20260918-025538-98a873,0.005,64,LL,0899,49.7587,0.998317,0.687403,0.0625,0.9375,0.375,0.625,0,2.18,3.31,4.5,models/windowed_cnn_grid/64bit_a0.005/windowed_cnn_best.pt@639e33db8499
matrix-20260918-025538-98a873,0.005,64,LL,0900,50.6998,0.9981,0.553472,0.03125,0.96875,0.34375,0.65625,0,2.16,3.3,4.43,models/windowed_cnn_grid/64bit_a0.005/windowed_cnn_best.pt@639e33db8499
matrix-20260918-025538-98a873,0.005,128,LL,0801,48.1055,0.999344,1.005834,0.09375,0.90625,0.320312,0.679688,0,2.2,3.29,6.47,models/windowed_cnn_grid/128bit_a0.005/windowed_cnn_best.pt@69622428c2f8
matrix-20260918-025538-98a873,0.005,128,LL,0802,48.9489,0.99715,0.828313,0.109375,0.890625,0.359375,0.640625,0,2.17,3.28,6.28,models/windowed_cnn_grid/128bit_a0.005/windowed_cnn_best.pt@69622428c2f8
matrix-20260918-025538-98a873,0.005,128,LL,0803,47.5192,0.998211,1.151235,0.179688,0.820312,0.492188,0.507812,0,2.15,3.36,6.12,models/windowed_cnn_grid/128bit_a0.005/windowed_cnn_best.pt@69622428c2f8
matrix-20260918-025538-98a873,0.005,128,LL,0804,47.9045,0.999207,1.053497,0.117188,0.882812,0.375,0.625,0,2.24,3.33,6.21,models/windowed_cnn_grid/128bit_a0.005/windowed_cnn_best.pt@69622428c2f8
matrix-20260918-025538-98a873,0.005,128,LL,0805,47.6097,0.998806,1.127482,0.148438,0.851562,0.421875,0.578125,0,2.16,3.3,6.28,models/windowed_cnn_grid/128bit_a0.005/windowed_cnn_best.pt@69622428c2f8
matrix-20260918-025538-98a873,0.005,128,LL,0806,48.374,0.996929,0.945541,0.117188,0.882812,0.421875,0.578125,0,2.15,3.27,6.17,models/windowed_cnn_grid/128bit_a0.005/windowed_cnn_best.pt@69622428c2f8
matrix-20260918-025538-98a873,0.005,128,LL,0807,49.2321,0.998325,0.776021,0.085938,0.914062,0.34375,0.65625,0,2.19,3.35,6.16,models/windowed_cnn_grid/128bit_a0.005/windowed_cnn_best.pt@69622428c2f8
matrix-20260918-025538-98a873,0.005,128,LL,0808,49.2143,0.997009,0.779195,0.1875,0.8125,0.40625,0.59375,0,2.14,3.25,6.15,models/windowed_cnn_grid/128bit_a0.005/windowed_cnn_best.pt@69622428c2f8
matrix-20260918-025538-98a873,0.005,128,LL,0809,47.9801,0.999006,1.035299,0.132812,0.867188,0.3125,0.6875,0,2.17,3.31,6.32,models/windowed_cnn_grid/128bit_a0.005/windowed_cnn_best.pt@69622428c2f8
matrix-20260918-025538-98a873,0.005,128,LL,0810,48.198,0.998283,0.984645,0.0625,0.9375,0.234375,0.765625,0,2.17,3.3,6.27,models/windowed_cnn_grid/128bit_a0.005/windowed_cnn_best.pt@69622428c2f8
matrix-20260918-025538-98a873,0.005,128,LL,0811,49.9796,0.998371,0.65331,0.070312,0.929688,0.382812,0.617188,0,2.18,3.35,6.25,models/windowed_cnn_grid/128bit_a0.005/windowed_cnn_best.pt@69622428c2f8
matrix-20260918-025538-98a873,0.005,128,LL,0812,48.2352,0.998198,0.976242,0.15625,0.84375,0.367188,0.632812,0,2.16,3.31,6.16,models/windowed_cnn_grid/128bit_a0.005/windowed_cnn_best.pt@69622428c2f8
matrix-20260918-025538-98a873,0.005,128,LL,0813,48.8151,0.998855,0.854223,0.117188,0.882812,0.351562,0.648438,0,2.16,3.3,6.23,models/windowed_cnn_grid/128bit_a0.005/windowed_cnn_best.pt@69622428c2f8
matrix-20260918-025538-98a873,0.005,128,LL,0814,51.7349,0.998392,0.436101,0.25,0.75,0.421875,0.578125,0,2.13,3.25,6.25,models/windowed_cnn_grid/128bit_a0.005/windowed_cnn_best.pt@69622428c2f8
matrix-20260918-025538-98a873,0.005,128,LL,0815,49.1631,0.998923,0.788437,0.070312,0.929688,0.328125,0.671875,0,2.19,3.3,6.07,models/windowed_cnn_grid/128bit_a0.005/windowed_cnn_best.pt@69622428c2f8
matrix-20260918-025538-98a873,0.005,128,LL,0816,47.842,0.998489,1.068771,0.203125,0.796875,0.34375,0.65625,0,2.16,3.27,6.54,models/windowed_cnn_grid/128bit_a0.005/windowed_cnn_best.pt@69622428c2f8
matrix-20260918-025538-98a873,0.005,128,LL,0817,47.722,0.99861,1.098709,0.078125,0.921875,0.34375,0.65625,0,2.32,3.32,6.24,models/windowed_cnn_grid/128bit_a0.005/windowed_cnn_best.pt@69622428c2f8
matrix-20260918-025538-98a873,0.005,128,LL,0818,47.6919,0.9982,1.106339,0.09375,0.90625,0.40625,0.59375,0,2.16,3.27,6.25,models/windowed_cnn_grid/128bit_a0.005/windowed_cnn_best.pt@69622428c2f8
matrix-20260918-025538-98a873,0.005,128,LL,0819,48.4442,0.998986,0.930379,0.109375,0.890625,0.375,0.625,0,2.18,3.33,6.28,models/windowed_cnn_grid/128bit_a0.005/windowed_cnn_best.pt@69622428c2f8
matrix-20260918-025538-98a873,0.005,128,LL,0820,48.2294,0.999271,0.977554,0.070312,0.929688,0.34375,0.65625,0,2.21,3.36,6.25,models/windowed_cnn_grid/128bit_a0.005/windowed_cnn_best.pt@69622428c2f8
matrix-20260918-025538-98a873,0.005,128,LL,0821,49.1218,0.998787,0.79598,0.054688,0.945312,0.359375,0.640625,0,2.22,3.35,6.23,models/windowed_cnn_grid/128bit_a0.005/windowed_cnn_best.pt@69622428c2f8
matrix-20260918-025538-98a873,0.005,128,LL,0822,50.0157,0.999159,0.647898,0.109375,0.890625,0.367188,0.632812,0,2.21,3.32,6.27,models/windowed_cnn_grid/128bit_a0.005/windowed_cnn_best.pt@69622428c2f8
matrix-20260918-025538-98a873,0.005,128,LL,0823,48.122,0.997735,1.002024,0.101562,0.898438,0.453125,0.546875,0,2.16,3.3,6.17,models/windowed_cnn_grid/128bit_a0.005/windowed_cnn_best.pt@69622428c2f8
matrix-20260918-025538-98a873,0.005,128,LL,0824,48.4574,0.99885,0.927546,0.132812,0.867188,0.351562,0.648438,0,2.17,3.29,6.18,models/windowed_cnn_grid/128bit_a0.005/windowed_cnn_best.pt@69622428c2f8
matrix-20260918-025538-98a873,0.005,128,LL,0825,47.9417,0.999206,1.044505,0.09375,0.90625,0.351562,0.648438,0,2.2,3.29,6.25,models/windowed_cnn_grid/128bit_a0.005/windowed_cnn_best.pt@69622428c2f8
matrix-20260918-025538-98a873,0.005,128,LL,0826,48.3413,0.998417,0.952688,0.140625,0.859375,0.375,0.625,0,2.17,3.26,6.24,models/windowed_cnn_grid/128bit_a0.005/windowed_cnn_best.pt@69622428c2f8
matrix-20260918-025538-98a873,0.005,128,LL,0827,52.9265,0.997753,0.331462,0.25,0.75,0.53125,0.46875,0,2.17,3.37,6.29,models/windowed_cnn_grid/128bit_a0.005/windowed_cnn_best.pt@69622428c2f8
matrix-20260918-025538-98a873,0.005,128,LL,0828,52.4618,0.998988,0.368891,0.078125,0.921875,0.414062,0.585938,0,2.24,3.33,6.3,models/windowed_cnn_grid/128bit_a0.005/windowed_cnn_best.pt@69622428c2f8
matrix-20260918-025538-98a873,0.005,128,LL,0829,48.8199,0.997436,0.853271,0.101562,0.898438,0.34375,0.65625,0,2.18,3.28,6.39,models/windowed_cnn_grid/128bit_a0.005/windowed_cnn_best.pt@69622428c2f8
matrix-20260918-025538-98a873,0.005,128,LL,0830,47.5773,0.997708,1.135925,0.203125,0.796875,0.296875,0.703125,0,2.18,3.32,6.35,models/windowed_cnn_grid/128bit_a0.005/windowed_cnn_best.pt@69622428c2f8
matrix-20260918-025538-98a873,0.005,128,LL,0831,49.9348,0.99898,0.66009,0.0625,0.9375,0.34375,0.65625,0,2.24,3.28,6.29,models/windowed_cnn_grid/128bit_a0.005/windowed_cnn_best.pt@69622428c2f8
matrix-20260918-025538-98a873,0.005,128,LL,0832,48.9101,0.99879,0.835744,0.0625,0.9375,0.3125,0.6875,0,2.22,3.29,6.3,models/windowed_cnn_grid/128bit_a0.005/windowed_cnn_best.pt@69622428c2f8
matrix-20260918-025538-98a873,0.005,128,LL,0833,47.8666,0.999484,1.062734,0.210938,0.789062,0.546875,0.453125,0,2.15,3.21,6.15,models/windowed_cnn_grid/128bit_a0.005/windowed_cnn_best.pt@69622428c2f8
matrix-20260918-025538-98a873,0.005,128,LL,0834,47.5659,0.99791,1.138916,0.109375,0.890625,0.414062,0.585938,0,2.18,3.3,6.24,models/windowed_cnn_grid/128bit_a0.005/windowed_cnn_best.pt@69622428c2f8
matrix-20260918-025538-98a873,0.005,128,LL,0835,49.2417,0.99902,0.774302,0.15625,0.84375,0.367188,0.632812,0,2.19,3.3,6.24,models/windowed_cnn_grid/128bit_a0.005/windowed_cnn_best.pt@69622428c2f8
matrix-20260918-025538-98a873,0.005,128,LL,0836,47.7356,0.999003,1.095266,0.101562,0.898438,0.351562,0.648438,0,2.18,3.29,6.31,models/windowed_cnn_grid/128bit_a0.005/windowed_cnn_best.pt@69622428c2f8
matrix-20260918-025538-98a873,0.005,128,LL,0837,49.452,0.999312,0.737707,0.039062,0.960938,0.335938,0.664062,0,2.19,3.31,6.29,models/windowed_cnn_grid/128bit_a0.005/windowed_cnn_best.pt@69622428c2f8
matrix-20260918-025538-98a873,0.005,128,LL,0838,49.4432,0.997569,0.739197,0.195312,0.804688,0.398438,0.601562,0,2.14,3.25,6.2,models/windowed_cnn_grid/128bit_a0.005/windowed_cnn_best.pt@69622428c2f8
matrix-20260918-025538-98a873,0.005,128,LL,0839,51.7279,0.999402,0.436808,0.195312,0.804688,0.453125,0.546875,0,2.1,3.16,6.16,models/windowed_cnn_grid/128bit_a0.005/windowed_cnn_best.pt@69622428c2f8
matrix-20260918-025538-98a873,0.005,128,LL,0840,50.5109,0.999339,0.578079,0.109375,0.890625,0.367188,0.632812,0,2.22,3.3,6.4,models/windowed_cnn_grid/128bit_a0.005/windowed_cnn_best.pt@69622428c2f8
matrix-20260918-025538-98a873,0.005,128,LL,0841,50.6407,0.998025,0.561056,0.179688,0.820312,0.429688,0.570312,0,2.17,3.29,6.31,models/windowed_cnn_grid/128bit_a0.005/windowed_cnn_best.pt@69622428c2f8
matrix-20260918-025538-98a873,0.005,128,LL,0842,47.4799,0.998732,1.161687,0.109375,0.890625,0.304688,0.695312,0,2.19,3.28,6.3,models/windowed_cnn_grid/128bit_a0.005/windowed_cnn_best.pt@69622428c2f8
matrix-20260918-025538-98a873,0.005,128,LL,0843,56.1233,0.999842,0.158763,0.34375,0.65625,0.421875,0.578125,0,1.83,2.59,5.87,models/windowed_cnn_grid/128bit_a0.005/windowed_cnn_best.pt@69622428c2f8
matrix-20260918-025538-98a873,0.005,128,LL,0844,47.2954,0.997419,1.212102,0.195312,0.804688,0.460938,0.539062,0,2.18,3.3,6.15,models/windowed_cnn_grid/128bit_a0.005/windowed_cnn_best.pt@69622428c2f8
matrix-20260918-025538-98a873,0.005,128,LL,0845,47.6961,0.998762,1.10527,0.15625,0.84375,0.390625,0.609375,0,2.15,3.28,6.32,models/windowed_cnn_grid/128bit_a0.005/windowed_cnn_best.pt@69622428c2f8
matrix-20260918-025538-98a873,0.005,128,LL,0846,48.9077,0.999334,0.836197,0.132812,0.867188,0.421875,0.578125,0,2.16,3.29,6.3,models/windowed_cnn_grid/128bit_a0.005/windowed_cnn_best.pt@69622428c2f8
matrix-20260918-025538-98a873,0.005,128,LL,0847,48.5032,0.998908,0.917831,0.101562,0.898438,0.359375,0.640625,0,2.18,3.28,6.22,models/windowed_cnn_grid/128bit_a0.005/windowed_cnn_best.pt@69622428c2f8
matrix-20260918-025538-98a873,0.005,128,LL,0848,48.6894,0.997658,0.879313,0.0625,0.9375,0.40625,0.59375,0,2.17,3.3,6.28,models/windowed_cnn_grid/128bit_a0.005/windowed_cnn_best.pt@69622428c2f8
matrix-20260918-025538-98a873,0.005,128,LL,0849,48.7649,0.99954,0.864161,0.078125,0.921875,0.296875,0.703125,0,2.22,3.35,6.27,models/windowed_cnn_grid/128bit_a0.005/windowed_cnn_best.pt@69622428c2f8
matrix-20260918-025538-98a873,0.005,128,LL,0850,48.6592,0.998704,0.885447,0.140625,0.859375,0.34375,0.65625,0,2.16,3.28,6.28,models/windowed_cnn_grid/128bit_a0.005/windowed_cnn_best.pt@69622428c2f8
matrix-20260918-025538-98a873,0.005,128,LL,0851,50.8179,0.994753,0.538625,0.15625,0.84375,0.367188,0.632812,0,2.16,3.29,6.26,models/windowed_cnn_grid/128bit_a0.005/windowed_cnn_best.pt@69622428c2f8
matrix-20260918-025538-98a873,0.005,128,LL,0852,53.5212,0.997376,0.289042,0.390625,0.609375,0.515625,0.484375,0,2.21,3.28,6.28,models/windowed_cnn_grid/128bit_a0.005/windowed_cnn_best.pt@69622428c2f8
matrix-20260918-025538-98a873,0.005,128,LL,0853,49.9251,0.99686,0.66156,0.15625,0.84375,0.390625,0.609375,0,2.19,3.25,6.25,models/windowed_cnn_grid/128bit_a0.005/windowed_cnn_best.pt@69622428c2f8
matrix-20260918-025538-98a873,0.005,128,LL,0854,47.6404,0.998668,1.119548,0.171875,0.828125,0.359375,0.640625,0,2.16,3.34,6.22,models/windowed_cnn_grid/128bit_a0.005/windowed_cnn_best.pt@69622428c2f8
matrix-20260918-025538-98a873,0.005,128,LL,0855,48.4858,0.998184,0.921519,0.132812,0.867188,0.429688,0.570312,0,2.22,3.32,6.28,models/windowed_cnn_grid/128bit_a0.005/windowed_cnn_best.pt@69622428c2f8
matrix-20260918-025538-98a873,0.005,128,LL,0856,52.054,0.998482,0.405212,0.15625,0.84375,0.445312,0.554688,0,2.18,3.33,6.24,models/windowed_cnn_grid/128bit_a0.005/windowed_cnn_best.pt@69622428c2f8
matrix-20260918-025538-98a873,0.005,128,LL,0857,47.87,0.997754,1.0619,0.117188,0.882812,0.367188,0.632812,0,2.15,3.28,6.2,models/windowed_cnn_grid/128bit_a0.005/windowed_cnn_best.pt@69622428c2f8
matrix-20260918-025538-98a873,0.005,128,LL,0858,51.1558,0.998124,0.498311,0.164062,0.835938,0.4375,0.5625,0,2.19,3.3,6.28,models/windowed_cnn_grid/128bit_a0.005/windowed_cnn_best.pt@69622428c2f8
matrix-20260918-025538-98a873,0.005,128,LL,0859,47.2985,0.998958,1.211233,0.0625,0.9375,0.296875,0.703125,0,2.17,3.29,6.21,models/windowed_cnn_grid/128bit_a0.005/windowed_cnn_best.pt@69622428c2f8
matrix-20260918-025538-98a873,0.005,128,LL,0860,49.0036,0.999476,0.817937,0.054688,0.945312,0.34375,0.65625,0,2.19,3.28,6.26,models/windowed_cnn_grid/128bit_a0.005/windowed_cnn_best.pt@69622428c2f8
matrix-20260918-025538-98a873,0.005,128,LL,0861,50.2829,0.998762,0.609248,0.140625,0.859375,0.382812,0.617188,0,2.19,3.27,6.17,models/windowed_cnn_grid/128bit_a0.005/windowed_cnn_best.pt@69622428c2f8
matrix-20260918-025538-98a873,0.005,128,LL,0862,47.2933,0.997683,1.212682,0.15625,0.84375,0.304688,0.695312,0,2.15,3.28,6.3,models/windowed_cnn_grid/128bit_a0.005/windowed_cnn_best.pt@69622428c2f8
matrix-20260918-025538-98a873,0.005,128,LL,0863,48.3435,0.998713,0.952209,0.15625,0.84375,0.382812,0.617188,0,2.16,3.25,6.3,models/windowed_cnn_grid/128bit_a0.005/windowed_cnn_best.pt@69622428c2f8
matrix-20260918-025538-98a873,0.005,128,LL,0864,50.516,0.999089,0.577408,0.125,0.875,0.390625,0.609375,0,2.2,3.3,6.22,models/windowed_cnn_grid/128bit_a0.005/windowed_cnn_best.pt@69622428c2f8
matrix-20260918-025538-98a873,0.005,128,LL,0865,48.4163,0.999061,0.936371,0.0625,0.9375,0.375,0.625,0,2.16,3.36,6.25,models/windowed_cnn_grid/128bit_a0.005/windowed_cnn_best.pt@69622428c2f8
matrix-20260918-025538-98a873,0.005,128,LL,0866,47.7939,0.99925,1.080653,0.046875,0.953125,0.296875,0.703125,0,2.17,3.28,6.3,models/windowed_cnn_grid/128bit_a0.005/windowed_cnn_best.pt@69622428c2f8
matrix-20260918-025538-98a873,0.005,128,LL,0867,48.8537,0.999205,0.846664,0.085938,0.914062,0.40625,0.59375,0,2.19,3.31,6.22,models/windowed_cnn_grid/128bit_a0.005/windowed_cnn_best.pt@69622428c2f8
matrix-20260918-025538-98a873,0.005,128,LL,0868,48.0027,0.999823,1.029943,0.328125,0.671875,0.367188,0.632812,0,2.17,3.2,6.18,models/windowed_cnn_grid/128bit_a0.005/windowed_cnn_best.pt@69622428c2f8
matrix-20260918-025538-98a873,0.005,128,LL,0869,48.1936,0.998433,0.985641,0.09375,0.90625,0.390625,0.609375,0,2.16,3.26,6.19,models/windowed_cnn_grid/128bit_a0.005/windowed_cnn_best.pt@69622428c2f8
matrix-20260918-025538-98a873,0.005,128,LL,0870,48.4284,0.999377,0.933762,0.085938,0.914062,0.226562,0.773438,0,2.18,3.37,6.35,models/windowed_cnn_grid/128bit_a0.005/windowed_cnn_best.pt@69622428c2f8
matrix-20260918-025538-98a873,0.005,128,LL,0871,47.9395,0.99902,1.045024,0.070312,0.929688,0.414062,0.585938,0,2.17,3.29,6.28,models/windowed_cnn_grid/128bit_a0.005/windowed_cnn_best.pt@69622428c2f8
matrix-20260918-025538-98a873,0.005,128,LL,0872,48.0982,0.999332,1.007538,0.070312,0.929688,0.328125,0.671875,0,2.19,3.32,6.29,models/windowed_cnn_grid/128bit_a0.005/windowed_cnn_best.pt@69622428c2f8
matrix-20260918-025538-98a873,0.005,128,LL,0873,48.7576,0.998873,0.865611,0.101562,0.898438,0.359375,0.640625,0,2.18,3.29,6.28,models/windowed_cnn_grid/128bit_a0.005/windowed_cnn_best.pt@69622428c2f8
matrix-20260918-025538-98a873,0.005,128,LL,0874,47.152,0.998602,1.252803,0.109375,0.890625,0.414062,0.585938,0,2.19,3.28,6.24,models/windowed_cnn_grid/128bit_a0.005/windowed_cnn_best.pt@69622428c2f8
matrix-20260918-025538-98a873,0.005,128,LL,0875,49.4613,0.999465,0.73612,0.09375,0.90625,0.359375,0.640625,0,2.26,3.32,6.3,models/windowed_cnn_grid/128bit_a0.005/windowed_cnn_best.pt@69622428c2f8
matrix-20260918-025538-98a873,0.005,128,LL,0876,51.9655,0.998993,0.413549,0.117188,0.882812,0.382812,0.617188,0,2.17,3.28,6.29,models/windowed_cnn_grid/128bit_a0.005/windowed_cnn_best.pt@69622428c2f8
matrix-20260918-025538-98a873,0.005,128,LL,0877,53.4606,0.998376,0.293106,0.171875,0.828125,0.492188,0.507812,0,2.18,3.29,6.36,models/windowed_cnn_grid/128bit_a0.005/windowed_cnn_best.pt@69622428c2f8
matrix-20260918-025538-98a873,0.005,128,LL,0878,47.6007,0.99918,1.129832,0.078125,0.921875,0.328125,0.671875,0,2.2,3.3,6.29,models/windowed_cnn_grid/128bit_a0.005/windowed_cnn_best.pt@69622428c2f8
matrix-20260918-025538-98a873,0.005,128,LL,0879,49.1321,0.997051,0.794093,0.164062,0.835938,0.382812,0.617188,0,2.15,3.32,6.28,models/windowed_cnn_grid/128bit_a0.005/windowed_cnn_best.pt@69622428c2f8
matrix-20260918-025538-98a873,0.005,128,LL,0880,48.6129,0.997912,0.894933,0.21875,0.78125,0.429688,0.570312,0,2.16,3.27,6.3,models/windowed_cnn_grid/128bit_a0.005/windowed_cnn_best.pt@69622428c2f8
matrix-20260918-025538-98a873,0.005,128,LL,0881,47.4333,0.998143,1.17422,0.21875,0.78125,0.445312,0.554688,0,2.15,3.26,6.26,models/windowed_cnn_grid/128bit_a0.005/windowed_cnn_best.pt@69622428c2f8
matrix-20260918-025538-98a873,0.005,128,LL,0882,48.3621,0.998422,0.94813,0.085938,0.914062,0.328125,0.671875,0,2.17,3.26,6.34,models/windowed_cnn_grid/128bit_a0.005/windowed_cnn_best.pt@69622428c2f8
matrix-20260918-025538-98a873,0.005,128,LL,0883,48.1887,0.998888,0.986755,0.039062,0.960938,0.398438,0.601562,0,2.23,3.32,6.31,models/windowed_cnn_grid/128bit_a0.005/windowed_cnn_best.pt@69622428c2f8
matrix-20260918-025538-98a873,0.005,128,LL,0884,48.9622,0.999225,0.825775,0.101562,0.898438,0.367188,0.632812,0,2.18,3.28,6.3,models/windowed_cnn_grid/128bit_a0.005/windowed_cnn_best.pt@69622428c2f8
matrix-20260918-025538-98a873,0.005,128,LL,0885,49.6859,0.998363,0.699025,0.171875,0.828125,0.359375,0.640625,0,2.18,3.32,6.28,models/windowed_cnn_grid/128bit_a0.005/windowed_cnn_best.pt@69622428c2f8
matrix-20260918-025538-98a873,0.005,128,LL,0886,49.0565,0.997456,0.808029,0.140625,0.859375,0.320312,0.679688,0,2.15,3.26,6.18,models/windowed_cnn_grid/128bit_a0.005/windowed_cnn_best.pt@69622428c2f8
matrix-20260918-025538-98a873,0.005,128,LL,0887,48.1351,0.997741,0.999013,0.171875,0.828125,0.476562,0.523438,0,2.15,3.28,6.22,models/windowed_cnn_grid/128bit_a0.005/windowed_cnn_best.pt@69622428c2f8
matrix-20260918-025538-98a873,0.005,128,LL,0888,48.3606,0.999141,0.948466,0.148438,0.851562,0.375,0.625,0,2.18,3.32,6.29,models/windowed_cnn_grid/128bit_a0.005/windowed_cnn_best.pt@69622428c2f8
matrix-20260918-025538-98a873,0.005,128,LL,0889,48.1083,0.99951,1.005193,0.085938,0.914062,0.351562,0.648438,0,2.19,3.31,6.28,models/windowed_cnn_grid/128bit_a0.005/windowed_cnn_best.pt@69622428c2f8
matrix-20260918-025538-98a873,0.005,128,LL,0890,47.8209,0.998311,1.073954,0.140625,0.859375,0.414062,0.585938,0,2.17,3.27,6.24,models/windowed_cnn_grid/128bit_a0.005/windowed_cnn_best.pt@69622428c2f8
matrix-20260918-025538-98a873,0.005,128,LL,0891,47.9177,0.999157,1.050298,0.09375,0.90625,0.382812,0.617188,0,2.16,3.3,6.3,models/windowed_cnn_grid/128bit_a0.005/windowed_cnn_best.pt@69622428c2f8
matrix-20260918-025538-98a873,0.005,128,LL,0892,47.7533,0.999537,1.090815,0.125,0.875,0.320312,0.679688,0,2.18,3.42,6.31,models/windowed_cnn_grid/128bit_a0.005/windowed_cnn_best.pt@69622428c2f8
matrix-20260918-025538-98a873,0.005,128,LL,0893,50.3797,0.998195,0.595815,0.078125,0.921875,0.382812,0.617188,0,2.22,3.29,6.23,models/windowed_cnn_grid/128bit_a0.005/windowed_cnn_best.pt@69622428c2f8
matrix-20260918-025538-98a873,0.005,128,LL,0894,47.2811,0.998454,1.2161,0.164062,0.835938,0.4375,0.5625,0,2.18,3.27,6.3,models/windowed_cnn_grid/128bit_a0.005/windowed_cnn_best.pt@69622428c2f8
matrix-20260918-025538-98a873,0.005,128,LL,0895,48.8406,0.999028,0.849228,0.117188,0.882812,0.382812,0.617188,0,2.21,3.32,6.3,models/windowed_cnn_grid/128bit_a0.005/windowed_cnn_best.pt@69622428c2f8
matrix-20260918-025538-98a873,0.005,128,LL,0896,47.0104,0.996303,1.294322,0.125,0.875,0.445312,0.554688,0,2.15,3.27,6.26,models/windowed_cnn_grid/128bit_a0.005/windowed_cnn_best.pt@69622428c2f8
matrix-20260918-025538-98a873,0.005,128,LL,0897,49.4763,0.99974,0.733582,0.109375,0.890625,0.273438,0.726562,0,2.21,3.35,6.27,models/windowed_cnn_grid/128bit_a0.005/windowed_cnn_best.pt@69622428c2f8
matrix-20260918-025538-98a873,0.005,128,LL,0898,47.3745,0.996483,1.190216,0.21875,0.78125,0.351562,0.648438,0,2.15,3.26,6.24,models/windowed_cnn_grid/128bit_a0.005/windowed_cnn_best.pt@69622428c2f8
matrix-20260918-025538-98a873,0.005,128,LL,0899,49.7163,0.998277,0.694148,0.0625,0.9375,0.382812,0.617188,0,2.19,3.34,6.28,models/windowed_cnn_grid/128bit_a0.005/windowed_cnn_best.pt@69622428c2f8
matrix-20260918-025538-98a873,0.005,128,LL,0900,50.7601,0.997553,0.545848,0.117188,0.882812,0.523438,0.476562,0,2.16,3.28,6.34,models/windowed_cnn_grid/128bit_a0.005/windowed_cnn_best.pt@69622428c2f8
matrix-20260918-025538-98a873,0.005,256,LL+HL,0801,48.0909,0.999322,1.009226,0.0625,0.9375,,,,3.52,6.06,,
matrix-20260918-025538-98a873,0.005,256,LL+HL,0802,49.0136,0.997268,0.81605,0.097656,0.902344,,,,3.46,5.81,,
matrix-20260918-025538-98a873,0.005,256,LL+HL,0803,47.5259,0.998221,1.149455,0.15625,0.84375,,,,3.42,5.81,,
matrix-20260918-025538-98a873,0.005,256,LL+HL,0804,47.9738,0.999269,1.036819,0.117188,0.882812,,,,3.48,5.82,,
matrix-20260918-025538-98a873,0.005,256,LL+HL,0805,47.5352,0.999147,1.146998,0.078125,0.921875,,,,3.49,6.07,,
matrix-20260918-025538-98a873,0.005,256,LL+HL,0806,48.5162,0.998045,0.91508,0.136719,0.863281,,,,3.49,5.77,,
matrix-20260918-025538-98a873,0.005,256,LL+HL,0807,48.8717,0.998215,0.843155,0.101562,0.898438,,,,3.55,6.06,,
matrix-20260918-025538-98a873,0.005,256,LL+HL,0808,49.6938,0.997227,0.697744,0.175781,0.824219,,,,3.56,5.98,,
matrix-20260918-025538-98a873,0.005,256,LL+HL,0809,47.9589,0.99899,1.040375,0.117188,0.882812,,,,3.59,6.08,,
matrix-20260918-025538-98a873,0.005,256,LL+HL,0810,47.7351,0.998383,1.095383,0.140625,0.859375,,,,3.6,5.86,,
matrix-20260918-025538-98a873,0.005,256,LL+HL,0811,50.0784,0.998364,0.638611,0.101562,0.898438,,,,3.51,5.97,,
matrix-20260918-025538-98a873,0.005,256,LL+HL,0812,48.197,0.998234,0.984868,0.089844,0.910156,,,,3.53,5.82,,
matrix-20260918-025538-98a873,0.005,256,LL+HL,0813,49.0088,0.999017,0.816961,0.097656,0.902344,,,,3.47,5.99,,
matrix-20260918-025538-98a873,0.005,256,LL+HL,0814,51.5692,0.998434,0.453069,0.222656,0.777344,,,,3.38,5.64,,
matrix-20260918-025538-98a873,0.005,256,LL+HL,0815,49.3948,0.998946,0.747487,0.117188,0.882812,,,,3.45,5.96,,
matrix-20260918-025538-98a873,0.005,256,LL+HL,0816,47.8269,0.99851,1.072474,0.078125,0.921875,,,,3.52,5.82,,
matrix-20260918-025538-98a873,0.005,256,LL+HL,0817,47.6713,0.998677,1.111598,0.121094,0.878906,,,,3.48,5.98,,
matrix-20260918-025538-98a873,0.005,256,LL+HL,0818,47.731,0.998198,1.096441,0.15625,0.84375,,,,3.54,5.81,,
matrix-20260918-025538-98a873,0.005,256,LL+HL,0819,48.5993,0.998982,0.897736,0.070312,0.929688,,,,3.49,5.93,,
matrix-20260918-025538-98a873,0.005,256,LL+HL,0820,47.9891,0.999236,1.033157,0.078125,0.921875,,,,3.49,5.82,,
matrix-20260918-025538-98a873,0.005,256,LL+HL,0821,49.1233,0.998816,0.795695,0.0625,0.9375,,,,3.48,5.88,,
matrix-20260918-025538-98a873,0.005,256,LL+HL,0822,50.0231,0.999228,0.646795,0.089844,0.910156,,,,3.57,5.94,,
matrix-20260918-025538-98a873,0.005,256,LL+HL,0823,47.6106,0.996,1.127248,0.15625,0.84375,,,,3.42,6.02,,
matrix-20260918-025538-98a873,0.005,256,LL+HL,0824,48.5093,0.99883,0.916529,0.121094,0.878906,,,,3.46,5.79,,
matrix-20260918-025538-98a873,0.005,256,LL+HL,0825,48.1028,0.99919,1.00647,0.058594,0.941406,,,,3.47,5.93,,
matrix-20260918-025538-98a873,0.005,256,LL+HL,0826,48.3873,0.998391,0.942642,0.152344,0.847656,,,,3.51,5.78,,
matrix-20260918-025538-98a873,0.005,256,LL+HL,0827,52.9047,0.997747,0.33313,0.324219,0.675781,,,,3.45,5.93,,
matrix-20260918-025538-98a873,0.005,256,LL+HL,0828,52.3086,0.999,0.382136,0.113281,0.886719,,,,3.56,5.89,,
matrix-20260918-025538-98a873,0.005,256,LL+HL,0829,48.807,0.997343,0.855815,0.15625,0.84375,,,,3.44,5.9,,
matrix-20260918-025538-98a873,0.005,256,LL+HL,0830,47.6023,0.997641,1.129405,0.164062,0.835938,,,,3.49,5.78,,
matrix-20260918-025538-98a873,0.005,256,LL+HL,0831,49.7559,0.998974,0.687851,0.085938,0.914062,,,,3.55,5.98,,
matrix-20260918-025538-98a873,0.005,256,LL+HL,0832,49.2764,0.998716,0.768143,0.066406,0.933594,,,,3.57,5.8,,
matrix-20260918-025538-98a873,0.005,256,LL+HL,0833,47.687,0.999407,1.107595,0.214844,0.785156,,,,3.41,5.87,,
matrix-20260918-025538-98a873,0.005,256,LL+HL,0834,48.2706,0.998503,0.968323,0.101562,0.898438,,,,3.49,5.8,,
matrix-20260918-025538-98a873,0.005,256,LL+HL,0835,49.3715,0.998989,0.7515,0.101562,0.898438,,,,3.47,5.99,,
matrix-20260918-025538-98a873,0.005,256,LL+HL,0836,47.6842,0.998972,1.108317,0.109375,0.890625,,,,3.51,5.74,,
matrix-20260918-025538-98a873,0.005,256,LL+HL,0837,49.4401,0.999306,0.739721,0.140625,0.859375,,,,3.51,5.91,,
matrix-20260918-025538-98a873,0.005,256,LL+HL,0838,49.312,0.997464,0.761876,0.171875,0.828125,,,,3.43,5.71,,
matrix-20260918-025538-98a873,0.005,256,LL+HL,0839,50.8574,0.995192,0.533752,0.175781,0.824219,,,,3.35,5.68,,
matrix-20260918-025538-98a873,0.005,256,LL+HL,0840,50.3823,0.999316,0.595454,0.054688,0.945312,,,,3.54,5.84,,
matrix-20260918-025538-98a873,0.005,256,LL+HL,0841,50.6935,0.998011,0.554276,0.164062,0.835938,,,,3.48,5.96,,
matrix-20260918-025538-98a873,0.005,256,LL+HL,0842,47.5489,0.998829,1.143366,0.128906,0.871094,,,,3.51,5.78,,
matrix-20260918-025538-98a873,0.005,256,LL+HL,0843,56.0126,0.99982,0.162862,0.28125,0.71875,,,,2.67,4.26,,
matrix-20260918-025538-98a873,0.005,256,LL+HL,0844,47.4059,0.99743,1.181656,0.292969,0.707031,,,,3.43,5.77,,
matrix-20260918-025538-98a873,0.005,256,LL+HL,0845,48.2312,0.999195,0.977147,0.140625,0.859375,,,,3.48,6.03,,
matrix-20260918-025538-98a873,0.005,256,LL+HL,0846,48.8726,0.999348,0.842992,0.140625,0.859375,,,,3.44,5.82,,
matrix-20260918-025538-98a873,0.005,256,LL+HL,0847,48.6342,0.99888,0.890549,0.09375,0.90625,,,,3.47,5.91,,
matrix-20260918-025538-98a873,0.005,256,LL+HL,0848,48.7598,0.998327,0.865158,0.089844,0.910156,,,,3.51,5.82,,
matrix-20260918-025538-98a873,0.005,256,LL+HL,0849,48.581,0.999528,0.901525,0.054688,0.945312,,,,3.51,6.01,,
matrix-20260918-025538-98a873,0.005,256,LL+HL,0850,48.5961,0.998653,0.898397,0.109375,0.890625,,,,3.5,5.79,,
matrix-20260918-025538-98a873,0.005,256,LL+HL,0851,50.6867,0.99467,0.55515,0.144531,0.855469,,,,3.46,5.84,,
matrix-20260918-025538-98a873,0.005,256,LL+HL,0852,53.5185,0.997375,0.28922,0.398438,0.601562,,,,3.51,5.9,,
matrix-20260918-025538-98a873,0.005,256,LL+HL,0853,49.9841,0.996745,0.652639,0.191406,0.808594,,,,3.43,5.96,,
matrix-20260918-025538-98a873,0.005,256,LL+HL,0854,47.676,0.998717,1.110402,0.15625,0.84375,,,,3.45,5.79,,
matrix-20260918-025538-98a873,0.005,256,LL+HL,0855,48.3826,0.998436,0.94368,0.101562,0.898438,,,,3.47,5.97,,
matrix-20260918-025538-98a873,0.005,256,LL+HL,0856,51.9963,0.998475,0.410634,0.105469,0.894531,,,,3.47,5.91,,
matrix-20260918-025538-98a873,0.005,256,LL+HL,0857,47.875,0.997664,1.060679,0.125,0.875,,,,3.47,5.9,,
matrix-20260918-025538-98a873,0.005,256,LL+HL,0858,51.1422,0.998141,0.499878,0.125,0.875,,,,3.56,5.88,,
matrix-20260918-025538-98a873,0.005,256,LL+HL,0859,47.2749,0.998943,1.217845,0.085938,0.914062,,,,3.48,6.03,,
matrix-20260918-025538-98a873,0.005,256,LL+HL,0860,48.8833,0.999374,0.840912,0.066406,0.933594,,,,3.53,5.88,,
matrix-20260918-025538-98a873,0.005,256,LL+HL,0861,50.2046,0.998707,0.620326,0.109375,0.890625,,,,3.46,5.98,,
matrix-20260918-025538-98a873,0.005,256,LL+HL,0862,47.296,0.997699,1.211939,0.175781,0.824219,,,,3.52,5.81,,
matrix-20260918-025538-98a873,0.005,256,LL+HL,0863,47.9331,0.998528,1.04658,0.125,0.875,,,,3.43,5.86,,
matrix-20260918-025538-98a873,0.005,256,LL+HL,0864,50.4724,0.999078,0.583237,0.109375,0.890625,,,,3.51,5.81,,
matrix-20260918-025538-98a873,0.005,256,LL+HL,0865,48.4117,0.998996,0.937378,0.128906,0.871094,,,,3.45,5.91,,
matrix-20260918-025538-98a873,0.005,256,LL+HL,0866,47.5176,0.999212,1.151662,0.097656,0.902344,,,,3.57,5.86,,
matrix-20260918-025538-98a873,0.005,256,LL+HL,0867,48.8319,0.999199,0.850917,0.144531,0.855469,,,,3.49,5.89,,
matrix-20260918-025538-98a873,0.005,256,LL+HL,0868,47.9978,0.999813,1.031092,0.324219,0.675781,,,,3.42,5.59,,
matrix-20260918-025538-98a873,0.005,256,LL+HL,0869,47.9535,0.99837,1.041667,0.144531,0.855469,,,,3.46,6.07,,
matrix-20260918-025538-98a873,0.005,256,LL+HL,0870,48.6206,0.999385,0.893341,0.089844,0.910156,,,,3.59,5.91,,
matrix-20260918-025538-98a873,0.005,256,LL+HL,0871,47.9215,0.999022,1.049377,0.105469,0.894531,,,,3.48,5.99,,
matrix-20260918-025538-98a873,0.005,256,LL+HL,0872,48.1088,0.999315,1.005076,0.085938,0.914062,,,,3.71,5.94,,
matrix-20260918-025538-98a873,0.005,256,LL+HL,0873,48.983,0.998887,0.821823,0.128906,0.871094,,,,3.5,6.01,,
matrix-20260918-025538-98a873,0.005,256,LL+HL,0874,47.4759,0.998465,1.16275,0.082031,0.917969,,,,3.48,5.81,,
matrix-20260918-025538-98a873,0.005,256,LL+HL,0875,49.4986,0.999434,0.729833,0.101562,0.898438,,,,3.47,5.91,,
matrix-20260918-025538-98a873,0.005,256,LL+HL,0876,51.9059,0.998909,0.419271,0.101562,0.898438,,,,3.55,5.86,,
matrix-20260918-025538-98a873,0.005,256,LL+HL,0877,53.429,0.998333,0.295242,0.179688,0.820312,,,,3.47,5.81,,
matrix-20260918-025538-98a873,0.005,256,LL+HL,0878,47.5996,0.999176,1.130096,0.109375,0.890625,,,,3.59,5.87,,
matrix-20260918-025538-98a873,0.005,256,LL+HL,0879,48.8498,0.996907,0.847427,0.15625,0.84375,,,,3.45,5.9,,
matrix-20260918-025538-98a873,0.005,256,LL+HL,0880,48.4184,0.997851,0.935928,0.191406,0.808594,,,,3.54,5.77,,
matrix-20260918-025538-98a873,0.005,256,LL+HL,0881,47.2533,0.998185,1.223913,0.183594,0.816406,,,,3.43,5.85,,
matrix-20260918-025538-98a873,0.005,256,LL+HL,0882,48.5712,0.998435,0.903564,0.117188,0.882812,,,,3.53,5.75,,
matrix-20260918-025538-98a873,0.005,256,LL+HL,0883,48.1945,0.998877,0.985443,0.082031,0.917969,,,,3.52,5.87,,
matrix-20260918-025538-98a873,0.005,256,LL+HL,0884,48.923,0.999138,0.833267,0.101562,0.898438,,,,3.54,5.8,,
matrix-20260918-025538-98a873,0.005,256,LL+HL,0885,49.6137,0.998375,0.710744,0.101562,0.898438,,,,3.45,5.91,,
matrix-20260918-025538-98a873,0.005,256,LL+HL,0886,48.8934,0.997322,0.838959,0.160156,0.839844,,,,3.48,5.8,,
matrix-20260918-025538-98a873,0.005,256,LL+HL,0887,48.2622,0.997828,0.970189,0.167969,0.832031,,,,3.47,5.83,,
matrix-20260918-025538-98a873,0.005,256,LL+HL,0888,48.3654,0.999207,0.947413,0.050781,0.949219,,,,3.58,5.83,,
matrix-20260918-025538-98a873,0.005,256,LL+HL,0889,48.1024,0.999504,1.006561,0.046875,0.953125,,,,3.51,5.9,,
matrix-20260918-025538-98a873,0.005,256,LL+HL,0890,47.8207,0.998291,1.074005,0.179688,0.820312,,,,3.46,5.79,,
matrix-20260918-025538-98a873,0.005,256,LL+HL,0891,47.8682,0.999067,1.062337,0.089844,0.910156,,,,3.48,5.86,,
matrix-20260918-025538-98a873,0.005,256,LL+HL,0892,47.7631,0.999528,1.088343,0.097656,0.902344,,,,3.54,5.88,,
matrix-20260918-025538-98a873,0.005,256,LL+HL,0893,50.3929,0.998132,0.594004,0.066406,0.933594,,,,3.46,5.96,,
matrix-20260918-025538-98a873,0.005,256,LL+HL,0894,47.472,0.998416,1.163818,0.125,0.875,,,,3.52,5.76,,
matrix-20260918-025538-98a873,0.005,256,LL+HL,0895,48.8559,0.998955,0.846237,0.109375,0.890625,,,,3.52,6.01,,
matrix-20260918-025538-98a873,0.005,256,LL+HL,0896,46.9983,0.996425,1.297928,0.175781,0.824219,,,,3.49,5.73,,
matrix-20260918-025538-98a873,0.005,256,LL+HL,0897,49.2507,0.999723,0.772705,0.050781,0.949219,,,,3.49,6.08,,
matrix-20260918-025538-98a873,0.005,256,LL+HL,0898,46.8908,0.996462,1.330465,0.21875,0.78125,,,,3.45,5.7,,
matrix-20260918-025538-98a873,0.005,256,LL+HL,0899,49.834,0.998321,0.675593,0.082031,0.917969,,,,3.47,6.12,,
matrix-20260918-025538-98a873,0.005,256,LL+HL,0900,50.716,0.997736,0.551412,0.136719,0.863281,,,,3.43,5.81,,
matrix-20260918-025538-98a873,0.01,8,LL,0801,44.6927,0.999275,2.207052,0.0,1.0,0.375,0.625,0,2.25,3.39,2.76,models/windowed_cnn_grid/8bit_a0.010/windowed_cnn_best.pt@3ed281d175ee
matrix-20260918-025538-98a873,0.01,8,LL,0802,46.4723,0.996592,1.465027,0.0,1.0,0.625,0.375,0,2.24,3.23,2.57,models/windowed_cnn_grid/8bit_a0.010/windowed_cnn_best.pt@3ed281d175ee
matrix-20260918-025538-98a873,0.01,8,LL,0803,44.1953,0.997993,2.474843,0.0,1.0,0.375,0.625,0,2.14,3.35,2.59,models/windowed_cnn_grid/8bit_a0.010/windowed_cnn_best.pt@3ed281d175ee
matrix-20260918-025538-98a873,0.01,8,LL,0804,43.9249,0.999099,2.63385,0.0,1.0,0.375,0.625,0,2.27,3.32,2.61,models/windowed_cnn_grid/8bit_a0.010/windowed_cnn_best.pt@3ed281d175ee
matrix-20260918-025538-98a873,0.01,8,LL,0805,43.6093,0.998612,2.832403,0.0,1.0,0.5,0.5,0,2.18,3.37,2.54,models/windowed_cnn_grid/8bit_a0.010/windowed_cnn_best.pt@3ed281d175ee
matrix-20260918-025538-98a873,0.01,8,LL,0806,45.0581,0.997486,2.028931,0.0,1.0,0.375,0.625,0,2.14,3.24,2.59,models/windowed_cnn_grid/8bit_a0.010/windowed_cnn_best.pt@3ed281d175ee
matrix-20260918-025538-98a873,0.01,8,LL,0807,46.5911,0.997916,1.425507,0.0,1.0,0.375,0.625,0,2.23,3.41,2.55,models/windowed_cnn_grid/8bit_a0.010/windowed_cnn_best.pt@3ed281d175ee
matrix-20260918-025538-98a873,0.01,8,LL,0808,46.4601,0.996628,1.469177,0.0,1.0,0.125,0.875,0,2.15,3.25,2.57,models/windowed_cnn_grid/8bit_a0.010/windowed_cnn_best.pt@3ed281d175ee
matrix-20260918-025538-98a873,0.01,8,LL,0809,44.9109,0.998862,2.098887,0.0,1.0,0.5,0.5,0,2.19,3.29,2.54,models/windowed_cnn_grid/8bit_a0.010/windowed_cnn_best.pt@3ed281d175ee
matrix-20260918-025538-98a873,0.01,8,LL,0810,45.774,0.998376,1.720596,0.0,1.0,0.75,0.25,0,2.18,3.4,2.64,models/windowed_cnn_grid/8bit_a0.010/windowed_cnn_best.pt@3ed281d175ee
matrix-20260918-025538-98a873,0.01,8,LL,0811,47.2324,0.998067,1.229828,0.0,1.0,0.5,0.5,0,2.24,3.28,2.56,models/windowed_cnn_grid/8bit_a0.010/windowed_cnn_best.pt@3ed281d175ee
matrix-20260918-025538-98a873,0.01,8,LL,0812,45.0788,0.998143,2.019282,0.0,1.0,0.625,0.375,0,2.15,3.31,2.53,models/windowed_cnn_grid/8bit_a0.010/windowed_cnn_best.pt@3ed281d175ee
matrix-20260918-025538-98a873,0.01,8,LL,0813,44.6611,0.998401,2.223145,0.0,1.0,0.25,0.75,0,2.23,3.27,2.54,models/windowed_cnn_grid/8bit_a0.010/windowed_cnn_best.pt@3ed281d175ee
matrix-20260918-025538-98a873,0.01,8,LL,0814,47.2121,0.998493,1.23558,0.0,1.0,0.25,0.75,0,2.13,3.22,2.53,models/windowed_cnn_grid/8bit_a0.010/windowed_cnn_best.pt@3ed281d175ee
matrix-20260918-025538-98a873,0.01,8,LL,0815,46.3538,0.998901,1.50558,0.0,1.0,0.125,0.875,0,2.17,3.4,2.59,models/windowed_cnn_grid/8bit_a0.010/windowed_cnn_best.pt@3ed281d175ee
matrix-20260918-025538-98a873,0.01,8,LL,0816,44.8834,0.998623,2.112228,0.125,0.875,0.5,0.5,0,2.18,3.28,2.61,models/windowed_cnn_grid/8bit_a0.010/windowed_cnn_best.pt@3ed281d175ee
matrix-20260918-025538-98a873,0.01,8,LL,0817,44.729,0.998207,2.188665,0.0,1.0,0.375,0.625,0,2.17,3.39,2.64,models/windowed_cnn_grid/8bit_a0.010/windowed_cnn_best.pt@3ed281d175ee
matrix-20260918-025538-98a873,0.01,8,LL,0818,43.4505,0.997805,2.937841,0.0,1.0,0.5,0.5,0,2.22,3.39,2.54,models/windowed_cnn_grid/8bit_a0.010/windowed_cnn_best.pt@3ed281d175ee
matrix-20260918-025538-98a873,0.01,8,LL,0819,45.0422,0.998899,2.036372,0.0,1.0,0.25,0.75,0,2.16,3.29,2.55,models/windowed_cnn_grid/8bit_a0.010/windowed_cnn_best.pt@3ed281d175ee
matrix-20260918-025538-98a873,0.01,8,LL,0820,43.9468,0.999112,2.62057,0.0,1.0,0.25,0.75,0,2.19,3.31,2.59,models/windowed_cnn_grid/8bit_a0.010/windowed_cnn_best.pt@3ed281d175ee
matrix-20260918-025538-98a873,0.01,8,LL,0821,46.4157,0.997719,1.484273,0.25,0.75,0.5,0.5,0,2.15,3.3,2.56,models/windowed_cnn_grid/8bit_a0.010/windowed_cnn_best.pt@3ed281d175ee
matrix-20260918-025538-98a873,0.01,8,LL,0822,47.1819,0.998964,1.244186,0.0,1.0,0.5,0.5,0,2.18,3.35,2.52,models/windowed_cnn_grid/8bit_a0.010/windowed_cnn_best.pt@3ed281d175ee
matrix-20260918-025538-98a873,0.01,8,LL,0823,43.9027,0.994164,2.647354,0.0,1.0,0.375,0.625,0,2.21,3.19,2.57,models/windowed_cnn_grid/8bit_a0.010/windowed_cnn_best.pt@3ed281d175ee
matrix-20260918-025538-98a873,0.01,8,LL,0824,44.4444,0.998726,2.336889,0.0,1.0,0.25,0.75,0,2.15,3.27,2.52,models/windowed_cnn_grid/8bit_a0.010/windowed_cnn_best.pt@3ed281d175ee
matrix-20260918-025538-98a873,0.01,8,LL,0825,44.8622,0.999113,2.122559,0.0,1.0,0.375,0.625,0,2.2,3.27,2.52,models/windowed_cnn_grid/8bit_a0.010/windowed_cnn_best.pt@3ed281d175ee
matrix-20260918-025538-98a873,0.01,8,LL,0826,44.1585,0.997925,2.495926,0.0,1.0,0.625,0.375,0,2.14,3.25,2.53,models/windowed_cnn_grid/8bit_a0.010/windowed_cnn_best.pt@3ed281d175ee
matrix-20260918-025538-98a873,0.01,8,LL,0827,51.2728,0.997565,0.485067,0.0,1.0,0.625,0.375,0,2.16,3.34,2.49,models/windowed_cnn_grid/8bit_a0.010/windowed_cnn_best.pt@3ed281d175ee
matrix-20260918-025538-98a873,0.01,8,LL,0828,50.0929,0.998058,0.636485,0.0,1.0,0.5,0.5,0,2.24,3.33,2.61,models/windowed_cnn_grid/8bit_a0.010/windowed_cnn_best.pt@3ed281d175ee
matrix-20260918-025538-98a873,0.01,8,LL,0829,46.4991,0.997762,1.456045,0.0,1.0,0.75,0.25,0,2.14,3.23,2.51,models/windowed_cnn_grid/8bit_a0.010/windowed_cnn_best.pt@3ed281d175ee
matrix-20260918-025538-98a873,0.01,8,LL,0830,44.8871,0.997676,2.110413,0.0,1.0,0.625,0.375,0,2.17,3.27,2.63,models/windowed_cnn_grid/8bit_a0.010/windowed_cnn_best.pt@3ed281d175ee
matrix-20260918-025538-98a873,0.01,8,LL,0831,46.6114,0.998432,1.418874,0.0,1.0,0.5,0.5,0,2.18,3.26,2.54,models/windowed_cnn_grid/8bit_a0.010/windowed_cnn_best.pt@3ed281d175ee
matrix-20260918-025538-98a873,0.01,8,LL,0832,45.6051,0.99865,1.788823,0.0,1.0,0.625,0.375,0,2.19,3.26,2.52,models/windowed_cnn_grid/8bit_a0.010/windowed_cnn_best.pt@3ed281d175ee
matrix-20260918-025538-98a873,0.01,8,LL,0833,42.5401,0.99914,3.623016,0.0,1.0,0.625,0.375,0,2.21,3.24,2.48,models/windowed_cnn_grid/8bit_a0.010/windowed_cnn_best.pt@3ed281d175ee
matrix-20260918-025538-98a873,0.01,8,LL,0834,42.9615,0.997641,3.287999,0.0,1.0,0.25,0.75,0,2.14,3.33,2.51,models/windowed_cnn_grid/8bit_a0.010/windowed_cnn_best.pt@3ed281d175ee
matrix-20260918-025538-98a873,0.01,8,LL,0835,46.3589,0.998246,1.50381,0.0,1.0,0.75,0.25,0,2.22,3.27,2.5,models/windowed_cnn_grid/8bit_a0.010/windowed_cnn_best.pt@3ed281d175ee
matrix-20260918-025538-98a873,0.01,8,LL,0836,43.3906,0.998932,2.978648,0.0,1.0,0.625,0.375,0,2.14,3.24,2.5,models/windowed_cnn_grid/8bit_a0.010/windowed_cnn_best.pt@3ed281d175ee
matrix-20260918-025538-98a873,0.01,8,LL,0837,46.6076,0.999161,1.420095,0.0,1.0,0.125,0.875,0,2.23,3.57,2.62,models/windowed_cnn_grid/8bit_a0.010/windowed_cnn_best.pt@3ed281d175ee
matrix-20260918-025538-98a873,0.01,8,LL,0838,46.2974,0.997217,1.525263,0.0,1.0,0.75,0.25,0,2.21,3.22,2.65,models/windowed_cnn_grid/8bit_a0.010/windowed_cnn_best.pt@3ed281d175ee
matrix-20260918-025538-98a873,0.01,8,LL,0839,48.7797,0.999326,0.861211,0.0,1.0,0.5,0.5,0,2.11,3.24,2.49,models/windowed_cnn_grid/8bit_a0.010/windowed_cnn_best.pt@3ed281d175ee
matrix-20260918-025538-98a873,0.01,8,LL,0840,47.4875,0.998975,1.159663,0.0,1.0,0.5,0.5,0,2.18,3.28,2.58,models/windowed_cnn_grid/8bit_a0.010/windowed_cnn_best.pt@3ed281d175ee
matrix-20260918-025538-98a873,0.01,8,LL,0841,48.0347,0.997732,1.022374,0.0,1.0,0.375,0.625,0,2.17,3.27,2.59,models/windowed_cnn_grid/8bit_a0.010/windowed_cnn_best.pt@3ed281d175ee
matrix-20260918-025538-98a873,0.01,8,LL,0842,42.8915,0.998571,3.341446,0.0,1.0,0.625,0.375,0,2.22,3.27,2.55,models/windowed_cnn_grid/8bit_a0.010/windowed_cnn_best.pt@3ed281d175ee
matrix-20260918-025538-98a873,0.01,8,LL,0843,52.9393,0.99981,0.330485,0.0,1.0,0.625,0.375,0,1.81,2.66,2.27,models/windowed_cnn_grid/8bit_a0.010/windowed_cnn_best.pt@3ed281d175ee
matrix-20260918-025538-98a873,0.01,8,LL,0844,42.4115,0.997258,3.731929,0.0,1.0,0.375,0.625,0,2.16,3.25,2.49,models/windowed_cnn_grid/8bit_a0.010/windowed_cnn_best.pt@3ed281d175ee
matrix-20260918-025538-98a873,0.01,8,LL,0845,43.6207,0.998097,2.824936,0.0,1.0,0.5,0.5,0,2.14,3.37,2.58,models/windowed_cnn_grid/8bit_a0.010/windowed_cnn_best.pt@3ed281d175ee
matrix-20260918-025538-98a873,0.01,8,LL,0846,45.3984,0.999115,1.876027,0.0,1.0,0.625,0.375,0,2.24,3.31,2.6,models/windowed_cnn_grid/8bit_a0.010/windowed_cnn_best.pt@3ed281d175ee
matrix-20260918-025538-98a873,0.01,8,LL,0847,44.3733,0.998663,2.375478,0.0,1.0,0.375,0.625,0,2.17,3.33,2.58,models/windowed_cnn_grid/8bit_a0.010/windowed_cnn_best.pt@3ed281d175ee
matrix-20260918-025538-98a873,0.01,8,LL,0848,45.5918,0.997323,1.794301,0.0,1.0,0.75,0.25,0,2.15,3.25,2.56,models/windowed_cnn_grid/8bit_a0.010/windowed_cnn_best.pt@3ed281d175ee
matrix-20260918-025538-98a873,0.01,8,LL,0849,45.5625,0.999428,1.806458,0.0,1.0,0.375,0.625,0,2.17,3.31,2.55,models/windowed_cnn_grid/8bit_a0.010/windowed_cnn_best.pt@3ed281d175ee
matrix-20260918-025538-98a873,0.01,8,LL,0850,45.5562,0.998645,1.809077,0.0,1.0,0.75,0.25,0,2.24,3.27,2.57,models/windowed_cnn_grid/8bit_a0.010/windowed_cnn_best.pt@3ed281d175ee
matrix-20260918-025538-98a873,0.01,8,LL,0851,48.0742,0.989538,1.013128,0.0,1.0,0.5,0.5,0,2.17,3.38,2.58,models/windowed_cnn_grid/8bit_a0.010/windowed_cnn_best.pt@3ed281d175ee
matrix-20260918-025538-98a873,0.01,8,LL,0852,52.8116,0.997197,0.340347,0.0,1.0,0.625,0.375,0,2.24,3.26,2.61,models/windowed_cnn_grid/8bit_a0.010/windowed_cnn_best.pt@3ed281d175ee
matrix-20260918-025538-98a873,0.01,8,LL,0853,47.6563,0.99673,1.115438,0.0,1.0,0.375,0.625,0,2.16,3.21,2.48,models/windowed_cnn_grid/8bit_a0.010/windowed_cnn_best.pt@3ed281d175ee
matrix-20260918-025538-98a873,0.01,8,LL,0854,43.9961,0.998525,2.591034,0.0,1.0,0.5,0.5,0,2.16,3.35,2.54,models/windowed_cnn_grid/8bit_a0.010/windowed_cnn_best.pt@3ed281d175ee
matrix-20260918-025538-98a873,0.01,8,LL,0855,44.9848,0.997718,2.063502,0.0,1.0,0.5,0.5,0,2.18,3.39,2.56,models/windowed_cnn_grid/8bit_a0.010/windowed_cnn_best.pt@3ed281d175ee
matrix-20260918-025538-98a873,0.01,8,LL,0856,48.2795,0.998245,0.966349,0.0,1.0,0.625,0.375,0,2.17,3.35,2.62,models/windowed_cnn_grid/8bit_a0.010/windowed_cnn_best.pt@3ed281d175ee
matrix-20260918-025538-98a873,0.01,8,LL,0857,45.1978,0.99778,1.964712,0.0,1.0,0.5,0.5,0,2.22,3.22,2.57,models/windowed_cnn_grid/8bit_a0.010/windowed_cnn_best.pt@3ed281d175ee
matrix-20260918-025538-98a873,0.01,8,LL,0858,49.235,0.997666,0.775492,0.0,1.0,0.375,0.625,0,2.19,3.27,2.5,models/windowed_cnn_grid/8bit_a0.010/windowed_cnn_best.pt@3ed281d175ee
matrix-20260918-025538-98a873,0.01,8,LL,0859,43.3111,0.998937,3.033702,0.0,1.0,0.25,0.75,0,2.17,3.32,2.55,models/windowed_cnn_grid/8bit_a0.010/windowed_cnn_best.pt@3ed281d175ee
matrix-20260918-025538-98a873,0.01,8,LL,0860,45.7177,0.999368,1.743067,0.0,1.0,0.5,0.5,0,2.18,3.31,2.65,models/windowed_cnn_grid/8bit_a0.010/windowed_cnn_best.pt@3ed281d175ee
matrix-20260918-025538-98a873,0.01,8,LL,0861,46.8241,0.998511,1.351059,0.0,1.0,0.5,0.5,0,2.19,3.23,2.56,models/windowed_cnn_grid/8bit_a0.010/windowed_cnn_best.pt@3ed281d175ee
matrix-20260918-025538-98a873,0.01,8,LL,0862,44.0923,0.997458,2.534266,0.0,1.0,0.625,0.375,0,2.13,3.27,2.62,models/windowed_cnn_grid/8bit_a0.010/windowed_cnn_best.pt@3ed281d175ee
matrix-20260918-025538-98a873,0.01,8,LL,0863,43.9291,0.998483,2.631312,0.0,1.0,0.75,0.25,0,2.17,3.23,2.55,models/windowed_cnn_grid/8bit_a0.010/windowed_cnn_best.pt@3ed281d175ee
matrix-20260918-025538-98a873,0.01,8,LL,0864,47.2679,0.999054,1.219793,0.0,1.0,0.0,1.0,1,2.19,3.28,2.51,models/windowed_cnn_grid/8bit_a0.010/windowed_cnn_best.pt@3ed281d175ee
matrix-20260918-025538-98a873,0.01,8,LL,0865,45.0623,0.998978,2.026967,0.0,1.0,0.375,0.625,0,2.15,3.27,2.49,models/windowed_cnn_grid/8bit_a0.010/windowed_cnn_best.pt@3ed281d175ee
matrix-20260918-025538-98a873,0.01,8,LL,0866,44.1619,0.999263,2.493973,0.0,1.0,0.5,0.5,0,2.17,3.25,2.57,models/windowed_cnn_grid/8bit_a0.010/windowed_cnn_best.pt@3ed281d175ee
matrix-20260918-025538-98a873,0.01,8,LL,0867,46.1812,0.999144,1.566615,0.0,1.0,0.625,0.375,0,2.16,3.29,2.54,models/windowed_cnn_grid/8bit_a0.010/windowed_cnn_best.pt@3ed281d175ee
matrix-20260918-025538-98a873,0.01,8,LL,0868,42.3828,0.999749,3.756668,0.0,1.0,0.5,0.5,0,2.1,3.16,2.48,models/windowed_cnn_grid/8bit_a0.010/windowed_cnn_best.pt@3ed281d175ee
matrix-20260918-025538-98a873,0.01,8,LL,0869,44.6073,0.998339,2.250865,0.0,1.0,0.25,0.75,0,2.16,3.28,2.49,models/windowed_cnn_grid/8bit_a0.010/windowed_cnn_best.pt@3ed281d175ee
matrix-20260918-025538-98a873,0.01,8,LL,0870,46.5175,0.999391,1.44986,0.0,1.0,0.25,0.75,0,2.18,3.38,2.51,models/windowed_cnn_grid/8bit_a0.010/windowed_cnn_best.pt@3ed281d175ee
matrix-20260918-025538-98a873,0.01,8,LL,0871,44.8548,0.999019,2.12617,0.0,1.0,0.625,0.375,0,2.23,3.27,2.51,models/windowed_cnn_grid/8bit_a0.010/windowed_cnn_best.pt@3ed281d175ee
matrix-20260918-025538-98a873,0.01,8,LL,0872,44.3093,0.999249,2.410751,0.0,1.0,0.375,0.625,0,2.19,3.41,2.51,models/windowed_cnn_grid/8bit_a0.010/windowed_cnn_best.pt@3ed281d175ee
matrix-20260918-025538-98a873,0.01,8,LL,0873,45.2963,0.998863,1.920654,0.0,1.0,0.375,0.625,0,2.19,3.25,2.53,models/windowed_cnn_grid/8bit_a0.010/windowed_cnn_best.pt@3ed281d175ee
matrix-20260918-025538-98a873,0.01,8,LL,0874,44.0618,0.998364,2.552124,0.0,1.0,0.5,0.5,0,2.19,3.33,2.6,models/windowed_cnn_grid/8bit_a0.010/windowed_cnn_best.pt@3ed281d175ee
matrix-20260918-025538-98a873,0.01,8,LL,0875,46.8031,0.999359,1.357605,0.0,1.0,0.625,0.375,0,2.19,3.35,2.58,models/windowed_cnn_grid/8bit_a0.010/windowed_cnn_best.pt@3ed281d175ee
matrix-20260918-025538-98a873,0.01,8,LL,0876,49.3356,0.998311,0.757741,0.0,1.0,0.375,0.625,0,2.19,3.35,2.57,models/windowed_cnn_grid/8bit_a0.010/windowed_cnn_best.pt@3ed281d175ee
matrix-20260918-025538-98a873,0.01,8,LL,0877,50.2404,0.997779,0.615229,0.0,1.0,0.625,0.375,0,2.15,3.29,2.59,models/windowed_cnn_grid/8bit_a0.010/windowed_cnn_best.pt@3ed281d175ee
matrix-20260918-025538-98a873,0.01,8,LL,0878,43.9227,0.999158,2.635188,0.0,1.0,0.375,0.625,0,2.19,3.39,2.53,models/windowed_cnn_grid/8bit_a0.010/windowed_cnn_best.pt@3ed281d175ee
matrix-20260918-025538-98a873,0.01,8,LL,0879,45.7548,0.997267,1.728216,0.0,1.0,0.375,0.625,0,2.2,3.22,2.5,models/windowed_cnn_grid/8bit_a0.010/windowed_cnn_best.pt@3ed281d175ee
matrix-20260918-025538-98a873,0.01,8,LL,0880,45.8483,0.998126,1.691422,0.0,1.0,0.75,0.25,0,2.15,3.26,2.51,models/windowed_cnn_grid/8bit_a0.010/windowed_cnn_best.pt@3ed281d175ee
matrix-20260918-025538-98a873,0.01,8,LL,0881,44.0458,0.99794,2.561559,0.0,1.0,0.375,0.625,0,2.15,3.36,2.48,models/windowed_cnn_grid/8bit_a0.010/windowed_cnn_best.pt@3ed281d175ee
matrix-20260918-025538-98a873,0.01,8,LL,0882,46.023,0.998458,1.624736,0.0,1.0,0.375,0.625,0,2.14,3.29,2.51,models/windowed_cnn_grid/8bit_a0.010/windowed_cnn_best.pt@3ed281d175ee
matrix-20260918-025538-98a873,0.01,8,LL,0883,44.9906,0.998744,2.06074,0.0,1.0,0.375,0.625,0,2.21,3.29,2.49,models/windowed_cnn_grid/8bit_a0.010/windowed_cnn_best.pt@3ed281d175ee
matrix-20260918-025538-98a873,0.01,8,LL,0884,45.818,0.999023,1.703273,0.0,1.0,0.375,0.625,0,2.15,3.27,2.5,models/windowed_cnn_grid/8bit_a0.010/windowed_cnn_best.pt@3ed281d175ee
matrix-20260918-025538-98a873,0.01,8,LL,0885,46.7612,0.998462,1.370758,0.0,1.0,0.5,0.5,0,2.17,3.38,2.53,models/windowed_cnn_grid/8bit_a0.010/windowed_cnn_best.pt@3ed281d175ee
matrix-20260918-025538-98a873,0.01,8,LL,0886,46.0651,0.996491,1.60906,0.0,1.0,0.375,0.625,0,2.16,3.24,2.5,models/windowed_cnn_grid/8bit_a0.010/windowed_cnn_best.pt@3ed281d175ee
matrix-20260918-025538-98a873,0.01,8,LL,0887,44.6278,0.997229,2.240275,0.0,1.0,0.625,0.375,0,2.16,3.31,2.5,models/windowed_cnn_grid/8bit_a0.010/windowed_cnn_best.pt@3ed281d175ee
matrix-20260918-025538-98a873,0.01,8,LL,0888,45.2046,0.99894,1.961624,0.0,1.0,0.5,0.5,0,2.16,3.25,2.58,models/windowed_cnn_grid/8bit_a0.010/windowed_cnn_best.pt@3ed281d175ee
matrix-20260918-025538-98a873,0.01,8,LL,0889,45.0452,0.999295,2.034958,0.0,1.0,0.5,0.5,0,2.2,3.33,2.54,models/windowed_cnn_grid/8bit_a0.010/windowed_cnn_best.pt@3ed281d175ee
matrix-20260918-025538-98a873,0.01,8,LL,0890,46.1259,0.998173,1.58668,0.0,1.0,0.625,0.375,0,2.13,3.26,2.5,models/windowed_cnn_grid/8bit_a0.010/windowed_cnn_best.pt@3ed281d175ee
matrix-20260918-025538-98a873,0.01,8,LL,0891,44.8021,0.998843,2.152115,0.0,1.0,0.5,0.5,0,2.18,3.27,2.53,models/windowed_cnn_grid/8bit_a0.010/windowed_cnn_best.pt@3ed281d175ee
matrix-20260918-025538-98a873,0.01,8,LL,0892,43.9743,0.999488,2.604045,0.0,1.0,0.625,0.375,0,2.17,3.32,2.52,models/windowed_cnn_grid/8bit_a0.010/windowed_cnn_best.pt@3ed281d175ee
matrix-20260918-025538-98a873,0.01,8,LL,0893,47.3993,0.998033,1.183451,0.0,1.0,0.375,0.625,0,2.16,3.27,2.49,models/windowed_cnn_grid/8bit_a0.010/windowed_cnn_best.pt@3ed281d175ee
matrix-20260918-025538-98a873,0.01,8,LL,0894,42.8244,0.998399,3.393438,0.0,1.0,0.5,0.5,0,2.16,3.3,2.55,models/windowed_cnn_grid/8bit_a0.010/windowed_cnn_best.pt@3ed281d175ee
matrix-20260918-025538-98a873,0.01,8,LL,0895,46.2444,0.998924,1.543966,0.0,1.0,0.125,0.875,0,2.16,3.29,2.55,models/windowed_cnn_grid/8bit_a0.010/windowed_cnn_best.pt@3ed281d175ee
matrix-20260918-025538-98a873,0.01,8,LL,0896,41.2094,0.995981,4.921982,0.0,1.0,0.5,0.5,0,2.19,3.24,2.6,models/windowed_cnn_grid/8bit_a0.010/windowed_cnn_best.pt@3ed281d175ee
matrix-20260918-025538-98a873,0.01,8,LL,0897,47.0681,0.999678,1.277247,0.0,1.0,0.375,0.625,0,2.23,3.31,2.52,models/windowed_cnn_grid/8bit_a0.010/windowed_cnn_best.pt@3ed281d175ee
matrix-20260918-025538-98a873,0.01,8,LL,0898,45.6611,0.996443,1.76593,0.0,1.0,0.375,0.625,0,2.15,3.25,2.53,models/windowed_cnn_grid/8bit_a0.010/windowed_cnn_best.pt@3ed281d175ee
matrix-20260918-025538-98a873,0.01,8,LL,0899,46.5809,0.99812,1.428869,0.0,1.0,0.625,0.375,0,2.18,3.31,2.55,models/windowed_cnn_grid/8bit_a0.010/windowed_cnn_best.pt@3ed281d175ee
matrix-20260918-025538-98a873,0.01,8,LL,0900,47.7439,0.996103,1.093175,0.0,1.0,0.5,0.5,0,2.17,3.29,2.53,models/windowed_cnn_grid/8bit_a0.010/windowed_cnn_best.pt@3ed281d175ee
matrix-20260918-025538-98a873,0.01,16,LL,0801,44.736,0.999229,2.185125,0.0,1.0,0.5625,0.4375,0,2.22,3.27,3.17,models/windowed_cnn_grid/16bit_a0.010/windowed_cnn_best.pt@af79e2a17126
matrix-20260918-025538-98a873,0.01,16,LL,0802,46.2956,0.99683,1.525889,0.0,1.0,0.4375,0.5625,0,2.16,3.33,3.25,models/windowed_cnn_grid/16bit_a0.010/windowed_cnn_best.pt@af79e2a17126
matrix-20260918-025538-98a873,0.01,16,LL,0803,44.3307,0.998009,2.398905,0.0,1.0,0.625,0.375,0,2.21,3.2,3.15,models/windowed_cnn_grid/16bit_a0.010/windowed_cnn_best.pt@af79e2a17126
matrix-20260918-025538-98a873,0.01,16,LL,0804,43.9467,0.999019,2.620687,0.0,1.0,0.1875,0.8125,0,2.2,3.33,3.06,models/windowed_cnn_grid/16bit_a0.010/windowed_cnn_best.pt@af79e2a17126
matrix-20260918-025538-98a873,0.01,16,LL,0805,43.5352,0.998886,2.881093,0.0,1.0,0.25,0.75,0,2.22,3.27,3.09,models/windowed_cnn_grid/16bit_a0.010/windowed_cnn_best.pt@af79e2a17126
matrix-20260918-025538-98a873,0.01,16,LL,0806,44.8582,0.995442,2.124527,0.0,1.0,0.375,0.625,0,2.15,3.32,3.04,models/windowed_cnn_grid/16bit_a0.010/windowed_cnn_best.pt@af79e2a17126
matrix-20260918-025538-98a873,0.01,16,LL,0807,46.555,0.997955,1.437398,0.0,1.0,0.625,0.375,0,2.23,3.3,3.13,models/windowed_cnn_grid/16bit_a0.010/windowed_cnn_best.pt@af79e2a17126
matrix-20260918-025538-98a873,0.01,16,LL,0808,46.9095,0.99696,1.324753,0.0,1.0,0.5,0.5,0,2.14,3.33,3.11,models/windowed_cnn_grid/16bit_a0.010/windowed_cnn_best.pt@af79e2a17126
matrix-20260918-025538-98a873,0.01,16,LL,0809,45.0162,0.998816,2.048599,0.0,1.0,0.3125,0.6875,0,2.17,3.26,3.18,models/windowed_cnn_grid/16bit_a0.010/windowed_cnn_best.pt@af79e2a17126
matrix-20260918-025538-98a873,0.01,16,LL,0810,45.5636,0.99835,1.806005,0.0,1.0,0.5,0.5,0,2.18,3.3,3.09,models/windowed_cnn_grid/16bit_a0.010/windowed_cnn_best.pt@af79e2a17126
matrix-20260918-025538-98a873,0.01,16,LL,0811,47.1353,0.99813,1.257619,0.0,1.0,0.5,0.5,0,2.23,3.33,3.14,models/windowed_cnn_grid/16bit_a0.010/windowed_cnn_best.pt@af79e2a17126
matrix-20260918-025538-98a873,0.01,16,LL,0812,45.0256,0.998384,2.044174,0.0,1.0,0.4375,0.5625,0,2.16,3.38,3.11,models/windowed_cnn_grid/16bit_a0.010/windowed_cnn_best.pt@af79e2a17126
matrix-20260918-025538-98a873,0.01,16,LL,0813,44.5093,0.997992,2.302251,0.0,1.0,0.5,0.5,0,2.17,3.3,3.06,models/windowed_cnn_grid/16bit_a0.010/windowed_cnn_best.pt@af79e2a17126
matrix-20260918-025538-98a873,0.01,16,LL,0814,47.2037,0.998449,1.237971,0.0,1.0,0.5625,0.4375,0,2.11,3.27,3.02,models/windowed_cnn_grid/16bit_a0.010/windowed_cnn_best.pt@af79e2a17126
matrix-20260918-025538-98a873,0.01,16,LL,0815,46.4921,0.998834,1.458369,0.0,1.0,0.3125,0.6875,0,2.22,3.25,3.1,models/windowed_cnn_grid/16bit_a0.010/windowed_cnn_best.pt@af79e2a17126
matrix-20260918-025538-98a873,0.01,16,LL,0816,44.6014,0.998486,2.253947,0.0,1.0,0.4375,0.5625,0,2.18,3.26,3.15,models/windowed_cnn_grid/16bit_a0.010/windowed_cnn_best.pt@af79e2a17126
matrix-20260918-025538-98a873,0.01,16,LL,0817,44.6807,0.998265,2.21314,0.0,1.0,0.375,0.625,0,2.2,3.29,3.09,models/windowed_cnn_grid/16bit_a0.010/windowed_cnn_best.pt@af79e2a17126
matrix-20260918-025538-98a873,0.01,16,LL,0818,43.4523,0.997334,2.936661,0.0,1.0,0.625,0.375,0,2.16,3.37,3.11,models/windowed_cnn_grid/16bit_a0.010/windowed_cnn_best.pt@af79e2a17126
matrix-20260918-025538-98a873,0.01,16,LL,0819,45.1281,0.998839,1.99649,0.0,1.0,0.4375,0.5625,0,2.23,3.26,3.1,models/windowed_cnn_grid/16bit_a0.010/windowed_cnn_best.pt@af79e2a17126
matrix-20260918-025538-98a873,0.01,16,LL,0820,43.9207,0.999188,2.636424,0.0,1.0,0.375,0.625,0,2.17,3.35,3.17,models/windowed_cnn_grid/16bit_a0.010/windowed_cnn_best.pt@af79e2a17126
matrix-20260918-025538-98a873,0.01,16,LL,0821,46.3598,0.998882,1.503499,0.125,0.875,0.0625,0.9375,0,2.24,3.33,3.11,models/windowed_cnn_grid/16bit_a0.010/windowed_cnn_best.pt@af79e2a17126
matrix-20260918-025538-98a873,0.01,16,LL,0822,47.0512,0.999069,1.282206,0.0,1.0,0.5,0.5,0,2.16,3.41,3.07,models/windowed_cnn_grid/16bit_a0.010/windowed_cnn_best.pt@af79e2a17126
matrix-20260918-025538-98a873,0.01,16,LL,0823,44.2968,0.995304,2.417694,0.0,1.0,0.125,0.875,0,2.14,3.27,3.16,models/windowed_cnn_grid/16bit_a0.010/windowed_cnn_best.pt@af79e2a17126
matrix-20260918-025538-98a873,0.01,16,LL,0824,44.5039,0.998551,2.305125,0.0,1.0,0.375,0.625,0,2.15,3.42,3.15,models/windowed_cnn_grid/16bit_a0.010/windowed_cnn_best.pt@af79e2a17126
matrix-20260918-025538-98a873,0.01,16,LL,0825,44.8382,0.999045,2.134308,0.0,1.0,0.1875,0.8125,0,2.2,3.26,3.06,models/windowed_cnn_grid/16bit_a0.010/windowed_cnn_best.pt@af79e2a17126
matrix-20260918-025538-98a873,0.01,16,LL,0826,44.5048,0.997953,2.304606,0.0,1.0,0.3125,0.6875,0,2.16,3.28,3.16,models/windowed_cnn_grid/16bit_a0.010/windowed_cnn_best.pt@af79e2a17126
matrix-20260918-025538-98a873,0.01,16,LL,0827,51.0956,0.997564,0.505269,0.0,1.0,0.25,0.75,0,2.18,3.31,3.09,models/windowed_cnn_grid/16bit_a0.010/windowed_cnn_best.pt@af79e2a17126
matrix-20260918-025538-98a873,0.01,16,LL,0828,49.3209,0.99389,0.76031,0.0,1.0,0.25,0.75,0,2.26,3.35,3.07,models/windowed_cnn_grid/16bit_a0.010/windowed_cnn_best.pt@af79e2a17126
matrix-20260918-025538-98a873,0.01,16,LL,0829,46.3504,0.997659,1.506744,0.0,1.0,0.5,0.5,0,2.14,3.27,3.05,models/windowed_cnn_grid/16bit_a0.010/windowed_cnn_best.pt@af79e2a17126
matrix-20260918-025538-98a873,0.01,16,LL,0830,44.7163,0.997605,2.195068,0.0,1.0,0.5625,0.4375,0,2.19,3.26,3.15,models/windowed_cnn_grid/16bit_a0.010/windowed_cnn_best.pt@af79e2a17126
matrix-20260918-025538-98a873,0.01,16,LL,0831,46.5629,0.998356,1.434784,0.0,1.0,0.375,0.625,0,2.19,3.32,3.18,models/windowed_cnn_grid/16bit_a0.010/windowed_cnn_best.pt@af79e2a17126
matrix-20260918-025538-98a873,0.01,16,LL,0832,45.9648,0.99853,1.646632,0.0,1.0,0.1875,0.8125,0,2.24,3.29,3.16,models/windowed_cnn_grid/16bit_a0.010/windowed_cnn_best.pt@af79e2a17126
matrix-20260918-025538-98a873,0.01,16,LL,0833,42.5578,0.999298,3.608287,0.0,1.0,0.25,0.75,0,2.13,3.22,3.08,models/windowed_cnn_grid/16bit_a0.010/windowed_cnn_best.pt@af79e2a17126
matrix-20260918-025538-98a873,0.01,16,LL,0834,43.9841,0.998086,2.59817,0.0,1.0,0.5625,0.4375,0,2.23,3.29,3.06,models/windowed_cnn_grid/16bit_a0.010/windowed_cnn_best.pt@af79e2a17126
matrix-20260918-025538-98a873,0.01,16,LL,0835,46.2057,0.998344,1.557805,0.0,1.0,0.3125,0.6875,0,2.19,3.33,3.06,models/windowed_cnn_grid/16bit_a0.010/windowed_cnn_best.pt@af79e2a17126
matrix-20260918-025538-98a873,0.01,16,LL,0836,43.6438,0.998738,2.809952,0.0,1.0,0.25,0.75,0,2.22,3.27,3.08,models/windowed_cnn_grid/16bit_a0.010/windowed_cnn_best.pt@af79e2a17126
matrix-20260918-025538-98a873,0.01,16,LL,0837,46.7818,0.999227,1.364273,0.0,1.0,0.5,0.5,0,2.16,3.39,3.12,models/windowed_cnn_grid/16bit_a0.010/windowed_cnn_best.pt@af79e2a17126
matrix-20260918-025538-98a873,0.01,16,LL,0838,46.3633,0.997163,1.502294,0.0,1.0,0.5,0.5,0,2.15,3.24,3.09,models/windowed_cnn_grid/16bit_a0.010/windowed_cnn_best.pt@af79e2a17126
matrix-20260918-025538-98a873,0.01,16,LL,0839,47.6949,0.969911,1.105576,0.0,1.0,0.3125,0.6875,0,2.1,3.23,3.03,models/windowed_cnn_grid/16bit_a0.010/windowed_cnn_best.pt@af79e2a17126
matrix-20260918-025538-98a873,0.01,16,LL,0840,47.7764,0.999184,1.085037,0.0,1.0,0.5625,0.4375,0,2.17,3.33,3.1,models/windowed_cnn_grid/16bit_a0.010/windowed_cnn_best.pt@af79e2a17126
matrix-20260918-025538-98a873,0.01,16,LL,0841,47.9776,0.997654,1.035914,0.0,1.0,0.375,0.625,0,2.16,3.24,3.1,models/windowed_cnn_grid/16bit_a0.010/windowed_cnn_best.pt@af79e2a17126
matrix-20260918-025538-98a873,0.01,16,LL,0842,42.8701,0.998653,3.357885,0.0,1.0,0.3125,0.6875,0,2.21,3.26,3.08,models/windowed_cnn_grid/16bit_a0.010/windowed_cnn_best.pt@af79e2a17126
matrix-20260918-025538-98a873,0.01,16,LL,0843,52.963,0.999752,0.328684,0.0,1.0,0.4375,0.5625,0,1.83,2.69,2.76,models/windowed_cnn_grid/16bit_a0.010/windowed_cnn_best.pt@af79e2a17126
matrix-20260918-025538-98a873,0.01,16,LL,0844,41.6416,0.996936,4.455765,0.0,1.0,0.3125,0.6875,0,2.12,3.32,3.18,models/windowed_cnn_grid/16bit_a0.010/windowed_cnn_best.pt@af79e2a17126
matrix-20260918-025538-98a873,0.01,16,LL,0845,43.5863,0.998841,2.847417,0.0,1.0,0.5,0.5,0,2.15,3.33,3.16,models/windowed_cnn_grid/16bit_a0.010/windowed_cnn_best.pt@af79e2a17126
matrix-20260918-025538-98a873,0.01,16,LL,0846,45.1792,0.998803,1.973145,0.0,1.0,0.1875,0.8125,0,2.21,3.29,3.12,models/windowed_cnn_grid/16bit_a0.010/windowed_cnn_best.pt@af79e2a17126
matrix-20260918-025538-98a873,0.01,16,LL,0847,44.9303,0.998491,2.089528,0.125,0.875,0.3125,0.6875,0,2.18,3.33,3.11,models/windowed_cnn_grid/16bit_a0.010/windowed_cnn_best.pt@af79e2a17126
matrix-20260918-025538-98a873,0.01,16,LL,0848,45.5144,0.997305,1.826599,0.0,1.0,0.5625,0.4375,0,2.24,3.3,3.15,models/windowed_cnn_grid/16bit_a0.010/windowed_cnn_best.pt@af79e2a17126
matrix-20260918-025538-98a873,0.01,16,LL,0849,45.4722,0.999396,1.844406,0.0,1.0,0.4375,0.5625,0,2.16,3.42,3.14,models/windowed_cnn_grid/16bit_a0.010/windowed_cnn_best.pt@af79e2a17126
matrix-20260918-025538-98a873,0.01,16,LL,0850,45.3785,0.998629,1.884649,0.0,1.0,0.5,0.5,0,2.21,3.24,3.13,models/windowed_cnn_grid/16bit_a0.010/windowed_cnn_best.pt@af79e2a17126
matrix-20260918-025538-98a873,0.01,16,LL,0851,48.059,0.989283,1.016668,0.0,1.0,0.375,0.625,0,2.16,3.36,3.08,models/windowed_cnn_grid/16bit_a0.010/windowed_cnn_best.pt@af79e2a17126
matrix-20260918-025538-98a873,0.01,16,LL,0852,52.8056,0.997041,0.340815,0.0,1.0,0.6875,0.3125,0,2.24,3.28,3.26,models/windowed_cnn_grid/16bit_a0.010/windowed_cnn_best.pt@af79e2a17126
matrix-20260918-025538-98a873,0.01,16,LL,0853,47.708,0.996753,1.102244,0.0,1.0,0.5,0.5,0,2.15,3.27,3.06,models/windowed_cnn_grid/16bit_a0.010/windowed_cnn_best.pt@af79e2a17126
matrix-20260918-025538-98a873,0.01,16,LL,0854,43.9367,0.998447,2.626729,0.0,1.0,0.3125,0.6875,0,2.23,3.28,3.1,models/windowed_cnn_grid/16bit_a0.010/windowed_cnn_best.pt@af79e2a17126
matrix-20260918-025538-98a873,0.01,16,LL,0855,44.9924,0.998269,2.059875,0.0,1.0,0.625,0.375,0,2.15,3.39,3.07,models/windowed_cnn_grid/16bit_a0.010/windowed_cnn_best.pt@af79e2a17126
matrix-20260918-025538-98a873,0.01,16,LL,0856,48.4046,0.998143,0.938904,0.0,1.0,0.375,0.625,0,2.23,3.29,3.21,models/windowed_cnn_grid/16bit_a0.010/windowed_cnn_best.pt@af79e2a17126
matrix-20260918-025538-98a873,0.01,16,LL,0857,45.0628,0.997692,2.026764,0.0,1.0,0.5625,0.4375,0,2.16,3.25,3.05,models/windowed_cnn_grid/16bit_a0.010/windowed_cnn_best.pt@af79e2a17126
matrix-20260918-025538-98a873,0.01,16,LL,0858,49.0991,0.997828,0.800156,0.0,1.0,0.625,0.375,0,2.23,3.27,3.14,models/windowed_cnn_grid/16bit_a0.010/windowed_cnn_best.pt@af79e2a17126
matrix-20260918-025538-98a873,0.01,16,LL,0859,43.4719,0.998762,2.923401,0.0,1.0,0.3125,0.6875,0,2.18,3.4,3.18,models/windowed_cnn_grid/16bit_a0.010/windowed_cnn_best.pt@af79e2a17126
matrix-20260918-025538-98a873,0.01,16,LL,0860,45.8086,0.999255,1.706955,0.0,1.0,0.625,0.375,0,2.17,3.3,3.18,models/windowed_cnn_grid/16bit_a0.010/windowed_cnn_best.pt@af79e2a17126
matrix-20260918-025538-98a873,0.01,16,LL,0861,46.7724,0.99822,1.367213,0.0,1.0,0.3125,0.6875,0,2.18,3.27,3.12,models/windowed_cnn_grid/16bit_a0.010/windowed_cnn_best.pt@af79e2a17126
matrix-20260918-025538-98a873,0.01,16,LL,0862,43.9461,0.997499,2.621028,0.0,1.0,0.4375,0.5625,0,2.21,3.23,3.1,models/windowed_cnn_grid/16bit_a0.010/windowed_cnn_best.pt@af79e2a17126
matrix-20260918-025538-98a873,0.01,16,LL,0863,43.494,0.99831,2.9086,0.0,1.0,0.3125,0.6875,0,2.16,3.37,3.08,models/windowed_cnn_grid/16bit_a0.010/windowed_cnn_best.pt@af79e2a17126
matrix-20260918-025538-98a873,0.01,16,LL,0864,47.4032,0.998988,1.182378,0.0,1.0,0.1875,0.8125,0,2.19,3.26,3.14,models/windowed_cnn_grid/16bit_a0.010/windowed_cnn_best.pt@af79e2a17126
matrix-20260918-025538-98a873,0.01,16,LL,0865,45.0412,0.998972,2.036845,0.0,1.0,0.4375,0.5625,0,2.16,3.37,3.13,models/windowed_cnn_grid/16bit_a0.010/windowed_cnn_best.pt@af79e2a17126
matrix-20260918-025538-98a873,0.01,16,LL,0866,44.0665,0.999233,2.549352,0.0625,0.9375,0.125,0.875,0,2.2,3.28,3.14,models/windowed_cnn_grid/16bit_a0.010/windowed_cnn_best.pt@af79e2a17126
matrix-20260918-025538-98a873,0.01,16,LL,0867,45.9069,0.999101,1.668757,0.0,1.0,0.25,0.75,0,2.16,3.33,3.17,models/windowed_cnn_grid/16bit_a0.010/windowed_cnn_best.pt@af79e2a17126
matrix-20260918-025538-98a873,0.01,16,LL,0868,42.3758,0.999671,3.762716,0.0,1.0,0.4375,0.5625,0,2.18,3.18,3.02,models/windowed_cnn_grid/16bit_a0.010/windowed_cnn_best.pt@af79e2a17126
matrix-20260918-025538-98a873,0.01,16,LL,0869,44.8339,0.998269,2.136454,0.0,1.0,0.5,0.5,0,2.2,3.26,3.17,models/windowed_cnn_grid/16bit_a0.010/windowed_cnn_best.pt@af79e2a17126
matrix-20260918-025538-98a873,0.01,16,LL,0870,46.2823,0.999356,1.530568,0.0,1.0,0.5625,0.4375,0,2.17,3.31,3.16,models/windowed_cnn_grid/16bit_a0.010/windowed_cnn_best.pt@af79e2a17126
matrix-20260918-025538-98a873,0.01,16,LL,0871,44.7442,0.998959,2.181,0.0,1.0,0.375,0.625,0,2.26,3.26,3.17,models/windowed_cnn_grid/16bit_a0.010/windowed_cnn_best.pt@af79e2a17126
matrix-20260918-025538-98a873,0.01,16,LL,0872,44.3542,0.999227,2.385951,0.0,1.0,0.1875,0.8125,0,2.15,3.34,3.08,models/windowed_cnn_grid/16bit_a0.010/windowed_cnn_best.pt@af79e2a17126
matrix-20260918-025538-98a873,0.01,16,LL,0873,45.3718,0.99879,1.887538,0.0,1.0,0.25,0.75,0,2.23,3.28,3.12,models/windowed_cnn_grid/16bit_a0.010/windowed_cnn_best.pt@af79e2a17126
matrix-20260918-025538-98a873,0.01,16,LL,0874,43.98,0.998323,2.600616,0.0625,0.9375,0.4375,0.5625,0,2.2,3.33,3.17,models/windowed_cnn_grid/16bit_a0.010/windowed_cnn_best.pt@af79e2a17126
matrix-20260918-025538-98a873,0.01,16,LL,0875,46.7175,0.999344,1.384618,0.0,1.0,0.3125,0.6875,0,2.16,3.31,3.15,models/windowed_cnn_grid/16bit_a0.010/windowed_cnn_best.pt@af79e2a17126
matrix-20260918-025538-98a873,0.01,16,LL,0876,49.1319,0.99806,0.794123,0.0,1.0,0.5,0.5,0,2.15,3.33,3.12,models/windowed_cnn_grid/16bit_a0.010/windowed_cnn_best.pt@af79e2a17126
matrix-20260918-025538-98a873,0.01,16,LL,0877,49.879,0.997696,0.668615,0.0,1.0,0.3125,0.6875,0,2.21,3.29,3.15,models/windowed_cnn_grid/16bit_a0.010/windowed_cnn_best.pt@af79e2a17126
matrix-20260918-025538-98a873,0.01,16,LL,0878,44.0039,0.999034,2.586385,0.0,1.0,0.4375,0.5625,0,2.16,3.28,3.1,models/windowed_cnn_grid/16bit_a0.010/windowed_cnn_best.pt@af79e2a17126
matrix-20260918-025538-98a873,0.01,16,LL,0879,45.4963,0.99695,1.834234,0.0,1.0,0.4375,0.5625,0,2.14,3.25,3.07,models/windowed_cnn_grid/16bit_a0.010/windowed_cnn_best.pt@af79e2a17126
matrix-20260918-025538-98a873,0.01,16,LL,0880,45.8239,0.998114,1.700963,0.0,1.0,0.4375,0.5625,0,2.16,3.24,3.1,models/windowed_cnn_grid/16bit_a0.010/windowed_cnn_best.pt@af79e2a17126
matrix-20260918-025538-98a873,0.01,16,LL,0881,43.8347,0.997822,2.689092,0.0,1.0,0.4375,0.5625,0,2.14,3.26,3.09,models/windowed_cnn_grid/16bit_a0.010/windowed_cnn_best.pt@af79e2a17126
matrix-20260918-025538-98a873,0.01,16,LL,0882,45.8149,0.998382,1.704483,0.0,1.0,0.5625,0.4375,0,2.18,3.33,3.1,models/windowed_cnn_grid/16bit_a0.010/windowed_cnn_best.pt@af79e2a17126
matrix-20260918-025538-98a873,0.01,16,LL,0883,44.9439,0.998711,2.083008,0.0,1.0,0.3125,0.6875,0,2.23,3.28,3.08,models/windowed_cnn_grid/16bit_a0.010/windowed_cnn_best.pt@af79e2a17126
matrix-20260918-025538-98a873,0.01,16,LL,0884,45.9534,0.998989,1.65097,0.0,1.0,0.25,0.75,0,2.15,3.32,3.03,models/windowed_cnn_grid/16bit_a0.010/windowed_cnn_best.pt@af79e2a17126
matrix-20260918-025538-98a873,0.01,16,LL,0885,46.6654,0.998406,1.401316,0.0,1.0,0.5,0.5,0,2.16,3.28,3.16,models/windowed_cnn_grid/16bit_a0.010/windowed_cnn_best.pt@af79e2a17126
matrix-20260918-025538-98a873,0.01,16,LL,0886,45.9807,0.996976,1.640645,0.0,1.0,0.4375,0.5625,0,2.16,3.27,3.03,models/windowed_cnn_grid/16bit_a0.010/windowed_cnn_best.pt@af79e2a17126
matrix-20260918-025538-98a873,0.01,16,LL,0887,44.47,0.997151,2.32314,0.0,1.0,0.375,0.625,0,2.23,3.26,3.17,models/windowed_cnn_grid/16bit_a0.010/windowed_cnn_best.pt@af79e2a17126
matrix-20260918-025538-98a873,0.01,16,LL,0888,45.1595,0.998819,1.982117,0.125,0.875,0.375,0.625,0,2.16,3.25,3.1,models/windowed_cnn_grid/16bit_a0.010/windowed_cnn_best.pt@af79e2a17126
matrix-20260918-025538-98a873,0.01,16,LL,0889,44.628,0.999388,2.240143,0.0,1.0,0.375,0.625,0,2.14,3.33,3.16,models/windowed_cnn_grid/16bit_a0.010/windowed_cnn_best.pt@af79e2a17126
matrix-20260918-025538-98a873,0.01,16,LL,0890,46.0874,0.998206,1.60082,0.0,1.0,0.375,0.625,0,2.16,3.31,3.03,models/windowed_cnn_grid/16bit_a0.010/windowed_cnn_best.pt@af79e2a17126
matrix-20260918-025538-98a873,0.01,16,LL,0891,44.7323,0.998845,2.187007,0.0,1.0,0.3125,0.6875,0,2.2,3.23,3.1,models/windowed_cnn_grid/16bit_a0.010/windowed_cnn_best.pt@af79e2a17126
matrix-20260918-025538-98a873,0.01,16,LL,0892,43.9962,0.999502,2.590942,0.0,1.0,0.3125,0.6875,0,2.2,3.4,3.12,models/windowed_cnn_grid/16bit_a0.010/windowed_cnn_best.pt@af79e2a17126
matrix-20260918-025538-98a873,0.01,16,LL,0893,47.3149,0.997959,1.206665,0.0,1.0,0.3125,0.6875,0,2.2,3.26,3.08,models/windowed_cnn_grid/16bit_a0.010/windowed_cnn_best.pt@af79e2a17126
matrix-20260918-025538-98a873,0.01,16,LL,0894,42.6083,0.998071,3.566559,0.0,1.0,0.4375,0.5625,0,2.16,3.32,3.11,models/windowed_cnn_grid/16bit_a0.010/windowed_cnn_best.pt@af79e2a17126
matrix-20260918-025538-98a873,0.01,16,LL,0895,46.1074,0.998848,1.59346,0.0,1.0,0.3125,0.6875,0,2.19,3.31,3.07,models/windowed_cnn_grid/16bit_a0.010/windowed_cnn_best.pt@af79e2a17126
matrix-20260918-025538-98a873,0.01,16,LL,0896,41.1245,0.995404,5.019109,0.0,1.0,0.4375,0.5625,0,2.13,3.31,3.1,models/windowed_cnn_grid/16bit_a0.010/windowed_cnn_best.pt@af79e2a17126
matrix-20260918-025538-98a873,0.01,16,LL,0897,47.1316,0.999672,1.258692,0.0,1.0,0.4375,0.5625,0,2.26,3.33,3.09,models/windowed_cnn_grid/16bit_a0.010/windowed_cnn_best.pt@af79e2a17126
matrix-20260918-025538-98a873,0.01,16,LL,0898,45.5677,0.996386,1.804321,0.0,1.0,0.5,0.5,0,2.11,3.29,3.06,models/windowed_cnn_grid/16bit_a0.010/windowed_cnn_best.pt@af79e2a17126
matrix-20260918-025538-98a873,0.01,16,LL,0899,46.5113,0.998014,1.45196,0.0,1.0,0.25,0.75,0,2.18,3.35,3.12,models/windowed_cnn_grid/16bit_a0.010/windowed_cnn_best.pt@af79e2a17126
matrix-20260918-025538-98a873,0.01,16,LL,0900,47.8602,0.995347,1.064285,0.0,1.0,0.4375,0.5625,0,2.14,3.27,3.08,models/windowed_cnn_grid/16bit_a0.010/windowed_cnn_best.pt@af79e2a17126
matrix-20260918-025538-98a873,0.01,32,LL,0801,44.5986,0.99915,2.255361,0.0,1.0,0.3125,0.6875,0,2.19,3.31,3.66,models/windowed_cnn_grid/32bit_a0.010/windowed_cnn_best.pt@5fbf855c344d
matrix-20260918-025538-98a873,0.01,32,LL,0802,46.2349,0.995757,1.547343,0.0,1.0,0.40625,0.59375,0,2.19,3.24,3.54,models/windowed_cnn_grid/32bit_a0.010/windowed_cnn_best.pt@5fbf855c344d
matrix-20260918-025538-98a873,0.01,32,LL,0803,44.2034,0.99782,2.470261,0.0625,0.9375,0.21875,0.78125,0,2.15,3.25,3.58,models/windowed_cnn_grid/32bit_a0.010/windowed_cnn_best.pt@5fbf855c344d
matrix-20260918-025538-98a873,0.01,32,LL,0804,43.9262,0.999019,2.633082,0.0625,0.9375,0.21875,0.78125,0,2.18,3.29,3.6,models/windowed_cnn_grid/32bit_a0.010/windowed_cnn_best.pt@5fbf855c344d
matrix-20260918-025538-98a873,0.01,32,LL,0805,43.611,0.998693,2.831294,0.0625,0.9375,0.34375,0.65625,0,2.15,3.38,3.59,models/windowed_cnn_grid/32bit_a0.010/windowed_cnn_best.pt@5fbf855c344d
matrix-20260918-025538-98a873,0.01,32,LL,0806,44.8817,0.995069,2.113032,0.0,1.0,0.375,0.625,0,2.17,3.31,3.61,models/windowed_cnn_grid/32bit_a0.010/windowed_cnn_best.pt@5fbf855c344d
matrix-20260918-025538-98a873,0.01,32,LL,0807,46.5206,0.997926,1.448837,0.0,1.0,0.40625,0.59375,0,2.17,3.29,3.96,models/windowed_cnn_grid/32bit_a0.010/windowed_cnn_best.pt@5fbf855c344d
matrix-20260918-025538-98a873,0.01,32,LL,0808,46.855,0.996712,1.341471,0.0,1.0,0.4375,0.5625,0,2.18,3.25,3.6,models/windowed_cnn_grid/32bit_a0.010/windowed_cnn_best.pt@5fbf855c344d
matrix-20260918-025538-98a873,0.01,32,LL,0809,44.8707,0.998806,2.118388,0.0,1.0,0.3125,0.6875,0,2.23,3.3,3.59,models/windowed_cnn_grid/32bit_a0.010/windowed_cnn_best.pt@5fbf855c344d
matrix-20260918-025538-98a873,0.01,32,LL,0810,45.5824,0.998293,1.798213,0.0,1.0,0.3125,0.6875,0,2.16,3.4,3.53,models/windowed_cnn_grid/32bit_a0.010/windowed_cnn_best.pt@5fbf855c344d
matrix-20260918-025538-98a873,0.01,32,LL,0811,47.149,0.997929,1.253672,0.0,1.0,0.40625,0.59375,0,2.18,3.35,3.56,models/windowed_cnn_grid/32bit_a0.010/windowed_cnn_best.pt@5fbf855c344d
matrix-20260918-025538-98a873,0.01,32,LL,0812,45.1334,0.998207,1.994085,0.0,1.0,0.34375,0.65625,0,2.16,3.26,3.51,models/windowed_cnn_grid/32bit_a0.010/windowed_cnn_best.pt@5fbf855c344d
matrix-20260918-025538-98a873,0.01,32,LL,0813,44.4277,0.997702,2.345896,0.0,1.0,0.40625,0.59375,0,2.16,3.36,3.59,models/windowed_cnn_grid/32bit_a0.010/windowed_cnn_best.pt@5fbf855c344d
matrix-20260918-025538-98a873,0.01,32,LL,0814,46.8492,0.998209,1.343267,0.0625,0.9375,0.34375,0.65625,0,2.2,3.24,3.61,models/windowed_cnn_grid/32bit_a0.010/windowed_cnn_best.pt@5fbf855c344d
matrix-20260918-025538-98a873,0.01,32,LL,0815,46.1459,0.998844,1.579402,0.0,1.0,0.3125,0.6875,0,2.2,3.43,3.57,models/windowed_cnn_grid/32bit_a0.010/windowed_cnn_best.pt@5fbf855c344d
matrix-20260918-025538-98a873,0.01,32,LL,0816,44.3107,0.998441,2.409988,0.0,1.0,0.40625,0.59375,0,2.17,3.39,3.62,models/windowed_cnn_grid/32bit_a0.010/windowed_cnn_best.pt@5fbf855c344d
matrix-20260918-025538-98a873,0.01,32,LL,0817,44.7085,0.998201,2.199041,0.0,1.0,0.40625,0.59375,0,2.17,3.26,3.54,models/windowed_cnn_grid/32bit_a0.010/windowed_cnn_best.pt@5fbf855c344d
matrix-20260918-025538-98a873,0.01,32,LL,0818,43.3478,0.997656,3.008174,0.0625,0.9375,0.3125,0.6875,0,2.16,3.23,3.66,models/windowed_cnn_grid/32bit_a0.010/windowed_cnn_best.pt@5fbf855c344d
matrix-20260918-025538-98a873,0.01,32,LL,0819,45.4834,0.99889,1.839661,0.0,1.0,0.375,0.625,0,2.22,3.26,3.57,models/windowed_cnn_grid/32bit_a0.010/windowed_cnn_best.pt@5fbf855c344d
matrix-20260918-025538-98a873,0.01,32,LL,0820,43.8922,0.999167,2.653773,0.0,1.0,0.28125,0.71875,0,2.19,3.36,3.7,models/windowed_cnn_grid/32bit_a0.010/windowed_cnn_best.pt@5fbf855c344d
matrix-20260918-025538-98a873,0.01,32,LL,0821,46.0982,0.998886,1.596822,0.0625,0.9375,0.34375,0.65625,0,2.25,3.29,3.64,models/windowed_cnn_grid/32bit_a0.010/windowed_cnn_best.pt@5fbf855c344d
matrix-20260918-025538-98a873,0.01,32,LL,0822,47.172,0.998975,1.24704,0.0625,0.9375,0.3125,0.6875,0,2.17,3.32,3.65,models/windowed_cnn_grid/32bit_a0.010/windowed_cnn_best.pt@5fbf855c344d
matrix-20260918-025538-98a873,0.01,32,LL,0823,43.8701,0.995852,2.667308,0.0,1.0,0.5,0.5,0,2.17,3.32,3.56,models/windowed_cnn_grid/32bit_a0.010/windowed_cnn_best.pt@5fbf855c344d
matrix-20260918-025538-98a873,0.01,32,LL,0824,44.2779,0.998508,2.428228,0.0,1.0,0.25,0.75,0,2.23,3.24,3.57,models/windowed_cnn_grid/32bit_a0.010/windowed_cnn_best.pt@5fbf855c344d
matrix-20260918-025538-98a873,0.01,32,LL,0825,44.777,0.999006,2.164632,0.0,1.0,0.34375,0.65625,0,2.17,3.33,3.6,models/windowed_cnn_grid/32bit_a0.010/windowed_cnn_best.pt@5fbf855c344d
matrix-20260918-025538-98a873,0.01,32,LL,0826,44.1475,0.997701,2.502223,0.03125,0.96875,0.28125,0.71875,0,2.17,3.29,3.52,models/windowed_cnn_grid/32bit_a0.010/windowed_cnn_best.pt@5fbf855c344d
matrix-20260918-025538-98a873,0.01,32,LL,0827,51.0749,0.997502,0.50768,0.0,1.0,0.25,0.75,0,2.16,3.28,3.6,models/windowed_cnn_grid/32bit_a0.010/windowed_cnn_best.pt@5fbf855c344d
matrix-20260918-025538-98a873,0.01,32,LL,0828,49.3598,0.998077,0.75353,0.0,1.0,0.34375,0.65625,0,2.2,3.4,3.66,models/windowed_cnn_grid/32bit_a0.010/windowed_cnn_best.pt@5fbf855c344d
matrix-20260918-025538-98a873,0.01,32,LL,0829,46.3663,0.997675,1.501251,0.0,1.0,0.5,0.5,0,2.22,3.28,3.5,models/windowed_cnn_grid/32bit_a0.010/windowed_cnn_best.pt@5fbf855c344d
matrix-20260918-025538-98a873,0.01,32,LL,0830,44.5978,0.997596,2.255773,0.0,1.0,0.3125,0.6875,0,2.14,3.26,3.59,models/windowed_cnn_grid/32bit_a0.010/windowed_cnn_best.pt@5fbf855c344d
matrix-20260918-025538-98a873,0.01,32,LL,0831,46.8007,0.998746,1.358348,0.0625,0.9375,0.28125,0.71875,0,2.15,3.27,3.57,models/windowed_cnn_grid/32bit_a0.010/windowed_cnn_best.pt@5fbf855c344d
matrix-20260918-025538-98a873,0.01,32,LL,0832,45.8619,0.998492,1.686132,0.0625,0.9375,0.3125,0.6875,0,2.18,3.28,3.57,models/windowed_cnn_grid/32bit_a0.010/windowed_cnn_best.pt@5fbf855c344d
matrix-20260918-025538-98a873,0.01,32,LL,0833,42.485,0.999092,3.669317,0.0,1.0,0.4375,0.5625,0,2.17,3.25,3.54,models/windowed_cnn_grid/32bit_a0.010/windowed_cnn_best.pt@5fbf855c344d
matrix-20260918-025538-98a873,0.01,32,LL,0834,43.9983,0.998065,2.589712,0.0,1.0,0.34375,0.65625,0,2.18,3.26,3.55,models/windowed_cnn_grid/32bit_a0.010/windowed_cnn_best.pt@5fbf855c344d
matrix-20260918-025538-98a873,0.01,32,LL,0835,46.1051,0.9983,1.594309,0.0,1.0,0.34375,0.65625,0,2.17,3.28,3.52,models/windowed_cnn_grid/32bit_a0.010/windowed_cnn_best.pt@5fbf855c344d
matrix-20260918-025538-98a873,0.01,32,LL,0836,43.5121,0.99869,2.896505,0.0,1.0,0.46875,0.53125,0,2.16,3.29,3.59,models/windowed_cnn_grid/32bit_a0.010/windowed_cnn_best.pt@5fbf855c344d
matrix-20260918-025538-98a873,0.01,32,LL,0837,46.6467,0.999123,1.407384,0.0,1.0,0.34375,0.65625,0,2.15,3.27,3.56,models/windowed_cnn_grid/32bit_a0.010/windowed_cnn_best.pt@5fbf855c344d
matrix-20260918-025538-98a873,0.01,32,LL,0838,46.2364,0.997051,1.546814,0.0,1.0,0.375,0.625,0,2.15,3.34,3.49,models/windowed_cnn_grid/32bit_a0.010/windowed_cnn_best.pt@5fbf855c344d
matrix-20260918-025538-98a873,0.01,32,LL,0839,47.6534,0.977684,1.116206,0.0,1.0,0.4375,0.5625,0,2.09,3.13,3.49,models/windowed_cnn_grid/32bit_a0.010/windowed_cnn_best.pt@5fbf855c344d
matrix-20260918-025538-98a873,0.01,32,LL,0840,47.7009,0.999164,1.10406,0.0,1.0,0.46875,0.53125,0,2.18,3.32,3.55,models/windowed_cnn_grid/32bit_a0.010/windowed_cnn_best.pt@5fbf855c344d
matrix-20260918-025538-98a873,0.01,32,LL,0841,47.8481,0.997601,1.067266,0.0,1.0,0.28125,0.71875,0,2.22,3.27,3.72,models/windowed_cnn_grid/32bit_a0.010/windowed_cnn_best.pt@5fbf855c344d
matrix-20260918-025538-98a873,0.01,32,LL,0842,42.9571,0.998393,3.29129,0.0,1.0,0.34375,0.65625,0,2.21,3.28,3.56,models/windowed_cnn_grid/32bit_a0.010/windowed_cnn_best.pt@5fbf855c344d
matrix-20260918-025538-98a873,0.01,32,LL,0843,52.7407,0.999734,0.345947,0.0,1.0,0.25,0.75,0,1.83,2.66,3.31,models/windowed_cnn_grid/32bit_a0.010/windowed_cnn_best.pt@5fbf855c344d
matrix-20260918-025538-98a873,0.01,32,LL,0844,42.6333,0.99721,3.546097,0.0,1.0,0.21875,0.78125,0,2.21,3.25,3.54,models/windowed_cnn_grid/32bit_a0.010/windowed_cnn_best.pt@5fbf855c344d
matrix-20260918-025538-98a873,0.01,32,LL,0845,43.5275,0.998784,2.886236,0.0,1.0,0.34375,0.65625,0,2.19,3.37,3.61,models/windowed_cnn_grid/32bit_a0.010/windowed_cnn_best.pt@5fbf855c344d
matrix-20260918-025538-98a873,0.01,32,LL,0846,43.4635,0.998892,2.929082,0.03125,0.96875,0.34375,0.65625,0,2.21,3.27,3.69,models/windowed_cnn_grid/32bit_a0.010/windowed_cnn_best.pt@5fbf855c344d
matrix-20260918-025538-98a873,0.01,32,LL,0847,44.9325,0.998472,2.088476,0.0,1.0,0.4375,0.5625,0,2.18,3.29,3.58,models/windowed_cnn_grid/32bit_a0.010/windowed_cnn_best.pt@5fbf855c344d
matrix-20260918-025538-98a873,0.01,32,LL,0848,45.3466,0.997229,1.898554,0.0,1.0,0.40625,0.59375,0,2.22,3.27,3.56,models/windowed_cnn_grid/32bit_a0.010/windowed_cnn_best.pt@5fbf855c344d
matrix-20260918-025538-98a873,0.01,32,LL,0849,45.3719,0.9994,1.887522,0.0,1.0,0.40625,0.59375,0,2.19,3.3,3.59,models/windowed_cnn_grid/32bit_a0.010/windowed_cnn_best.pt@5fbf855c344d
matrix-20260918-025538-98a873,0.01,32,LL,0850,45.309,0.9985,1.915049,0.0,1.0,0.4375,0.5625,0,2.15,3.26,3.62,models/windowed_cnn_grid/32bit_a0.010/windowed_cnn_best.pt@5fbf855c344d
matrix-20260918-025538-98a873,0.01,32,LL,0851,48.0688,0.989617,1.014384,0.0,1.0,0.375,0.625,0,2.17,3.33,3.53,models/windowed_cnn_grid/32bit_a0.010/windowed_cnn_best.pt@5fbf855c344d
matrix-20260918-025538-98a873,0.01,32,LL,0852,52.7868,0.996757,0.342295,0.0,1.0,0.25,0.75,0,2.17,3.27,3.53,models/windowed_cnn_grid/32bit_a0.010/windowed_cnn_best.pt@5fbf855c344d
matrix-20260918-025538-98a873,0.01,32,LL,0853,47.5833,0.996653,1.134364,0.03125,0.96875,0.5625,0.4375,0,2.14,3.25,3.6,models/windowed_cnn_grid/32bit_a0.010/windowed_cnn_best.pt@5fbf855c344d
matrix-20260918-025538-98a873,0.01,32,LL,0854,43.8721,0.998477,2.666082,0.0,1.0,0.28125,0.71875,0,2.17,3.32,3.58,models/windowed_cnn_grid/32bit_a0.010/windowed_cnn_best.pt@5fbf855c344d
matrix-20260918-025538-98a873,0.01,32,LL,0855,45.051,0.9981,2.032288,0.0,1.0,0.28125,0.71875,0,2.18,3.27,3.6,models/windowed_cnn_grid/32bit_a0.010/windowed_cnn_best.pt@5fbf855c344d
matrix-20260918-025538-98a873,0.01,32,LL,0856,48.3177,0.998118,0.957886,0.0,1.0,0.21875,0.78125,0,2.19,3.39,3.54,models/windowed_cnn_grid/32bit_a0.010/windowed_cnn_best.pt@5fbf855c344d
matrix-20260918-025538-98a873,0.01,32,LL,0857,45.0648,0.997682,2.025818,0.0,1.0,0.40625,0.59375,0,2.13,3.23,3.56,models/windowed_cnn_grid/32bit_a0.010/windowed_cnn_best.pt@5fbf855c344d
matrix-20260918-025538-98a873,0.01,32,LL,0858,49.0332,0.997606,0.812388,0.0,1.0,0.375,0.625,0,2.17,3.29,3.55,models/windowed_cnn_grid/32bit_a0.010/windowed_cnn_best.pt@5fbf855c344d
matrix-20260918-025538-98a873,0.01,32,LL,0859,43.5084,0.998744,2.898926,0.0,1.0,0.53125,0.46875,0,2.16,3.29,3.6,models/windowed_cnn_grid/32bit_a0.010/windowed_cnn_best.pt@5fbf855c344d
matrix-20260918-025538-98a873,0.01,32,LL,0860,45.5281,0.999298,1.820852,0.0625,0.9375,0.25,0.75,0,2.22,3.31,3.58,models/windowed_cnn_grid/32bit_a0.010/windowed_cnn_best.pt@5fbf855c344d
matrix-20260918-025538-98a873,0.01,32,LL,0861,46.7186,0.998467,1.384257,0.0,1.0,0.21875,0.78125,0,2.17,3.24,3.53,models/windowed_cnn_grid/32bit_a0.010/windowed_cnn_best.pt@5fbf855c344d
matrix-20260918-025538-98a873,0.01,32,LL,0862,43.9296,0.997378,2.631007,0.09375,0.90625,0.34375,0.65625,0,2.16,3.32,3.62,models/windowed_cnn_grid/32bit_a0.010/windowed_cnn_best.pt@5fbf855c344d
matrix-20260918-025538-98a873,0.01,32,LL,0863,43.3663,0.998229,2.995351,0.0,1.0,0.3125,0.6875,0,2.21,3.24,3.51,models/windowed_cnn_grid/32bit_a0.010/windowed_cnn_best.pt@5fbf855c344d
matrix-20260918-025538-98a873,0.01,32,LL,0864,47.3868,0.999007,1.186874,0.0,1.0,0.40625,0.59375,0,2.17,3.35,3.54,models/windowed_cnn_grid/32bit_a0.010/windowed_cnn_best.pt@5fbf855c344d
matrix-20260918-025538-98a873,0.01,32,LL,0865,45.0869,0.998875,2.015523,0.0,1.0,0.3125,0.6875,0,2.19,3.24,3.57,models/windowed_cnn_grid/32bit_a0.010/windowed_cnn_best.pt@5fbf855c344d
matrix-20260918-025538-98a873,0.01,32,LL,0866,44.0437,0.999142,2.562795,0.0,1.0,0.34375,0.65625,0,2.17,3.29,3.62,models/windowed_cnn_grid/32bit_a0.010/windowed_cnn_best.pt@5fbf855c344d
matrix-20260918-025538-98a873,0.01,32,LL,0867,46.0009,0.999105,1.633001,0.0,1.0,0.375,0.625,0,2.19,3.24,3.53,models/windowed_cnn_grid/32bit_a0.010/windowed_cnn_best.pt@5fbf855c344d
matrix-20260918-025538-98a873,0.01,32,LL,0868,42.4432,0.999764,3.704768,0.0,1.0,0.34375,0.65625,0,2.12,3.17,3.46,models/windowed_cnn_grid/32bit_a0.010/windowed_cnn_best.pt@5fbf855c344d
matrix-20260918-025538-98a873,0.01,32,LL,0869,44.6422,0.9983,2.232829,0.0625,0.9375,0.34375,0.65625,0,2.21,3.26,3.64,models/windowed_cnn_grid/32bit_a0.010/windowed_cnn_best.pt@5fbf855c344d
matrix-20260918-025538-98a873,0.01,32,LL,0870,46.0701,0.999332,1.607213,0.0625,0.9375,0.34375,0.65625,0,2.18,3.31,3.61,models/windowed_cnn_grid/32bit_a0.010/windowed_cnn_best.pt@5fbf855c344d
matrix-20260918-025538-98a873,0.01,32,LL,0871,44.7114,0.998883,2.197561,0.0625,0.9375,0.4375,0.5625,0,2.19,3.24,3.61,models/windowed_cnn_grid/32bit_a0.010/windowed_cnn_best.pt@5fbf855c344d
matrix-20260918-025538-98a873,0.01,32,LL,0872,44.3153,0.99919,2.407425,0.0,1.0,0.375,0.625,0,2.17,3.29,3.59,models/windowed_cnn_grid/32bit_a0.010/windowed_cnn_best.pt@5fbf855c344d
matrix-20260918-025538-98a873,0.01,32,LL,0873,45.2211,0.998756,1.954208,0.0,1.0,0.34375,0.65625,0,2.15,3.4,3.58,models/windowed_cnn_grid/32bit_a0.010/windowed_cnn_best.pt@5fbf855c344d
matrix-20260918-025538-98a873,0.01,32,LL,0874,43.9591,0.99831,2.613205,0.0,1.0,0.4375,0.5625,0,2.16,3.41,3.65,models/windowed_cnn_grid/32bit_a0.010/windowed_cnn_best.pt@5fbf855c344d
matrix-20260918-025538-98a873,0.01,32,LL,0875,46.8011,0.99935,1.358236,0.0625,0.9375,0.40625,0.59375,0,2.2,3.29,3.57,models/windowed_cnn_grid/32bit_a0.010/windowed_cnn_best.pt@5fbf855c344d
matrix-20260918-025538-98a873,0.01,32,LL,0876,49.2745,0.998066,0.768473,0.0625,0.9375,0.1875,0.8125,0,2.17,3.34,3.53,models/windowed_cnn_grid/32bit_a0.010/windowed_cnn_best.pt@5fbf855c344d
matrix-20260918-025538-98a873,0.01,32,LL,0877,49.9493,0.997506,0.657893,0.0,1.0,0.21875,0.78125,0,2.19,3.24,3.56,models/windowed_cnn_grid/32bit_a0.010/windowed_cnn_best.pt@5fbf855c344d
matrix-20260918-025538-98a873,0.01,32,LL,0878,43.8838,0.999096,2.65892,0.0625,0.9375,0.34375,0.65625,0,2.17,3.3,3.51,models/windowed_cnn_grid/32bit_a0.010/windowed_cnn_best.pt@5fbf855c344d
matrix-20260918-025538-98a873,0.01,32,LL,0879,45.8895,0.996843,1.67544,0.0,1.0,0.53125,0.46875,0,2.14,3.24,3.54,models/windowed_cnn_grid/32bit_a0.010/windowed_cnn_best.pt@5fbf855c344d
matrix-20260918-025538-98a873,0.01,32,LL,0880,45.7167,0.998039,1.743469,0.0,1.0,0.1875,0.8125,0,2.17,3.31,3.54,models/windowed_cnn_grid/32bit_a0.010/windowed_cnn_best.pt@5fbf855c344d
matrix-20260918-025538-98a873,0.01,32,LL,0881,44.1252,0.997763,2.515121,0.0,1.0,0.4375,0.5625,0,2.17,3.28,3.54,models/windowed_cnn_grid/32bit_a0.010/windowed_cnn_best.pt@5fbf855c344d
matrix-20260918-025538-98a873,0.01,32,LL,0882,45.5275,0.99835,1.821081,0.0,1.0,0.3125,0.6875,0,2.18,3.27,3.56,models/windowed_cnn_grid/32bit_a0.010/windowed_cnn_best.pt@5fbf855c344d
matrix-20260918-025538-98a873,0.01,32,LL,0883,44.8589,0.998704,2.124156,0.0,1.0,0.375,0.625,0,2.16,3.29,3.65,models/windowed_cnn_grid/32bit_a0.010/windowed_cnn_best.pt@5fbf855c344d
matrix-20260918-025538-98a873,0.01,32,LL,0884,45.8404,0.998907,1.694514,0.0,1.0,0.3125,0.6875,0,2.16,3.28,3.63,models/windowed_cnn_grid/32bit_a0.010/windowed_cnn_best.pt@5fbf855c344d
matrix-20260918-025538-98a873,0.01,32,LL,0885,46.6786,0.998347,1.397074,0.0625,0.9375,0.3125,0.6875,0,2.15,3.29,3.54,models/windowed_cnn_grid/32bit_a0.010/windowed_cnn_best.pt@5fbf855c344d
matrix-20260918-025538-98a873,0.01,32,LL,0886,45.9334,0.996892,1.65861,0.0,1.0,0.40625,0.59375,0,2.17,3.32,3.51,models/windowed_cnn_grid/32bit_a0.010/windowed_cnn_best.pt@5fbf855c344d
matrix-20260918-025538-98a873,0.01,32,LL,0887,44.4711,0.997126,2.322591,0.0,1.0,0.28125,0.71875,0,2.21,3.25,3.67,models/windowed_cnn_grid/32bit_a0.010/windowed_cnn_best.pt@5fbf855c344d
matrix-20260918-025538-98a873,0.01,32,LL,0888,45.0082,0.998949,2.052394,0.0625,0.9375,0.4375,0.5625,0,2.16,3.26,3.53,models/windowed_cnn_grid/32bit_a0.010/windowed_cnn_best.pt@5fbf855c344d
matrix-20260918-025538-98a873,0.01,32,LL,0889,44.5008,0.999323,2.306727,0.0,1.0,0.40625,0.59375,0,2.15,3.28,3.53,models/windowed_cnn_grid/32bit_a0.010/windowed_cnn_best.pt@5fbf855c344d
matrix-20260918-025538-98a873,0.01,32,LL,0890,45.9747,0.998067,1.642893,0.0625,0.9375,0.4375,0.5625,0,2.16,3.25,3.67,models/windowed_cnn_grid/32bit_a0.010/windowed_cnn_best.pt@5fbf855c344d
matrix-20260918-025538-98a873,0.01,32,LL,0891,44.6915,0.998952,2.207667,0.0,1.0,0.34375,0.65625,0,2.17,3.34,3.62,models/windowed_cnn_grid/32bit_a0.010/windowed_cnn_best.pt@5fbf855c344d
matrix-20260918-025538-98a873,0.01,32,LL,0892,43.9399,0.999453,2.624736,0.09375,0.90625,0.21875,0.78125,0,2.25,3.34,3.59,models/windowed_cnn_grid/32bit_a0.010/windowed_cnn_best.pt@5fbf855c344d
matrix-20260918-025538-98a873,0.01,32,LL,0893,47.2025,0.997809,1.238322,0.0,1.0,0.375,0.625,0,2.15,3.25,3.59,models/windowed_cnn_grid/32bit_a0.010/windowed_cnn_best.pt@5fbf855c344d
matrix-20260918-025538-98a873,0.01,32,LL,0894,42.8243,0.998046,3.393529,0.0,1.0,0.15625,0.84375,0,2.23,3.27,3.69,models/windowed_cnn_grid/32bit_a0.010/windowed_cnn_best.pt@5fbf855c344d
matrix-20260918-025538-98a873,0.01,32,LL,0895,46.0852,0.998817,1.601608,0.0625,0.9375,0.3125,0.6875,0,2.19,3.33,3.58,models/windowed_cnn_grid/32bit_a0.010/windowed_cnn_best.pt@5fbf855c344d
matrix-20260918-025538-98a873,0.01,32,LL,0896,41.5832,0.995251,4.516057,0.0,1.0,0.28125,0.71875,0,2.15,3.23,3.7,models/windowed_cnn_grid/32bit_a0.010/windowed_cnn_best.pt@5fbf855c344d
matrix-20260918-025538-98a873,0.01,32,LL,0897,46.778,0.999633,1.365453,0.09375,0.90625,0.09375,0.90625,0,2.2,3.44,3.62,models/windowed_cnn_grid/32bit_a0.010/windowed_cnn_best.pt@5fbf855c344d
matrix-20260918-025538-98a873,0.01,32,LL,0898,45.9614,0.996341,1.647919,0.0625,0.9375,0.3125,0.6875,0,2.19,3.24,3.64,models/windowed_cnn_grid/32bit_a0.010/windowed_cnn_best.pt@5fbf855c344d
matrix-20260918-025538-98a873,0.01,32,LL,0899,46.4934,0.997943,1.457942,0.125,0.875,0.25,0.75,0,2.17,3.27,3.55,models/windowed_cnn_grid/32bit_a0.010/windowed_cnn_best.pt@5fbf855c344d
matrix-20260918-025538-98a873,0.01,32,LL,0900,47.7125,0.995674,1.10111,0.0,1.0,0.375,0.625,0,2.17,3.29,3.49,models/windowed_cnn_grid/32bit_a0.010/windowed_cnn_best.pt@5fbf855c344d
matrix-20260918-025538-98a873,0.01,64,LL,0801,44.631,0.999209,2.238627,0.0625,0.9375,0.359375,0.640625,0,2.18,3.34,4.56,models/windowed_cnn_grid/64bit_a0.010/windowed_cnn_best.pt@426cd6b889d9
matrix-20260918-025538-98a873,0.01,64,LL,0802,45.9808,0.995617,1.640594,0.0,1.0,0.46875,0.53125,0,2.2,3.23,4.48,models/windowed_cnn_grid/64bit_a0.010/windowed_cnn_best.pt@426cd6b889d9
matrix-20260918-025538-98a873,0.01,64,LL,0803,44.28,0.997885,2.427058,0.0,1.0,0.28125,0.71875,0,2.15,3.25,4.4,models/windowed_cnn_grid/64bit_a0.010/windowed_cnn_best.pt@426cd6b889d9
matrix-20260918-025538-98a873,0.01,64,LL,0804,43.887,0.998965,2.656926,0.0,1.0,0.28125,0.71875,0,2.25,3.32,4.5,models/windowed_cnn_grid/64bit_a0.010/windowed_cnn_best.pt@426cd6b889d9
matrix-20260918-025538-98a873,0.01,64,LL,0805,43.5474,0.998867,2.873006,0.0625,0.9375,0.359375,0.640625,0,2.16,3.26,4.47,models/windowed_cnn_grid/64bit_a0.010/windowed_cnn_best.pt@426cd6b889d9
matrix-20260918-025538-98a873,0.01,64,LL,0806,44.8981,0.994913,2.105067,0.03125,0.96875,0.25,0.75,0,2.15,3.31,4.5,models/windowed_cnn_grid/64bit_a0.010/windowed_cnn_best.pt@426cd6b889d9
matrix-20260918-025538-98a873,0.01,64,LL,0807,46.3295,0.99782,1.514002,0.046875,0.953125,0.21875,0.78125,0,2.19,3.42,4.47,models/windowed_cnn_grid/64bit_a0.010/windowed_cnn_best.pt@426cd6b889d9
matrix-20260918-025538-98a873,0.01,64,LL,0808,46.8775,0.996862,1.334549,0.0,1.0,0.28125,0.71875,0,2.14,3.3,4.42,models/windowed_cnn_grid/64bit_a0.010/windowed_cnn_best.pt@426cd6b889d9
matrix-20260918-025538-98a873,0.01,64,LL,0809,45.1079,0.998916,2.005819,0.046875,0.953125,0.359375,0.640625,0,2.19,3.28,4.49,models/windowed_cnn_grid/64bit_a0.010/windowed_cnn_best.pt@426cd6b889d9
matrix-20260918-025538-98a873,0.01,64,LL,0810,45.4281,0.998233,1.863225,0.0,1.0,0.328125,0.671875,0,2.19,3.39,4.47,models/windowed_cnn_grid/64bit_a0.010/windowed_cnn_best.pt@426cd6b889d9
matrix-20260918-025538-98a873,0.01,64,LL,0811,47.1668,0.997933,1.24852,0.109375,0.890625,0.3125,0.6875,0,2.16,3.3,4.41,models/windowed_cnn_grid/64bit_a0.010/windowed_cnn_best.pt@426cd6b889d9
matrix-20260918-025538-98a873,0.01,64,LL,0812,45.0224,0.998209,2.0457,0.0625,0.9375,0.328125,0.671875,0,2.17,3.27,4.42,models/windowed_cnn_grid/64bit_a0.010/windowed_cnn_best.pt@426cd6b889d9
matrix-20260918-025538-98a873,0.01,64,LL,0813,44.4385,0.997979,2.340062,0.046875,0.953125,0.328125,0.671875,0,2.16,3.28,4.42,models/windowed_cnn_grid/64bit_a0.010/windowed_cnn_best.pt@426cd6b889d9
matrix-20260918-025538-98a873,0.01,64,LL,0814,46.6333,0.998494,1.411718,0.015625,0.984375,0.421875,0.578125,0,2.13,3.21,4.38,models/windowed_cnn_grid/64bit_a0.010/windowed_cnn_best.pt@426cd6b889d9
matrix-20260918-025538-98a873,0.01,64,LL,0815,46.3091,0.998788,1.521159,0.0,1.0,0.234375,0.765625,0,2.16,3.4,4.53,models/windowed_cnn_grid/64bit_a0.010/windowed_cnn_best.pt@426cd6b889d9
matrix-20260918-025538-98a873,0.01,64,LL,0816,44.5033,0.998529,2.305445,0.0,1.0,0.4375,0.5625,0,2.22,3.28,4.45,models/windowed_cnn_grid/64bit_a0.010/windowed_cnn_best.pt@426cd6b889d9
matrix-20260918-025538-98a873,0.01,64,LL,0817,44.8208,0.998329,2.142888,0.0625,0.9375,0.328125,0.671875,0,2.17,3.34,4.47,models/windowed_cnn_grid/64bit_a0.010/windowed_cnn_best.pt@426cd6b889d9
matrix-20260918-025538-98a873,0.01,64,LL,0818,43.4307,0.997761,2.951253,0.015625,0.984375,0.25,0.75,0,2.16,3.25,4.45,models/windowed_cnn_grid/64bit_a0.010/windowed_cnn_best.pt@426cd6b889d9
matrix-20260918-025538-98a873,0.01,64,LL,0819,45.0625,0.998792,2.026901,0.03125,0.96875,0.25,0.75,0,2.15,3.25,4.5,models/windowed_cnn_grid/64bit_a0.010/windowed_cnn_best.pt@426cd6b889d9
matrix-20260918-025538-98a873,0.01,64,LL,0820,43.8121,0.999019,2.703171,0.03125,0.96875,0.375,0.625,0,2.2,3.4,4.43,models/windowed_cnn_grid/64bit_a0.010/windowed_cnn_best.pt@426cd6b889d9
matrix-20260918-025538-98a873,0.01,64,LL,0821,46.072,0.998769,1.606517,0.09375,0.90625,0.28125,0.71875,0,2.18,3.32,4.47,models/windowed_cnn_grid/64bit_a0.010/windowed_cnn_best.pt@426cd6b889d9
matrix-20260918-025538-98a873,0.01,64,LL,0822,47.187,0.999053,1.242752,0.0625,0.9375,0.296875,0.703125,0,2.19,3.29,4.48,models/windowed_cnn_grid/64bit_a0.010/windowed_cnn_best.pt@426cd6b889d9
matrix-20260918-025538-98a873,0.01,64,LL,0823,43.8848,0.994224,2.658269,0.0,1.0,0.34375,0.65625,0,2.17,3.34,4.53,models/windowed_cnn_grid/64bit_a0.010/windowed_cnn_best.pt@426cd6b889d9
matrix-20260918-025538-98a873,0.01,64,LL,0824,44.3498,0.998437,2.388351,0.03125,0.96875,0.28125,0.71875,0,2.22,3.26,4.4,models/windowed_cnn_grid/64bit_a0.010/windowed_cnn_best.pt@426cd6b889d9
matrix-20260918-025538-98a873,0.01,64,LL,0825,44.838,0.999008,2.13443,0.0,1.0,0.3125,0.6875,0,2.16,3.42,4.49,models/windowed_cnn_grid/64bit_a0.010/windowed_cnn_best.pt@426cd6b889d9
matrix-20260918-025538-98a873,0.01,64,LL,0826,44.1462,0.997676,2.502986,0.015625,0.984375,0.28125,0.71875,0,2.16,3.26,4.44,models/windowed_cnn_grid/64bit_a0.010/windowed_cnn_best.pt@426cd6b889d9
matrix-20260918-025538-98a873,0.01,64,LL,0827,51.1005,0.997488,0.5047,0.015625,0.984375,0.3125,0.6875,0,2.15,3.34,5.04,models/windowed_cnn_grid/64bit_a0.010/windowed_cnn_best.pt@426cd6b889d9
matrix-20260918-025538-98a873,0.01,64,LL,0828,49.3305,0.995063,0.758636,0.0625,0.9375,0.3125,0.6875,0,2.24,3.36,4.49,models/windowed_cnn_grid/64bit_a0.010/windowed_cnn_best.pt@426cd6b889d9
matrix-20260918-025538-98a873,0.01,64,LL,0829,46.3239,0.997598,1.515971,0.046875,0.953125,0.359375,0.640625,0,2.16,3.25,4.49,models/windowed_cnn_grid/64bit_a0.010/windowed_cnn_best.pt@426cd6b889d9
matrix-20260918-025538-98a873,0.01,64,LL,0830,44.7419,0.997547,2.1822,0.03125,0.96875,0.265625,0.734375,0,2.16,3.35,4.45,models/windowed_cnn_grid/64bit_a0.010/windowed_cnn_best.pt@426cd6b889d9
matrix-20260918-025538-98a873,0.01,64,LL,0831,46.7434,0.998598,1.376394,0.0625,0.9375,0.28125,0.71875,0,2.18,3.29,4.52,models/windowed_cnn_grid/64bit_a0.010/windowed_cnn_best.pt@426cd6b889d9
matrix-20260918-025538-98a873,0.01,64,LL,0832,45.5498,0.99851,1.811773,0.03125,0.96875,0.25,0.75,0,2.16,3.27,4.41,models/windowed_cnn_grid/64bit_a0.010/windowed_cnn_best.pt@426cd6b889d9
matrix-20260918-025538-98a873,0.01,64,LL,0833,42.3681,0.999078,3.769414,0.0,1.0,0.328125,0.671875,0,2.14,3.24,4.44,models/windowed_cnn_grid/64bit_a0.010/windowed_cnn_best.pt@426cd6b889d9
matrix-20260918-025538-98a873,0.01,64,LL,0834,43.8937,0.997969,2.652812,0.0625,0.9375,0.265625,0.734375,0,2.22,3.25,4.4,models/windowed_cnn_grid/64bit_a0.010/windowed_cnn_best.pt@426cd6b889d9
matrix-20260918-025538-98a873,0.01,64,LL,0835,46.1917,0.998596,1.56282,0.0625,0.9375,0.234375,0.765625,0,2.15,3.31,4.42,models/windowed_cnn_grid/64bit_a0.010/windowed_cnn_best.pt@426cd6b889d9
matrix-20260918-025538-98a873,0.01,64,LL,0836,43.5718,0.998629,2.856934,0.015625,0.984375,0.390625,0.609375,0,2.18,3.27,4.47,models/windowed_cnn_grid/64bit_a0.010/windowed_cnn_best.pt@426cd6b889d9
matrix-20260918-025538-98a873,0.01,64,LL,0837,46.7086,0.999069,1.387466,0.0,1.0,0.3125,0.6875,0,2.17,3.29,4.44,models/windowed_cnn_grid/64bit_a0.010/windowed_cnn_best.pt@426cd6b889d9
matrix-20260918-025538-98a873,0.01,64,LL,0838,46.0148,0.997058,1.627797,0.03125,0.96875,0.328125,0.671875,0,2.19,3.22,4.41,models/windowed_cnn_grid/64bit_a0.010/windowed_cnn_best.pt@426cd6b889d9
matrix-20260918-025538-98a873,0.01,64,LL,0839,47.8111,0.992884,1.076385,0.0,1.0,0.375,0.625,0,2.1,3.16,4.4,models/windowed_cnn_grid/64bit_a0.010/windowed_cnn_best.pt@426cd6b889d9
matrix-20260918-025538-98a873,0.01,64,LL,0840,47.4661,0.999088,1.16539,0.0625,0.9375,0.25,0.75,0,2.26,3.3,4.43,models/windowed_cnn_grid/64bit_a0.010/windowed_cnn_best.pt@426cd6b889d9
matrix-20260918-025538-98a873,0.01,64,LL,0841,47.8605,0.997659,1.064214,0.0625,0.9375,0.265625,0.734375,0,2.17,3.27,4.49,models/windowed_cnn_grid/64bit_a0.010/windowed_cnn_best.pt@426cd6b889d9
matrix-20260918-025538-98a873,0.01,64,LL,0842,42.6836,0.998347,3.505234,0.0,1.0,0.265625,0.734375,0,2.16,3.34,4.44,models/windowed_cnn_grid/64bit_a0.010/windowed_cnn_best.pt@426cd6b889d9
matrix-20260918-025538-98a873,0.01,64,LL,0843,52.8446,0.99967,0.337769,0.1875,0.8125,0.390625,0.609375,0,1.84,2.59,4.15,models/windowed_cnn_grid/64bit_a0.010/windowed_cnn_best.pt@426cd6b889d9
matrix-20260918-025538-98a873,0.01,64,LL,0844,41.6405,0.99695,4.456914,0.03125,0.96875,0.3125,0.6875,0,2.15,3.27,4.47,models/windowed_cnn_grid/64bit_a0.010/windowed_cnn_best.pt@426cd6b889d9
matrix-20260918-025538-98a873,0.01,64,LL,0845,43.184,0.998742,3.123815,0.03125,0.96875,0.3125,0.6875,0,2.17,3.38,4.41,models/windowed_cnn_grid/64bit_a0.010/windowed_cnn_best.pt@426cd6b889d9
matrix-20260918-025538-98a873,0.01,64,LL,0846,45.2442,0.998966,1.943858,0.015625,0.984375,0.328125,0.671875,0,2.23,3.26,4.39,models/windowed_cnn_grid/64bit_a0.010/windowed_cnn_best.pt@426cd6b889d9
matrix-20260918-025538-98a873,0.01,64,LL,0847,44.2989,0.998373,2.416519,0.0,1.0,0.390625,0.609375,0,2.15,3.35,4.4,models/windowed_cnn_grid/64bit_a0.010/windowed_cnn_best.pt@426cd6b889d9
matrix-20260918-025538-98a873,0.01,64,LL,0848,45.4051,0.996126,1.873149,0.03125,0.96875,0.21875,0.78125,0,2.17,3.29,4.52,models/windowed_cnn_grid/64bit_a0.010/windowed_cnn_best.pt@426cd6b889d9
matrix-20260918-025538-98a873,0.01,64,LL,0849,45.1243,0.999403,1.998255,0.03125,0.96875,0.1875,0.8125,0,2.19,3.31,4.53,models/windowed_cnn_grid/64bit_a0.010/windowed_cnn_best.pt@426cd6b889d9
matrix-20260918-025538-98a873,0.01,64,LL,0850,45.6084,0.998501,1.787465,0.046875,0.953125,0.265625,0.734375,0,2.23,3.3,4.44,models/windowed_cnn_grid/64bit_a0.010/windowed_cnn_best.pt@426cd6b889d9
matrix-20260918-025538-98a873,0.01,64,LL,0851,48.02,0.989323,1.025833,0.0,1.0,0.25,0.75,0,2.17,3.3,4.43,models/windowed_cnn_grid/64bit_a0.010/windowed_cnn_best.pt@426cd6b889d9
matrix-20260918-025538-98a873,0.01,64,LL,0852,52.6756,0.99669,0.351171,0.015625,0.984375,0.390625,0.609375,0,2.18,3.29,4.53,models/windowed_cnn_grid/64bit_a0.010/windowed_cnn_best.pt@426cd6b889d9
matrix-20260918-025538-98a873,0.01,64,LL,0853,47.5415,0.996704,1.14532,0.0,1.0,0.375,0.625,0,2.15,3.21,4.39,models/windowed_cnn_grid/64bit_a0.010/windowed_cnn_best.pt@426cd6b889d9
matrix-20260918-025538-98a873,0.01,64,LL,0854,44.1817,0.998265,2.48263,0.09375,0.90625,0.3125,0.6875,0,2.17,3.33,4.53,models/windowed_cnn_grid/64bit_a0.010/windowed_cnn_best.pt@426cd6b889d9
matrix-20260918-025538-98a873,0.01,64,LL,0855,44.9839,0.997835,2.063929,0.0,1.0,0.3125,0.6875,0,2.23,3.28,4.44,models/windowed_cnn_grid/64bit_a0.010/windowed_cnn_best.pt@426cd6b889d9
matrix-20260918-025538-98a873,0.01,64,LL,0856,48.2881,0.998042,0.964437,0.03125,0.96875,0.203125,0.796875,0,2.18,3.32,4.52,models/windowed_cnn_grid/64bit_a0.010/windowed_cnn_best.pt@426cd6b889d9
matrix-20260918-025538-98a873,0.01,64,LL,0857,45.0107,0.997653,2.051219,0.015625,0.984375,0.25,0.75,0,2.16,3.24,4.44,models/windowed_cnn_grid/64bit_a0.010/windowed_cnn_best.pt@426cd6b889d9
matrix-20260918-025538-98a873,0.01,64,LL,0858,48.9455,0.997818,0.828954,0.0,1.0,0.234375,0.765625,0,2.18,3.39,4.51,models/windowed_cnn_grid/64bit_a0.010/windowed_cnn_best.pt@426cd6b889d9
matrix-20260918-025538-98a873,0.01,64,LL,0859,43.3734,0.998667,2.990458,0.03125,0.96875,0.296875,0.703125,0,2.16,3.28,4.44,models/windowed_cnn_grid/64bit_a0.010/windowed_cnn_best.pt@426cd6b889d9
matrix-20260918-025538-98a873,0.01,64,LL,0860,45.5571,0.999198,1.808726,0.0625,0.9375,0.265625,0.734375,0,2.18,3.37,4.54,models/windowed_cnn_grid/64bit_a0.010/windowed_cnn_best.pt@426cd6b889d9
matrix-20260918-025538-98a873,0.01,64,LL,0861,46.7022,0.998154,1.389491,0.046875,0.953125,0.328125,0.671875,0,2.16,3.26,4.44,models/windowed_cnn_grid/64bit_a0.010/windowed_cnn_best.pt@426cd6b889d9
matrix-20260918-025538-98a873,0.01,64,LL,0862,43.675,0.997462,2.789851,0.0625,0.9375,0.390625,0.609375,0,2.23,3.25,4.48,models/windowed_cnn_grid/64bit_a0.010/windowed_cnn_best.pt@426cd6b889d9
matrix-20260918-025538-98a873,0.01,64,LL,0863,43.3783,0.998086,2.987076,0.046875,0.953125,0.25,0.75,0,2.22,3.4,4.45,models/windowed_cnn_grid/64bit_a0.010/windowed_cnn_best.pt@426cd6b889d9
matrix-20260918-025538-98a873,0.01,64,LL,0864,47.2145,0.998955,1.234889,0.0,1.0,0.34375,0.65625,0,2.21,3.24,4.48,models/windowed_cnn_grid/64bit_a0.010/windowed_cnn_best.pt@426cd6b889d9
matrix-20260918-025538-98a873,0.01,64,LL,0865,45.1513,0.998876,1.985891,0.0625,0.9375,0.296875,0.703125,0,2.18,3.32,4.42,models/windowed_cnn_grid/64bit_a0.010/windowed_cnn_best.pt@426cd6b889d9
matrix-20260918-025538-98a873,0.01,64,LL,0866,44.2537,0.999139,2.441813,0.0,1.0,0.28125,0.71875,0,2.17,3.32,4.46,models/windowed_cnn_grid/64bit_a0.010/windowed_cnn_best.pt@426cd6b889d9
matrix-20260918-025538-98a873,0.01,64,LL,0867,46.0385,0.999111,1.618952,0.0,1.0,0.328125,0.671875,0,2.17,3.33,4.41,models/windowed_cnn_grid/64bit_a0.010/windowed_cnn_best.pt@426cd6b889d9
matrix-20260918-025538-98a873,0.01,64,LL,0868,41.4343,0.999367,4.67364,0.125,0.875,0.4375,0.5625,0,2.11,3.26,4.54,models/windowed_cnn_grid/64bit_a0.010/windowed_cnn_best.pt@426cd6b889d9
matrix-20260918-025538-98a873,0.01,64,LL,0869,44.5102,0.998251,2.301758,0.0625,0.9375,0.3125,0.6875,0,2.16,3.27,4.46,models/windowed_cnn_grid/64bit_a0.010/windowed_cnn_best.pt@426cd6b889d9
matrix-20260918-025538-98a873,0.01,64,LL,0870,45.9697,0.999277,1.644775,0.015625,0.984375,0.296875,0.703125,0,2.19,3.34,4.45,models/windowed_cnn_grid/64bit_a0.010/windowed_cnn_best.pt@426cd6b889d9
matrix-20260918-025538-98a873,0.01,64,LL,0871,44.6872,0.998881,2.209839,0.0,1.0,0.3125,0.6875,0,2.18,3.33,4.38,models/windowed_cnn_grid/64bit_a0.010/windowed_cnn_best.pt@426cd6b889d9
matrix-20260918-025538-98a873,0.01,64,LL,0872,44.302,0.999168,2.414795,0.0,1.0,0.265625,0.734375,0,2.19,3.33,4.41,models/windowed_cnn_grid/64bit_a0.010/windowed_cnn_best.pt@426cd6b889d9
matrix-20260918-025538-98a873,0.01,64,LL,0873,45.2996,0.998758,1.919205,0.03125,0.96875,0.25,0.75,0,2.16,3.31,4.52,models/windowed_cnn_grid/64bit_a0.010/windowed_cnn_best.pt@426cd6b889d9
matrix-20260918-025538-98a873,0.01,64,LL,0874,43.8809,0.998199,2.660645,0.0625,0.9375,0.1875,0.8125,0,2.17,3.29,4.42,models/windowed_cnn_grid/64bit_a0.010/windowed_cnn_best.pt@426cd6b889d9
matrix-20260918-025538-98a873,0.01,64,LL,0875,46.7536,0.99934,1.373169,0.03125,0.96875,0.296875,0.703125,0,2.19,3.29,4.51,models/windowed_cnn_grid/64bit_a0.010/windowed_cnn_best.pt@426cd6b889d9
matrix-20260918-025538-98a873,0.01,64,LL,0876,49.0364,0.998255,0.811778,0.0625,0.9375,0.265625,0.734375,0,2.19,3.33,4.44,models/windowed_cnn_grid/64bit_a0.010/windowed_cnn_best.pt@426cd6b889d9
matrix-20260918-025538-98a873,0.01,64,LL,0877,49.9753,0.997473,0.653956,0.140625,0.859375,0.265625,0.734375,0,2.17,3.26,4.41,models/windowed_cnn_grid/64bit_a0.010/windowed_cnn_best.pt@426cd6b889d9
matrix-20260918-025538-98a873,0.01,64,LL,0878,43.8981,0.999071,2.650172,0.03125,0.96875,0.234375,0.765625,0,2.25,3.3,4.51,models/windowed_cnn_grid/64bit_a0.010/windowed_cnn_best.pt@426cd6b889d9
matrix-20260918-025538-98a873,0.01,64,LL,0879,45.8126,0.997291,1.705383,0.03125,0.96875,0.390625,0.609375,0,2.14,3.29,4.43,models/windowed_cnn_grid/64bit_a0.010/windowed_cnn_best.pt@426cd6b889d9
matrix-20260918-025538-98a873,0.01,64,LL,0880,45.7546,0.997983,1.728307,0.015625,0.984375,0.390625,0.609375,0,2.19,3.38,4.47,models/windowed_cnn_grid/64bit_a0.010/windowed_cnn_best.pt@426cd6b889d9
matrix-20260918-025538-98a873,0.01,64,LL,0881,43.9054,0.997845,2.645676,0.03125,0.96875,0.21875,0.78125,0,2.18,3.32,4.42,models/windowed_cnn_grid/64bit_a0.010/windowed_cnn_best.pt@426cd6b889d9
matrix-20260918-025538-98a873,0.01,64,LL,0882,45.924,0.998386,1.662191,0.0625,0.9375,0.171875,0.828125,0,2.2,3.24,4.46,models/windowed_cnn_grid/64bit_a0.010/windowed_cnn_best.pt@426cd6b889d9
matrix-20260918-025538-98a873,0.01,64,LL,0883,44.8438,0.998619,2.131577,0.078125,0.921875,0.109375,0.890625,0,2.19,3.36,4.59,models/windowed_cnn_grid/64bit_a0.010/windowed_cnn_best.pt@426cd6b889d9
matrix-20260918-025538-98a873,0.01,64,LL,0884,45.9892,0.999007,1.637416,0.03125,0.96875,0.265625,0.734375,0,2.17,3.28,4.48,models/windowed_cnn_grid/64bit_a0.010/windowed_cnn_best.pt@426cd6b889d9
matrix-20260918-025538-98a873,0.01,64,LL,0885,46.5648,0.998373,1.434184,0.015625,0.984375,0.265625,0.734375,0,2.18,3.29,4.44,models/windowed_cnn_grid/64bit_a0.010/windowed_cnn_best.pt@426cd6b889d9
matrix-20260918-025538-98a873,0.01,64,LL,0886,45.954,0.996455,1.650757,0.03125,0.96875,0.25,0.75,0,2.17,3.25,4.39,models/windowed_cnn_grid/64bit_a0.010/windowed_cnn_best.pt@426cd6b889d9
matrix-20260918-025538-98a873,0.01,64,LL,0887,44.5788,0.99698,2.265696,0.0,1.0,0.234375,0.765625,0,2.16,3.29,4.42,models/windowed_cnn_grid/64bit_a0.010/windowed_cnn_best.pt@426cd6b889d9
matrix-20260918-025538-98a873,0.01,64,LL,0888,45.0228,0.998861,2.045517,0.046875,0.953125,0.3125,0.6875,0,2.19,3.27,4.53,models/windowed_cnn_grid/64bit_a0.010/windowed_cnn_best.pt@426cd6b889d9
matrix-20260918-025538-98a873,0.01,64,LL,0889,44.5124,0.999226,2.300598,0.0,1.0,0.34375,0.65625,0,2.2,3.35,4.49,models/windowed_cnn_grid/64bit_a0.010/windowed_cnn_best.pt@426cd6b889d9
matrix-20260918-025538-98a873,0.01,64,LL,0890,45.976,0.998079,1.642415,0.03125,0.96875,0.34375,0.65625,0,2.13,3.26,4.53,models/windowed_cnn_grid/64bit_a0.010/windowed_cnn_best.pt@426cd6b889d9
matrix-20260918-025538-98a873,0.01,64,LL,0891,44.6312,0.998756,2.23852,0.0,1.0,0.265625,0.734375,0,2.17,3.39,4.49,models/windowed_cnn_grid/64bit_a0.010/windowed_cnn_best.pt@426cd6b889d9
matrix-20260918-025538-98a873,0.01,64,LL,0892,43.9089,0.999444,2.643545,0.078125,0.921875,0.3125,0.6875,0,2.19,3.32,4.52,models/windowed_cnn_grid/64bit_a0.010/windowed_cnn_best.pt@426cd6b889d9
matrix-20260918-025538-98a873,0.01,64,LL,0893,47.1979,0.997852,1.239634,0.03125,0.96875,0.265625,0.734375,0,2.16,3.25,4.41,models/windowed_cnn_grid/64bit_a0.010/windowed_cnn_best.pt@426cd6b889d9
matrix-20260918-025538-98a873,0.01,64,LL,0894,42.6295,0.997991,3.54921,0.078125,0.921875,0.34375,0.65625,0,2.18,3.26,4.43,models/windowed_cnn_grid/64bit_a0.010/windowed_cnn_best.pt@426cd6b889d9
matrix-20260918-025538-98a873,0.01,64,LL,0895,46.0265,0.998757,1.623403,0.0,1.0,0.21875,0.78125,0,2.19,3.41,4.46,models/windowed_cnn_grid/64bit_a0.010/windowed_cnn_best.pt@426cd6b889d9
matrix-20260918-025538-98a873,0.01,64,LL,0896,41.3437,0.995345,4.772146,0.0,1.0,0.359375,0.640625,0,2.15,3.25,4.44,models/windowed_cnn_grid/64bit_a0.010/windowed_cnn_best.pt@426cd6b889d9
matrix-20260918-025538-98a873,0.01,64,LL,0897,46.8077,0.999647,1.356166,0.078125,0.921875,0.234375,0.765625,0,2.22,3.34,4.45,models/windowed_cnn_grid/64bit_a0.010/windowed_cnn_best.pt@426cd6b889d9
matrix-20260918-025538-98a873,0.01,64,LL,0898,45.5198,0.996335,1.82431,0.015625,0.984375,0.34375,0.65625,0,2.13,3.21,4.41,models/windowed_cnn_grid/64bit_a0.010/windowed_cnn_best.pt@426cd6b889d9
matrix-20260918-025538-98a873,0.01,64,LL,0899,46.3142,0.997835,1.519374,0.09375,0.90625,0.34375,0.65625,0,2.17,3.33,4.45,models/windowed_cnn_grid/64bit_a0.010/windowed_cnn_best.pt@426cd6b889d9
matrix-20260918-025538-98a873,0.01,64,LL,0900,47.6023,0.996849,1.12941,0.078125,0.921875,0.25,0.75,0,2.17,3.25,4.53,models/windowed_cnn_grid/64bit_a0.010/windowed_cnn_best.pt@426cd6b889d9
matrix-20260918-025538-98a873,0.01,128,LL,0801,44.6023,0.999164,2.253479,0.085938,0.914062,0.304688,0.695312,0,2.19,3.46,6.34,models/windowed_cnn_grid/128bit_a0.010/windowed_cnn_best.pt@69c296fe46a2
matrix-20260918-025538-98a873,0.01,128,LL,0802,45.997,0.993691,1.634496,0.09375,0.90625,0.3125,0.6875,0,2.21,3.31,6.29,models/windowed_cnn_grid/128bit_a0.010/windowed_cnn_best.pt@69c296fe46a2
matrix-20260918-025538-98a873,0.01,128,LL,0803,44.2558,0.997911,2.440598,0.164062,0.835938,0.375,0.625,0,2.14,3.37,6.26,models/windowed_cnn_grid/128bit_a0.010/windowed_cnn_best.pt@69c296fe46a2
matrix-20260918-025538-98a873,0.01,128,LL,0804,43.9945,0.999021,2.592,0.070312,0.929688,0.40625,0.59375,0,2.23,3.28,6.25,models/windowed_cnn_grid/128bit_a0.010/windowed_cnn_best.pt@69c296fe46a2
matrix-20260918-025538-98a873,0.01,128,LL,0805,43.6043,0.998122,2.835653,0.179688,0.820312,0.320312,0.679688,0,2.17,3.42,6.31,models/windowed_cnn_grid/128bit_a0.010/windowed_cnn_best.pt@69c296fe46a2
matrix-20260918-025538-98a873,0.01,128,LL,0806,44.843,0.995304,2.131953,0.132812,0.867188,0.382812,0.617188,0,2.18,3.29,6.34,models/windowed_cnn_grid/128bit_a0.010/windowed_cnn_best.pt@69c296fe46a2
matrix-20260918-025538-98a873,0.01,128,LL,0807,46.5029,0.99781,1.454768,0.046875,0.953125,0.296875,0.703125,0,2.2,3.32,6.35,models/windowed_cnn_grid/128bit_a0.010/windowed_cnn_best.pt@69c296fe46a2
matrix-20260918-025538-98a873,0.01,128,LL,0808,46.3233,0.996447,1.516179,0.140625,0.859375,0.382812,0.617188,0,2.19,3.25,6.21,models/windowed_cnn_grid/128bit_a0.010/windowed_cnn_best.pt@69c296fe46a2
matrix-20260918-025538-98a873,0.01,128,LL,0809,44.8895,0.998891,2.109273,0.171875,0.828125,0.296875,0.703125,0,2.18,3.43,6.3,models/windowed_cnn_grid/128bit_a0.010/windowed_cnn_best.pt@69c296fe46a2
matrix-20260918-025538-98a873,0.01,128,LL,0810,45.4106,0.998252,1.870773,0.101562,0.898438,0.226562,0.773438,0,2.24,3.29,6.32,models/windowed_cnn_grid/128bit_a0.010/windowed_cnn_best.pt@69c296fe46a2
matrix-20260918-025538-98a873,0.01,128,LL,0811,46.9777,0.99807,1.304087,0.125,0.875,0.320312,0.679688,0,2.18,3.29,6.32,models/windowed_cnn_grid/128bit_a0.010/windowed_cnn_best.pt@69c296fe46a2
matrix-20260918-025538-98a873,0.01,128,LL,0812,45.1614,0.998067,1.981257,0.117188,0.882812,0.296875,0.703125,0,2.16,3.28,6.25,models/windowed_cnn_grid/128bit_a0.010/windowed_cnn_best.pt@69c296fe46a2
matrix-20260918-025538-98a873,0.01,128,LL,0813,44.4231,0.997929,2.348373,0.078125,0.921875,0.304688,0.695312,0,2.17,3.29,6.17,models/windowed_cnn_grid/128bit_a0.010/windowed_cnn_best.pt@69c296fe46a2
matrix-20260918-025538-98a873,0.01,128,LL,0814,47.0753,0.998476,1.275111,0.242188,0.757812,0.476562,0.523438,0,2.14,3.27,6.2,models/windowed_cnn_grid/128bit_a0.010/windowed_cnn_best.pt@69c296fe46a2
matrix-20260918-025538-98a873,0.01,128,LL,0815,46.2722,0.998774,1.534129,0.0625,0.9375,0.3125,0.6875,0,2.16,3.28,6.3,models/windowed_cnn_grid/128bit_a0.010/windowed_cnn_best.pt@69c296fe46a2
matrix-20260918-025538-98a873,0.01,128,LL,0816,44.5066,0.998517,2.303675,0.1875,0.8125,0.351562,0.648438,0,2.24,3.3,6.2,models/windowed_cnn_grid/128bit_a0.010/windowed_cnn_best.pt@69c296fe46a2
matrix-20260918-025538-98a873,0.01,128,LL,0817,44.8497,0.998316,2.128677,0.125,0.875,0.289062,0.710938,0,2.18,3.41,6.73,models/windowed_cnn_grid/128bit_a0.010/windowed_cnn_best.pt@69c296fe46a2
matrix-20260918-025538-98a873,0.01,128,LL,0818,43.3253,0.997701,3.023783,0.125,0.875,0.335938,0.664062,0,2.26,3.28,6.29,models/windowed_cnn_grid/128bit_a0.010/windowed_cnn_best.pt@69c296fe46a2
matrix-20260918-025538-98a873,0.01,128,LL,0819,45.054,0.998789,2.030879,0.085938,0.914062,0.367188,0.632812,0,2.19,3.29,6.31,models/windowed_cnn_grid/128bit_a0.010/windowed_cnn_best.pt@69c296fe46a2
matrix-20260918-025538-98a873,0.01,128,LL,0820,43.8944,0.999082,2.652415,0.078125,0.921875,0.289062,0.710938,0,2.2,3.36,6.25,models/windowed_cnn_grid/128bit_a0.010/windowed_cnn_best.pt@69c296fe46a2
matrix-20260918-025538-98a873,0.01,128,LL,0821,46.1446,0.997656,1.579875,0.054688,0.945312,0.257812,0.742188,0,2.19,3.32,6.21,models/windowed_cnn_grid/128bit_a0.010/windowed_cnn_best.pt@69c296fe46a2
matrix-20260918-025538-98a873,0.01,128,LL,0822,47.1453,0.998779,1.25473,0.085938,0.914062,0.28125,0.71875,0,2.17,3.43,6.25,models/windowed_cnn_grid/128bit_a0.010/windowed_cnn_best.pt@69c296fe46a2
matrix-20260918-025538-98a873,0.01,128,LL,0823,43.8381,0.995821,2.687042,0.117188,0.882812,0.351562,0.648438,0,2.15,3.26,6.22,models/windowed_cnn_grid/128bit_a0.010/windowed_cnn_best.pt@69c296fe46a2
matrix-20260918-025538-98a873,0.01,128,LL,0824,44.2053,0.998539,2.469147,0.117188,0.882812,0.289062,0.710938,0,2.14,3.36,6.31,models/windowed_cnn_grid/128bit_a0.010/windowed_cnn_best.pt@69c296fe46a2
matrix-20260918-025538-98a873,0.01,128,LL,0825,44.7445,0.998998,2.180888,0.0625,0.9375,0.3125,0.6875,0,2.23,3.28,6.27,models/windowed_cnn_grid/128bit_a0.010/windowed_cnn_best.pt@69c296fe46a2
matrix-20260918-025538-98a873,0.01,128,LL,0826,44.4426,0.998195,2.33786,0.164062,0.835938,0.390625,0.609375,0,2.16,3.28,6.21,models/windowed_cnn_grid/128bit_a0.010/windowed_cnn_best.pt@69c296fe46a2
matrix-20260918-025538-98a873,0.01,128,LL,0827,51.2025,0.997426,0.492981,0.226562,0.773438,0.421875,0.578125,0,2.17,3.32,6.26,models/windowed_cnn_grid/128bit_a0.010/windowed_cnn_best.pt@69c296fe46a2
matrix-20260918-025538-98a873,0.01,128,LL,0828,49.3532,0.995739,0.754679,0.085938,0.914062,0.195312,0.804688,0,2.28,3.37,6.67,models/windowed_cnn_grid/128bit_a0.010/windowed_cnn_best.pt@69c296fe46a2
matrix-20260918-025538-98a873,0.01,128,LL,0829,46.2913,0.997615,1.527405,0.132812,0.867188,0.414062,0.585938,0,2.2,3.29,6.37,models/windowed_cnn_grid/128bit_a0.010/windowed_cnn_best.pt@69c296fe46a2
matrix-20260918-025538-98a873,0.01,128,LL,0830,44.7108,0.997631,2.197881,0.171875,0.828125,0.375,0.625,0,2.19,3.3,6.17,models/windowed_cnn_grid/128bit_a0.010/windowed_cnn_best.pt@69c296fe46a2
matrix-20260918-025538-98a873,0.01,128,LL,0831,46.7482,0.998757,1.374878,0.117188,0.882812,0.289062,0.710938,0,2.2,3.29,6.31,models/windowed_cnn_grid/128bit_a0.010/windowed_cnn_best.pt@69c296fe46a2
matrix-20260918-025538-98a873,0.01,128,LL,0832,45.6044,0.998549,1.789103,0.046875,0.953125,0.265625,0.734375,0,2.26,3.3,6.2,models/windowed_cnn_grid/128bit_a0.010/windowed_cnn_best.pt@69c296fe46a2
matrix-20260918-025538-98a873,0.01,128,LL,0833,42.5269,0.999231,3.634008,0.1875,0.8125,0.460938,0.539062,0,2.14,3.26,6.3,models/windowed_cnn_grid/128bit_a0.010/windowed_cnn_best.pt@69c296fe46a2
matrix-20260918-025538-98a873,0.01,128,LL,0834,42.8869,0.997483,3.344991,0.078125,0.921875,0.34375,0.65625,0,2.23,3.37,6.28,models/windowed_cnn_grid/128bit_a0.010/windowed_cnn_best.pt@69c296fe46a2
matrix-20260918-025538-98a873,0.01,128,LL,0835,46.2975,0.998679,1.525197,0.140625,0.859375,0.304688,0.695312,0,2.16,3.27,6.32,models/windowed_cnn_grid/128bit_a0.010/windowed_cnn_best.pt@69c296fe46a2
matrix-20260918-025538-98a873,0.01,128,LL,0836,43.4333,0.998588,2.949483,0.085938,0.914062,0.25,0.75,0,2.18,3.27,6.22,models/windowed_cnn_grid/128bit_a0.010/windowed_cnn_best.pt@69c296fe46a2
matrix-20260918-025538-98a873,0.01,128,LL,0837,46.4307,0.999046,1.479141,0.070312,0.929688,0.335938,0.664062,0,2.18,3.29,6.33,models/windowed_cnn_grid/128bit_a0.010/windowed_cnn_best.pt@69c296fe46a2
matrix-20260918-025538-98a873,0.01,128,LL,0838,46.3029,0.997105,1.523326,0.132812,0.867188,0.335938,0.664062,0,2.18,3.23,6.19,models/windowed_cnn_grid/128bit_a0.010/windowed_cnn_best.pt@69c296fe46a2
matrix-20260918-025538-98a873,0.01,128,LL,0839,48.7116,0.999286,0.874832,0.132812,0.867188,0.296875,0.703125,0,2.11,3.23,6.18,models/windowed_cnn_grid/128bit_a0.010/windowed_cnn_best.pt@69c296fe46a2
matrix-20260918-025538-98a873,0.01,128,LL,0840,47.708,0.999159,1.102239,0.09375,0.90625,0.296875,0.703125,0,2.22,3.3,6.2,models/windowed_cnn_grid/128bit_a0.010/windowed_cnn_best.pt@69c296fe46a2
matrix-20260918-025538-98a873,0.01,128,LL,0841,47.7949,0.997518,1.080404,0.09375,0.90625,0.328125,0.671875,0,2.17,3.3,6.31,models/windowed_cnn_grid/128bit_a0.010/windowed_cnn_best.pt@69c296fe46a2
matrix-20260918-025538-98a873,0.01,128,LL,0842,42.8801,0.998402,3.350164,0.125,0.875,0.320312,0.679688,0,2.18,3.29,6.22,models/windowed_cnn_grid/128bit_a0.010/windowed_cnn_best.pt@69c296fe46a2
matrix-20260918-025538-98a873,0.01,128,LL,0843,52.8701,0.999706,0.335795,0.320312,0.679688,0.382812,0.617188,0,1.84,2.63,6.01,models/windowed_cnn_grid/128bit_a0.010/windowed_cnn_best.pt@69c296fe46a2
matrix-20260918-025538-98a873,0.01,128,LL,0844,42.4046,0.997131,3.737818,0.21875,0.78125,0.390625,0.609375,0,2.17,3.32,6.19,models/windowed_cnn_grid/128bit_a0.010/windowed_cnn_best.pt@69c296fe46a2
matrix-20260918-025538-98a873,0.01,128,LL,0845,43.4158,0.99793,2.961421,0.148438,0.851562,0.289062,0.710938,0,2.16,3.37,6.33,models/windowed_cnn_grid/128bit_a0.010/windowed_cnn_best.pt@69c296fe46a2
matrix-20260918-025538-98a873,0.01,128,LL,0846,43.4697,0.998984,2.924922,0.109375,0.890625,0.34375,0.65625,0,2.24,3.37,6.22,models/windowed_cnn_grid/128bit_a0.010/windowed_cnn_best.pt@69c296fe46a2
matrix-20260918-025538-98a873,0.01,128,LL,0847,44.9825,0.998495,2.06459,0.109375,0.890625,0.335938,0.664062,0,2.15,3.33,6.28,models/windowed_cnn_grid/128bit_a0.010/windowed_cnn_best.pt@69c296fe46a2
matrix-20260918-025538-98a873,0.01,128,LL,0848,45.3028,0.995696,1.917801,0.09375,0.90625,0.367188,0.632812,0,2.19,3.37,6.27,models/windowed_cnn_grid/128bit_a0.010/windowed_cnn_best.pt@69c296fe46a2
matrix-20260918-025538-98a873,0.01,128,LL,0849,45.2955,0.999336,1.921021,0.101562,0.898438,0.289062,0.710938,0,2.24,3.34,6.27,models/windowed_cnn_grid/128bit_a0.010/windowed_cnn_best.pt@69c296fe46a2
matrix-20260918-025538-98a873,0.01,128,LL,0850,45.4133,0.998585,1.869614,0.101562,0.898438,0.359375,0.640625,0,2.17,3.31,6.21,models/windowed_cnn_grid/128bit_a0.010/windowed_cnn_best.pt@69c296fe46a2
matrix-20260918-025538-98a873,0.01,128,LL,0851,48.1298,0.988324,1.000229,0.171875,0.828125,0.296875,0.703125,0,2.15,3.24,6.29,models/windowed_cnn_grid/128bit_a0.010/windowed_cnn_best.pt@69c296fe46a2
matrix-20260918-025538-98a873,0.01,128,LL,0852,52.7175,0.99693,0.347804,0.15625,0.84375,0.445312,0.554688,0,2.17,3.36,6.31,models/windowed_cnn_grid/128bit_a0.010/windowed_cnn_best.pt@69c296fe46a2
matrix-20260918-025538-98a873,0.01,128,LL,0853,47.6599,0.996666,1.114522,0.1875,0.8125,0.359375,0.640625,0,2.22,3.27,6.17,models/windowed_cnn_grid/128bit_a0.010/windowed_cnn_best.pt@69c296fe46a2
matrix-20260918-025538-98a873,0.01,128,LL,0854,43.9194,0.998393,2.637212,0.179688,0.820312,0.335938,0.664062,0,2.18,3.28,6.2,models/windowed_cnn_grid/128bit_a0.010/windowed_cnn_best.pt@69c296fe46a2
matrix-20260918-025538-98a873,0.01,128,LL,0855,44.9411,0.997596,2.084371,0.117188,0.882812,0.359375,0.640625,0,2.15,3.33,6.25,models/windowed_cnn_grid/128bit_a0.010/windowed_cnn_best.pt@69c296fe46a2
matrix-20260918-025538-98a873,0.01,128,LL,0856,48.475,0.998126,0.923798,0.148438,0.851562,0.234375,0.765625,0,2.19,3.38,6.3,models/windowed_cnn_grid/128bit_a0.010/windowed_cnn_best.pt@69c296fe46a2
matrix-20260918-025538-98a873,0.01,128,LL,0857,44.9383,0.997615,2.085704,0.078125,0.921875,0.335938,0.664062,0,2.16,3.26,6.29,models/windowed_cnn_grid/128bit_a0.010/windowed_cnn_best.pt@69c296fe46a2
matrix-20260918-025538-98a873,0.01,128,LL,0858,48.9679,0.997653,0.824697,0.054688,0.945312,0.328125,0.671875,0,2.19,3.29,6.21,models/windowed_cnn_grid/128bit_a0.010/windowed_cnn_best.pt@69c296fe46a2
matrix-20260918-025538-98a873,0.01,128,LL,0859,43.3989,0.998692,2.972982,0.09375,0.90625,0.265625,0.734375,0,2.16,3.32,6.24,models/windowed_cnn_grid/128bit_a0.010/windowed_cnn_best.pt@69c296fe46a2
matrix-20260918-025538-98a873,0.01,128,LL,0860,45.7617,0.999271,1.725479,0.046875,0.953125,0.304688,0.695312,0,2.21,3.4,6.42,models/windowed_cnn_grid/128bit_a0.010/windowed_cnn_best.pt@69c296fe46a2
matrix-20260918-025538-98a873,0.01,128,LL,0861,46.6874,0.998343,1.394246,0.085938,0.914062,0.296875,0.703125,0,2.24,3.28,6.27,models/windowed_cnn_grid/128bit_a0.010/windowed_cnn_best.pt@69c296fe46a2
matrix-20260918-025538-98a873,0.01,128,LL,0862,43.8615,0.997286,2.672551,0.1875,0.8125,0.289062,0.710938,0,2.16,3.28,6.24,models/windowed_cnn_grid/128bit_a0.010/windowed_cnn_best.pt@69c296fe46a2
matrix-20260918-025538-98a873,0.01,128,LL,0863,43.7738,0.998315,2.727102,0.140625,0.859375,0.34375,0.65625,0,2.17,3.27,6.3,models/windowed_cnn_grid/128bit_a0.010/windowed_cnn_best.pt@69c296fe46a2
matrix-20260918-025538-98a873,0.01,128,LL,0864,47.3463,0.998988,1.197993,0.148438,0.851562,0.390625,0.609375,0,2.24,3.28,6.18,models/windowed_cnn_grid/128bit_a0.010/windowed_cnn_best.pt@69c296fe46a2
matrix-20260918-025538-98a873,0.01,128,LL,0865,45.0166,0.998846,2.048411,0.070312,0.929688,0.328125,0.671875,0,2.16,3.43,6.28,models/windowed_cnn_grid/128bit_a0.010/windowed_cnn_best.pt@69c296fe46a2
matrix-20260918-025538-98a873,0.01,128,LL,0866,44.2826,0.999136,2.425608,0.085938,0.914062,0.296875,0.703125,0,2.23,3.29,6.23,models/windowed_cnn_grid/128bit_a0.010/windowed_cnn_best.pt@69c296fe46a2
matrix-20260918-025538-98a873,0.01,128,LL,0867,45.9595,0.999095,1.648646,0.0625,0.9375,0.335938,0.664062,0,2.16,3.31,6.6,models/windowed_cnn_grid/128bit_a0.010/windowed_cnn_best.pt@69c296fe46a2
matrix-20260918-025538-98a873,0.01,128,LL,0868,41.4395,0.999398,4.667984,0.328125,0.671875,0.445312,0.554688,0,2.23,3.31,6.26,models/windowed_cnn_grid/128bit_a0.010/windowed_cnn_best.pt@69c296fe46a2
matrix-20260918-025538-98a873,0.01,128,LL,0869,44.639,0.998296,2.234502,0.109375,0.890625,0.375,0.625,0,2.14,3.27,6.16,models/windowed_cnn_grid/128bit_a0.010/windowed_cnn_best.pt@69c296fe46a2
matrix-20260918-025538-98a873,0.01,128,LL,0870,46.0049,0.999282,1.631516,0.0625,0.9375,0.289062,0.710938,0,2.19,3.35,6.31,models/windowed_cnn_grid/128bit_a0.010/windowed_cnn_best.pt@69c296fe46a2
matrix-20260918-025538-98a873,0.01,128,LL,0871,44.702,0.998856,2.202332,0.046875,0.953125,0.320312,0.679688,0,2.24,3.31,6.39,models/windowed_cnn_grid/128bit_a0.010/windowed_cnn_best.pt@69c296fe46a2
matrix-20260918-025538-98a873,0.01,128,LL,0872,44.3029,0.999185,2.414317,0.125,0.875,0.3125,0.6875,0,2.19,3.35,6.33,models/windowed_cnn_grid/128bit_a0.010/windowed_cnn_best.pt@69c296fe46a2
matrix-20260918-025538-98a873,0.01,128,LL,0873,45.2781,0.998708,1.928706,0.125,0.875,0.359375,0.640625,0,2.18,3.37,6.21,models/windowed_cnn_grid/128bit_a0.010/windowed_cnn_best.pt@69c296fe46a2
matrix-20260918-025538-98a873,0.01,128,LL,0874,44.0585,0.998108,2.554031,0.15625,0.84375,0.289062,0.710938,0,2.24,3.3,6.17,models/windowed_cnn_grid/128bit_a0.010/windowed_cnn_best.pt@69c296fe46a2
matrix-20260918-025538-98a873,0.01,128,LL,0875,46.6611,0.999325,1.402715,0.070312,0.929688,0.335938,0.664062,0,2.22,3.31,6.25,models/windowed_cnn_grid/128bit_a0.010/windowed_cnn_best.pt@69c296fe46a2
matrix-20260918-025538-98a873,0.01,128,LL,0876,49.1934,0.998712,0.782964,0.132812,0.867188,0.289062,0.710938,0,2.24,3.3,6.35,models/windowed_cnn_grid/128bit_a0.010/windowed_cnn_best.pt@69c296fe46a2
matrix-20260918-025538-98a873,0.01,128,LL,0877,49.8803,0.997568,0.668421,0.070312,0.929688,0.28125,0.71875,0,2.2,3.29,6.2,models/windowed_cnn_grid/128bit_a0.010/windowed_cnn_best.pt@69c296fe46a2
matrix-20260918-025538-98a873,0.01,128,LL,0878,44.0151,0.998997,2.579681,0.09375,0.90625,0.3125,0.6875,0,2.24,3.33,6.26,models/windowed_cnn_grid/128bit_a0.010/windowed_cnn_best.pt@69c296fe46a2
matrix-20260918-025538-98a873,0.01,128,LL,0879,45.8742,0.996868,1.681376,0.1875,0.8125,0.328125,0.671875,0,2.17,3.27,6.22,models/windowed_cnn_grid/128bit_a0.010/windowed_cnn_best.pt@69c296fe46a2
matrix-20260918-025538-98a873,0.01,128,LL,0880,45.795,0.997973,1.712311,0.148438,0.851562,0.335938,0.664062,0,2.15,3.3,6.25,models/windowed_cnn_grid/128bit_a0.010/windowed_cnn_best.pt@69c296fe46a2
matrix-20260918-025538-98a873,0.01,128,LL,0881,44.0594,0.997787,2.553513,0.132812,0.867188,0.375,0.625,0,2.22,3.28,6.34,models/windowed_cnn_grid/128bit_a0.010/windowed_cnn_best.pt@69c296fe46a2
matrix-20260918-025538-98a873,0.01,128,LL,0882,45.6353,0.998416,1.776454,0.085938,0.914062,0.296875,0.703125,0,2.18,3.28,6.27,models/windowed_cnn_grid/128bit_a0.010/windowed_cnn_best.pt@69c296fe46a2
matrix-20260918-025538-98a873,0.01,128,LL,0883,44.8733,0.998669,2.117147,0.054688,0.945312,0.273438,0.726562,0,2.25,3.3,6.17,models/windowed_cnn_grid/128bit_a0.010/windowed_cnn_best.pt@69c296fe46a2
matrix-20260918-025538-98a873,0.01,128,LL,0884,45.8963,0.999021,1.672806,0.085938,0.914062,0.25,0.75,0,2.16,3.3,6.26,models/windowed_cnn_grid/128bit_a0.010/windowed_cnn_best.pt@69c296fe46a2
matrix-20260918-025538-98a873,0.01,128,LL,0885,46.7695,0.998367,1.368154,0.109375,0.890625,0.320312,0.679688,0,2.19,3.32,6.29,models/windowed_cnn_grid/128bit_a0.010/windowed_cnn_best.pt@69c296fe46a2
matrix-20260918-025538-98a873,0.01,128,LL,0886,46.1305,0.996718,1.584986,0.179688,0.820312,0.320312,0.679688,0,2.15,3.25,6.28,models/windowed_cnn_grid/128bit_a0.010/windowed_cnn_best.pt@69c296fe46a2
matrix-20260918-025538-98a873,0.01,128,LL,0887,44.5775,0.997047,2.266352,0.125,0.875,0.335938,0.664062,0,2.16,3.31,6.24,models/windowed_cnn_grid/128bit_a0.010/windowed_cnn_best.pt@69c296fe46a2
matrix-20260918-025538-98a873,0.01,128,LL,0888,44.9788,0.998848,2.066335,0.109375,0.890625,0.328125,0.671875,0,2.23,3.29,6.25,models/windowed_cnn_grid/128bit_a0.010/windowed_cnn_best.pt@69c296fe46a2
matrix-20260918-025538-98a873,0.01,128,LL,0889,44.4905,0.999303,2.312215,0.070312,0.929688,0.328125,0.671875,0,2.19,3.37,6.29,models/windowed_cnn_grid/128bit_a0.010/windowed_cnn_best.pt@69c296fe46a2
matrix-20260918-025538-98a873,0.01,128,LL,0890,46.0158,0.998079,1.627431,0.203125,0.796875,0.390625,0.609375,0,2.23,3.27,6.29,models/windowed_cnn_grid/128bit_a0.010/windowed_cnn_best.pt@69c296fe46a2
matrix-20260918-025538-98a873,0.01,128,LL,0891,44.6614,0.998972,2.223028,0.070312,0.929688,0.320312,0.679688,0,2.17,3.31,6.27,models/windowed_cnn_grid/128bit_a0.010/windowed_cnn_best.pt@69c296fe46a2
matrix-20260918-025538-98a873,0.01,128,LL,0892,43.863,0.999409,2.671656,0.164062,0.835938,0.28125,0.71875,0,2.21,3.32,6.23,models/windowed_cnn_grid/128bit_a0.010/windowed_cnn_best.pt@69c296fe46a2
matrix-20260918-025538-98a873,0.01,128,LL,0893,47.1572,0.99778,1.251302,0.09375,0.90625,0.328125,0.671875,0,2.14,3.31,6.27,models/windowed_cnn_grid/128bit_a0.010/windowed_cnn_best.pt@69c296fe46a2
matrix-20260918-025538-98a873,0.01,128,LL,0894,42.675,0.998021,3.512197,0.085938,0.914062,0.34375,0.65625,0,2.18,3.37,6.2,models/windowed_cnn_grid/128bit_a0.010/windowed_cnn_best.pt@69c296fe46a2
matrix-20260918-025538-98a873,0.01,128,LL,0895,46.0895,0.998825,1.600042,0.101562,0.898438,0.296875,0.703125,0,2.17,3.32,6.3,models/windowed_cnn_grid/128bit_a0.010/windowed_cnn_best.pt@69c296fe46a2
matrix-20260918-025538-98a873,0.01,128,LL,0896,41.41,0.99498,4.699844,0.164062,0.835938,0.390625,0.609375,0,2.15,3.21,6.28,models/windowed_cnn_grid/128bit_a0.010/windowed_cnn_best.pt@69c296fe46a2
matrix-20260918-025538-98a873,0.01,128,LL,0897,46.8081,0.999627,1.356049,0.109375,0.890625,0.265625,0.734375,0,2.21,3.32,6.29,models/windowed_cnn_grid/128bit_a0.010/windowed_cnn_best.pt@69c296fe46a2
matrix-20260918-025538-98a873,0.01,128,LL,0898,45.957,0.996319,1.649618,0.195312,0.804688,0.398438,0.601562,0,2.15,3.25,6.14,models/windowed_cnn_grid/128bit_a0.010/windowed_cnn_best.pt@69c296fe46a2
matrix-20260918-025538-98a873,0.01,128,LL,0899,46.3264,0.997807,1.515081,0.054688,0.945312,0.257812,0.742188,0,2.22,3.32,6.35,models/windowed_cnn_grid/128bit_a0.010/windowed_cnn_best.pt@69c296fe46a2
matrix-20260918-025538-98a873,0.01,128,LL,0900,47.7217,0.995199,1.098775,0.085938,0.914062,0.328125,0.671875,0,2.2,3.29,6.2,models/windowed_cnn_grid/128bit_a0.010/windowed_cnn_best.pt@69c296fe46a2
matrix-20260918-025538-98a873,0.01,256,LL+HL,0801,44.6415,0.999159,2.233215,0.078125,0.921875,,,,3.63,5.98,,
matrix-20260918-025538-98a873,0.01,256,LL+HL,0802,45.9513,0.993963,1.651784,0.109375,0.890625,,,,3.45,5.85,,
matrix-20260918-025538-98a873,0.01,256,LL+HL,0803,44.2623,0.997907,2.436981,0.109375,0.890625,,,,3.48,5.75,,
matrix-20260918-025538-98a873,0.01,256,LL+HL,0804,43.9791,0.999033,2.601151,0.132812,0.867188,,,,3.49,5.99,,
matrix-20260918-025538-98a873,0.01,256,LL+HL,0805,43.5363,0.998916,2.880361,0.121094,0.878906,,,,3.53,5.83,,
matrix-20260918-025538-98a873,0.01,256,LL+HL,0806,44.9511,0.997785,2.079549,0.140625,0.859375,,,,3.46,5.88,,
matrix-20260918-025538-98a873,0.01,256,LL+HL,0807,46.3794,0.997738,1.496709,0.117188,0.882812,,,,3.46,5.84,,
matrix-20260918-025538-98a873,0.01,256,LL+HL,0808,46.8516,0.996744,1.342504,0.175781,0.824219,,,,3.42,5.78,,
matrix-20260918-025538-98a873,0.01,256,LL+HL,0809,44.9424,0.99883,2.08372,0.132812,0.867188,,,,3.53,5.85,,
matrix-20260918-025538-98a873,0.01,256,LL+HL,0810,45.3514,0.998248,1.896434,0.128906,0.871094,,,,3.46,5.83,,
matrix-20260918-025538-98a873,0.01,256,LL+HL,0811,47.0775,0.998062,1.274485,0.109375,0.890625,,,,3.51,5.87,,
matrix-20260918-025538-98a873,0.01,256,LL+HL,0812,45.0732,0.998208,2.021917,0.140625,0.859375,,,,3.41,6.01,,
matrix-20260918-025538-98a873,0.01,256,LL+HL,0813,44.5178,0.998247,2.29775,0.101562,0.898438,,,,3.43,5.79,,
matrix-20260918-025538-98a873,0.01,256,LL+HL,0814,46.7709,0.99828,1.367691,0.265625,0.734375,,,,3.38,5.84,,
matrix-20260918-025538-98a873,0.01,256,LL+HL,0815,46.2273,0.998784,1.550079,0.136719,0.863281,,,,3.5,5.82,,
matrix-20260918-025538-98a873,0.01,256,LL+HL,0816,44.2485,0.998412,2.444707,0.105469,0.894531,,,,3.51,5.94,,
matrix-20260918-025538-98a873,0.01,256,LL+HL,0817,44.96,0.998389,2.075312,0.117188,0.882812,,,,3.47,5.71,,
matrix-20260918-025538-98a873,0.01,256,LL+HL,0818,43.3878,0.997531,2.98056,0.125,0.875,,,,3.45,5.86,,
matrix-20260918-025538-98a873,0.01,256,LL+HL,0819,45.266,0.998818,1.934107,0.117188,0.882812,,,,3.51,5.81,,
matrix-20260918-025538-98a873,0.01,256,LL+HL,0820,43.8308,0.999021,2.691528,0.070312,0.929688,,,,3.53,5.96,,
matrix-20260918-025538-98a873,0.01,256,LL+HL,0821,46.0543,0.99772,1.613052,0.089844,0.910156,,,,3.57,5.84,,
matrix-20260918-025538-98a873,0.01,256,LL+HL,0822,47.0823,0.998905,1.273076,0.125,0.875,,,,3.51,6.08,,
matrix-20260918-025538-98a873,0.01,256,LL+HL,0823,44.21,0.994987,2.466497,0.144531,0.855469,,,,3.48,5.77,,
matrix-20260918-025538-98a873,0.01,256,LL+HL,0824,44.3284,0.998405,2.400187,0.101562,0.898438,,,,3.49,5.84,,
matrix-20260918-025538-98a873,0.01,256,LL+HL,0825,44.8069,0.998983,2.149785,0.0625,0.9375,,,,3.54,5.83,,
matrix-20260918-025538-98a873,0.01,256,LL+HL,0826,44.4689,0.998099,2.323766,0.167969,0.832031,,,,3.45,6.02,,
matrix-20260918-025538-98a873,0.01,256,LL+HL,0827,51.1836,0.997385,0.495127,0.128906,0.871094,,,,3.51,5.76,,
matrix-20260918-025538-98a873,0.01,256,LL+HL,0828,49.2755,0.997376,0.768295,0.09375,0.90625,,,,3.52,6.14,,
matrix-20260918-025538-98a873,0.01,256,LL+HL,0829,46.2774,0.997589,1.532277,0.183594,0.816406,,,,3.43,5.78,,
matrix-20260918-025538-98a873,0.01,256,LL+HL,0830,44.6634,0.997531,2.221985,0.164062,0.835938,,,,3.41,5.84,,
matrix-20260918-025538-98a873,0.01,256,LL+HL,0831,46.4686,0.998678,1.466278,0.09375,0.90625,,,,3.48,5.85,,
matrix-20260918-025538-98a873,0.01,256,LL+HL,0832,46.0278,0.99842,1.62294,0.066406,0.933594,,,,3.47,6.02,,
matrix-20260918-025538-98a873,0.01,256,LL+HL,0833,42.519,0.999059,3.640656,0.214844,0.785156,,,,3.46,5.77,,
matrix-20260918-025538-98a873,0.01,256,LL+HL,0834,43.9527,0.997958,2.61706,0.148438,0.851562,,,,3.48,5.92,,
matrix-20260918-025538-98a873,0.01,256,LL+HL,0835,46.2291,0.998631,1.549418,0.128906,0.871094,,,,3.45,5.82,,
matrix-20260918-025538-98a873,0.01,256,LL+HL,0836,43.3244,0.998628,3.024434,0.160156,0.839844,,,,3.42,5.84,,
matrix-20260918-025538-98a873,0.01,256,LL+HL,0837,46.3877,0.999028,1.493851,0.140625,0.859375,,,,3.45,5.8,,
matrix-20260918-025538-98a873,0.01,256,LL+HL,0838,45.9674,0.996953,1.645655,0.144531,0.855469,,,,3.44,5.83,,
matrix-20260918-025538-98a873,0.01,256,LL+HL,0839,47.8574,0.988781,1.064987,0.167969,0.832031,,,,3.36,5.56,,
matrix-20260918-025538-98a873,0.01,256,LL+HL,0840,47.4274,0.999029,1.175812,0.082031,0.917969,,,,3.48,6.12,,
matrix-20260918-025538-98a873,0.01,256,LL+HL,0841,47.8973,0.997563,1.055232,0.15625,0.84375,,,,3.43,5.79,,
matrix-20260918-025538-98a873,0.01,256,LL+HL,0842,42.7721,0.998407,3.434535,0.089844,0.910156,,,,3.44,5.89,,
matrix-20260918-025538-98a873,0.01,256,LL+HL,0843,52.7127,0.999656,0.348185,0.265625,0.734375,,,,2.71,4.21,,
matrix-20260918-025538-98a873,0.01,256,LL+HL,0844,42.4228,0.997158,3.722204,0.175781,0.824219,,,,3.44,5.89,,
matrix-20260918-025538-98a873,0.01,256,LL+HL,0845,43.0699,0.998736,3.206914,0.128906,0.871094,,,,3.51,5.83,,
matrix-20260918-025538-98a873,0.01,256,LL+HL,0846,43.5022,0.998913,2.903102,0.113281,0.886719,,,,3.45,5.79,,
matrix-20260918-025538-98a873,0.01,256,LL+HL,0847,45.1223,0.998498,1.999151,0.082031,0.917969,,,,3.5,5.83,,
matrix-20260918-025538-98a873,0.01,256,LL+HL,0848,45.2829,0.997611,1.926575,0.101562,0.898438,,,,3.45,6.03,,
matrix-20260918-025538-98a873,0.01,256,LL+HL,0849,45.0922,0.999322,2.013087,0.058594,0.941406,,,,3.49,5.94,,
matrix-20260918-025538-98a873,0.01,256,LL+HL,0850,45.4205,0.998579,1.866511,0.125,0.875,,,,3.51,5.98,,
matrix-20260918-025538-98a873,0.01,256,LL+HL,0851,47.9453,0.989234,1.043635,0.128906,0.871094,,,,3.51,5.76,,
matrix-20260918-025538-98a873,0.01,256,LL+HL,0852,52.6812,0.997038,0.350723,0.152344,0.847656,,,,3.52,6.07,,
matrix-20260918-025538-98a873,0.01,256,LL+HL,0853,47.6353,0.996594,1.12086,0.160156,0.839844,,,,3.45,5.72,,
matrix-20260918-025538-98a873,0.01,256,LL+HL,0854,43.8478,0.998339,2.681015,0.140625,0.859375,,,,3.47,5.86,,
matrix-20260918-025538-98a873,0.01,256,LL+HL,0855,44.8958,0.998031,2.106211,0.140625,0.859375,,,,3.52,5.8,,
matrix-20260918-025538-98a873,0.01,256,LL+HL,0856,48.4402,0.998014,0.931234,0.140625,0.859375,,,,3.52,5.99,,
matrix-20260918-025538-98a873,0.01,256,LL+HL,0857,45.0774,0.997626,2.019948,0.152344,0.847656,,,,3.48,5.77,,
matrix-20260918-025538-98a873,0.01,256,LL+HL,0858,48.9921,0.997799,0.820104,0.105469,0.894531,,,,3.52,6.1,,
matrix-20260918-025538-98a873,0.01,256,LL+HL,0859,43.3481,0.998625,3.007945,0.117188,0.882812,,,,3.57,5.85,,
matrix-20260918-025538-98a873,0.01,256,LL+HL,0860,45.5284,0.999028,1.820704,0.085938,0.914062,,,,3.51,5.99,,
matrix-20260918-025538-98a873,0.01,256,LL+HL,0861,46.613,0.998125,1.41834,0.109375,0.890625,,,,3.43,5.83,,
matrix-20260918-025538-98a873,0.01,256,LL+HL,0862,43.6598,0.997397,2.799606,0.171875,0.828125,,,,3.42,5.84,,
matrix-20260918-025538-98a873,0.01,256,LL+HL,0863,43.3705,0.998021,2.992498,0.132812,0.867188,,,,3.48,5.76,,
matrix-20260918-025538-98a873,0.01,256,LL+HL,0864,47.3582,0.99897,1.194697,0.132812,0.867188,,,,3.46,5.97,,
matrix-20260918-025538-98a873,0.01,256,LL+HL,0865,44.9812,0.99894,2.065201,0.148438,0.851562,,,,3.43,5.79,,
matrix-20260918-025538-98a873,0.01,256,LL+HL,0866,44.0589,0.999119,2.553833,0.109375,0.890625,,,,3.49,5.97,,
matrix-20260918-025538-98a873,0.01,256,LL+HL,0867,45.9617,0.999078,1.647832,0.085938,0.914062,,,,3.43,5.74,,
matrix-20260918-025538-98a873,0.01,256,LL+HL,0868,41.4658,0.999343,4.639847,0.289062,0.710938,,,,3.36,5.78,,
matrix-20260918-025538-98a873,0.01,256,LL+HL,0869,44.6029,0.998178,2.253174,0.125,0.875,,,,3.46,5.83,,
matrix-20260918-025538-98a873,0.01,256,LL+HL,0870,46.0673,0.999304,1.608226,0.113281,0.886719,,,,3.47,6.03,,
matrix-20260918-025538-98a873,0.01,256,LL+HL,0871,44.6684,0.998808,2.219411,0.113281,0.886719,,,,3.51,5.81,,
matrix-20260918-025538-98a873,0.01,256,LL+HL,0872,44.2643,0.999169,2.435862,0.074219,0.925781,,,,3.48,5.98,,
matrix-20260918-025538-98a873,0.01,256,LL+HL,0873,45.3437,0.998737,1.899816,0.105469,0.894531,,,,3.51,5.86,,
matrix-20260918-025538-98a873,0.01,256,LL+HL,0874,43.9232,0.998208,2.634878,0.089844,0.910156,,,,3.48,5.82,,
matrix-20260918-025538-98a873,0.01,256,LL+HL,0875,46.7139,0.999302,1.385757,0.128906,0.871094,,,,3.5,5.79,,
matrix-20260918-025538-98a873,0.01,256,LL+HL,0876,49.2204,0.998166,0.778112,0.113281,0.886719,,,,3.5,5.99,,
matrix-20260918-025538-98a873,0.01,256,LL+HL,0877,49.7329,0.997425,0.691493,0.144531,0.855469,,,,3.5,5.79,,
matrix-20260918-025538-98a873,0.01,256,LL+HL,0878,43.9729,0.998935,2.604899,0.105469,0.894531,,,,3.48,5.82,,
matrix-20260918-025538-98a873,0.01,256,LL+HL,0879,45.4291,0.996852,1.862798,0.175781,0.824219,,,,3.5,5.74,,
matrix-20260918-025538-98a873,0.01,256,LL+HL,0880,45.6533,0.997998,1.769099,0.175781,0.824219,,,,3.49,5.93,,
matrix-20260918-025538-98a873,0.01,256,LL+HL,0881,43.9164,0.99767,2.638992,0.140625,0.859375,,,,3.41,5.78,,
matrix-20260918-025538-98a873,0.01,256,LL+HL,0882,45.5143,0.998286,1.826635,0.128906,0.871094,,,,3.46,5.95,,
matrix-20260918-025538-98a873,0.01,256,LL+HL,0883,44.8559,0.998653,2.125656,0.09375,0.90625,,,,3.51,5.87,,
matrix-20260918-025538-98a873,0.01,256,LL+HL,0884,45.9371,0.998961,1.657166,0.109375,0.890625,,,,3.45,5.78,,
matrix-20260918-025538-98a873,0.01,256,LL+HL,0885,46.7139,0.998274,1.385763,0.121094,0.878906,,,,3.43,5.79,,
matrix-20260918-025538-98a873,0.01,256,LL+HL,0886,45.94,0.996372,1.656062,0.179688,0.820312,,,,3.5,5.89,,
matrix-20260918-025538-98a873,0.01,256,LL+HL,0887,44.5202,0.99712,2.296463,0.117188,0.882812,,,,3.45,5.81,,
matrix-20260918-025538-98a873,0.01,256,LL+HL,0888,44.9018,0.998915,2.103312,0.054688,0.945312,,,,3.46,5.96,,
matrix-20260918-025538-98a873,0.01,256,LL+HL,0889,44.4556,0.999298,2.330882,0.074219,0.925781,,,,3.5,5.83,,
matrix-20260918-025538-98a873,0.01,256,LL+HL,0890,46.0194,0.998069,1.626068,0.175781,0.824219,,,,3.44,5.84,,
matrix-20260918-025538-98a873,0.01,256,LL+HL,0891,44.6168,0.998648,2.245946,0.089844,0.910156,,,,3.44,5.83,,
matrix-20260918-025538-98a873,0.01,256,LL+HL,0892,43.8129,0.999404,2.702667,0.105469,0.894531,,,,3.55,5.91,,
matrix-20260918-025538-98a873,0.01,256,LL+HL,0893,47.251,0.997749,1.224548,0.128906,0.871094,,,,3.44,5.76,,
matrix-20260918-025538-98a873,0.01,256,LL+HL,0894,42.7598,0.997889,3.444311,0.101562,0.898438,,,,3.44,5.87,,
matrix-20260918-025538-98a873,0.01,256,LL+HL,0895,46.0586,0.998785,1.61145,0.113281,0.886719,,,,3.54,5.89,,
matrix-20260918-025538-98a873,0.01,256,LL+HL,0896,41.3666,0.995198,4.747004,0.160156,0.839844,,,,3.39,5.74,,
matrix-20260918-025538-98a873,0.01,256,LL+HL,0897,46.4136,0.999568,1.484975,0.074219,0.925781,,,,3.52,5.88,,
matrix-20260918-025538-98a873,0.01,256,LL+HL,0898,45.4725,0.996247,1.844279,0.234375,0.765625,,,,3.45,5.8,,
matrix-20260918-025538-98a873,0.01,256,LL+HL,0899,46.4642,0.997789,1.467779,0.105469,0.894531,,,,3.46,5.85,,
matrix-20260918-025538-98a873,0.01,256,LL+HL,0900,47.7244,0.995857,1.098094,0.09375,0.90625,,,,3.47,5.92,,
matrix-20260918-025538-98a873,0.015,8,LL,0801,41.6894,0.999115,4.406977,0.0,1.0,0.375,0.625,0,2.18,3.43,2.67,models/windowed_cnn_grid/8bit_a0.015/windowed_cnn_best.pt@231717150fda
matrix-20260918-025538-98a873,0.015,8,LL,0802,43.766,0.994277,2.732015,0.0,1.0,0.5,0.5,0,2.22,3.29,2.68,models/windowed_cnn_grid/8bit_a0.015/windowed_cnn_best.pt@231717150fda
matrix-20260918-025538-98a873,0.015,8,LL,0803,41.3304,0.997788,4.786743,0.0,1.0,0.25,0.75,0,2.13,3.23,2.63,models/windowed_cnn_grid/8bit_a0.015/windowed_cnn_best.pt@231717150fda
matrix-20260918-025538-98a873,0.015,8,LL,0804,40.8958,0.998865,5.290522,0.0,1.0,0.5,0.5,0,2.29,3.37,2.7,models/windowed_cnn_grid/8bit_a0.015/windowed_cnn_best.pt@231717150fda
matrix-20260918-025538-98a873,0.015,8,LL,0805,40.5977,0.998102,5.666499,0.0,1.0,0.125,0.875,0,2.18,3.26,2.61,models/windowed_cnn_grid/8bit_a0.015/windowed_cnn_best.pt@231717150fda
matrix-20260918-025538-98a873,0.015,8,LL,0806,42.0285,0.996579,4.076009,0.0,1.0,0.25,0.75,0,2.15,3.26,2.55,models/windowed_cnn_grid/8bit_a0.015/windowed_cnn_best.pt@231717150fda
matrix-20260918-025538-98a873,0.015,8,LL,0807,43.874,0.996843,2.664917,0.0,1.0,0.375,0.625,0,2.2,3.31,2.6,models/windowed_cnn_grid/8bit_a0.015/windowed_cnn_best.pt@231717150fda
matrix-20260918-025538-98a873,0.015,8,LL,0808,43.7064,0.996193,2.769735,0.0,1.0,0.125,0.875,0,2.14,3.31,2.54,models/windowed_cnn_grid/8bit_a0.015/windowed_cnn_best.pt@231717150fda
matrix-20260918-025538-98a873,0.015,8,LL,0809,42.015,0.998597,4.088669,0.0,1.0,0.875,0.125,0,2.22,3.29,2.59,models/windowed_cnn_grid/8bit_a0.015/windowed_cnn_best.pt@231717150fda
matrix-20260918-025538-98a873,0.015,8,LL,0810,42.4282,0.998233,3.717616,0.0,1.0,0.875,0.125,0,2.16,3.28,2.64,models/windowed_cnn_grid/8bit_a0.015/windowed_cnn_best.pt@231717150fda
matrix-20260918-025538-98a873,0.015,8,LL,0811,44.7315,0.997673,2.187419,0.0,1.0,0.5,0.5,0,2.17,3.21,2.77,models/windowed_cnn_grid/8bit_a0.015/windowed_cnn_best.pt@231717150fda
matrix-20260918-025538-98a873,0.015,8,LL,0812,42.2006,0.997724,3.917582,0.0,1.0,0.75,0.25,0,2.25,3.3,2.61,models/windowed_cnn_grid/8bit_a0.015/windowed_cnn_best.pt@231717150fda
matrix-20260918-025538-98a873,0.015,8,LL,0813,41.4434,0.997639,4.663834,0.0,1.0,0.125,0.875,0,2.19,3.29,2.63,models/windowed_cnn_grid/8bit_a0.015/windowed_cnn_best.pt@231717150fda
matrix-20260918-025538-98a873,0.015,8,LL,0814,45.1036,0.998334,2.007818,0.0,1.0,0.375,0.625,0,2.2,3.25,2.58,models/windowed_cnn_grid/8bit_a0.015/windowed_cnn_best.pt@231717150fda
matrix-20260918-025538-98a873,0.015,8,LL,0815,43.7887,0.998696,2.717784,0.0,1.0,0.25,0.75,0,2.18,3.27,2.63,models/windowed_cnn_grid/8bit_a0.015/windowed_cnn_best.pt@231717150fda
matrix-20260918-025538-98a873,0.015,8,LL,0816,41.3171,0.998224,4.801442,0.0,1.0,0.25,0.75,0,2.18,3.26,2.64,models/windowed_cnn_grid/8bit_a0.015/windowed_cnn_best.pt@231717150fda
matrix-20260918-025538-98a873,0.015,8,LL,0817,41.8315,0.997714,4.265071,0.0,1.0,0.125,0.875,0,2.18,3.42,2.63,models/windowed_cnn_grid/8bit_a0.015/windowed_cnn_best.pt@231717150fda
matrix-20260918-025538-98a873,0.015,8,LL,0818,40.3259,0.99735,6.032399,0.0,1.0,0.375,0.625,0,2.23,3.29,2.64,models/windowed_cnn_grid/8bit_a0.015/windowed_cnn_best.pt@231717150fda
matrix-20260918-025538-98a873,0.015,8,LL,0819,42.3501,0.998707,3.78506,0.0,1.0,0.125,0.875,0,2.16,3.33,2.6,models/windowed_cnn_grid/8bit_a0.015/windowed_cnn_best.pt@231717150fda
matrix-20260918-025538-98a873,0.015,8,LL,0820,40.9743,0.998793,5.195724,0.0,1.0,0.25,0.75,0,2.25,3.33,2.55,models/windowed_cnn_grid/8bit_a0.015/windowed_cnn_best.pt@231717150fda
matrix-20260918-025538-98a873,0.015,8,LL,0821,43.6557,0.995951,2.802292,0.25,0.75,0.625,0.375,0,2.18,3.34,2.61,models/windowed_cnn_grid/8bit_a0.015/windowed_cnn_best.pt@231717150fda
matrix-20260918-025538-98a873,0.015,8,LL,0822,44.8039,0.998588,2.151235,0.0,1.0,0.5,0.5,0,2.19,3.34,2.56,models/windowed_cnn_grid/8bit_a0.015/windowed_cnn_best.pt@231717150fda
matrix-20260918-025538-98a873,0.015,8,LL,0823,40.8922,0.992905,5.294876,0.0,1.0,0.375,0.625,0,2.15,3.23,2.51,models/windowed_cnn_grid/8bit_a0.015/windowed_cnn_best.pt@231717150fda
matrix-20260918-025538-98a873,0.015,8,LL,0824,41.4151,0.9985,4.694331,0.0,1.0,0.5,0.5,0,2.14,3.24,2.52,models/windowed_cnn_grid/8bit_a0.015/windowed_cnn_best.pt@231717150fda
matrix-20260918-025538-98a873,0.015,8,LL,0825,41.8837,0.998813,4.214122,0.0,1.0,0.5,0.5,0,2.17,3.27,2.53,models/windowed_cnn_grid/8bit_a0.015/windowed_cnn_best.pt@231717150fda
matrix-20260918-025538-98a873,0.015,8,LL,0826,41.2272,0.997207,4.901871,0.0,1.0,0.625,0.375,0,2.14,3.28,2.56,models/windowed_cnn_grid/8bit_a0.015/windowed_cnn_best.pt@231717150fda
matrix-20260918-025538-98a873,0.015,8,LL,0827,49.3788,0.997162,0.750244,0.0,1.0,0.5,0.5,0,2.18,3.27,2.57,models/windowed_cnn_grid/8bit_a0.015/windowed_cnn_best.pt@231717150fda
matrix-20260918-025538-98a873,0.015,8,LL,0828,48.8567,0.997076,0.846074,0.0,1.0,0.5,0.5,0,2.18,3.34,2.59,models/windowed_cnn_grid/8bit_a0.015/windowed_cnn_best.pt@231717150fda
matrix-20260918-025538-98a873,0.015,8,LL,0829,43.4874,0.997224,2.912994,0.0,1.0,0.5,0.5,0,2.15,3.25,2.57,models/windowed_cnn_grid/8bit_a0.015/windowed_cnn_best.pt@231717150fda
matrix-20260918-025538-98a873,0.015,8,LL,0830,41.426,0.997485,4.682495,0.0,1.0,0.625,0.375,0,2.15,3.26,2.51,models/windowed_cnn_grid/8bit_a0.015/windowed_cnn_best.pt@231717150fda
matrix-20260918-025538-98a873,0.015,8,LL,0831,44.1174,0.997845,2.519628,0.0,1.0,0.5,0.5,0,2.24,3.29,2.51,models/windowed_cnn_grid/8bit_a0.015/windowed_cnn_best.pt@231717150fda
matrix-20260918-025538-98a873,0.015,8,LL,0832,42.8084,0.998243,3.405991,0.0,1.0,0.625,0.375,0,2.18,3.29,2.6,models/windowed_cnn_grid/8bit_a0.015/windowed_cnn_best.pt@231717150fda
matrix-20260918-025538-98a873,0.015,8,LL,0833,39.1232,0.998707,7.957113,0.0,1.0,0.5,0.5,0,2.14,3.2,2.55,models/windowed_cnn_grid/8bit_a0.015/windowed_cnn_best.pt@231717150fda
matrix-20260918-025538-98a873,0.015,8,LL,0834,39.6556,0.997312,7.039169,0.0,1.0,0.375,0.625,0,2.17,3.35,2.5,models/windowed_cnn_grid/8bit_a0.015/windowed_cnn_best.pt@231717150fda
matrix-20260918-025538-98a873,0.015,8,LL,0835,43.582,0.997161,2.85024,0.0,1.0,0.5,0.5,0,2.22,3.27,2.51,models/windowed_cnn_grid/8bit_a0.015/windowed_cnn_best.pt@231717150fda
matrix-20260918-025538-98a873,0.015,8,LL,0836,40.248,0.998655,6.141591,0.0,1.0,0.5,0.5,0,2.14,3.25,2.53,models/windowed_cnn_grid/8bit_a0.015/windowed_cnn_best.pt@231717150fda
matrix-20260918-025538-98a873,0.015,8,LL,0837,44.0163,0.998799,2.57901,0.0,1.0,0.375,0.625,0,2.17,3.29,2.59,models/windowed_cnn_grid/8bit_a0.015/windowed_cnn_best.pt@231717150fda
matrix-20260918-025538-98a873,0.015,8,LL,0838,43.6169,0.996843,2.827438,0.0,1.0,0.375,0.625,0,2.16,3.27,2.58,models/windowed_cnn_grid/8bit_a0.015/windowed_cnn_best.pt@231717150fda
matrix-20260918-025538-98a873,0.015,8,LL,0839,46.0296,0.998992,1.622259,0.0,1.0,0.25,0.75,0,2.17,3.19,2.46,models/windowed_cnn_grid/8bit_a0.015/windowed_cnn_best.pt@231717150fda
matrix-20260918-025538-98a873,0.015,8,LL,0840,45.4406,0.998564,1.857885,0.0,1.0,0.25,0.75,0,2.25,3.3,2.56,models/windowed_cnn_grid/8bit_a0.015/windowed_cnn_best.pt@231717150fda
matrix-20260918-025538-98a873,0.015,8,LL,0841,45.7079,0.99756,1.746999,0.0,1.0,0.375,0.625,0,2.15,3.27,2.51,models/windowed_cnn_grid/8bit_a0.015/windowed_cnn_best.pt@231717150fda
matrix-20260918-025538-98a873,0.015,8,LL,0842,39.6927,0.998202,6.979335,0.0,1.0,0.875,0.125,0,2.22,3.25,2.5,models/windowed_cnn_grid/8bit_a0.015/windowed_cnn_best.pt@231717150fda
matrix-20260918-025538-98a873,0.015,8,LL,0843,50.1286,0.999734,0.631276,0.0,1.0,0.375,0.625,0,1.83,2.67,2.26,models/windowed_cnn_grid/8bit_a0.015/windowed_cnn_best.pt@231717150fda
matrix-20260918-025538-98a873,0.015,8,LL,0844,38.6832,0.99682,8.805608,0.0,1.0,0.875,0.125,0,2.14,3.27,2.48,models/windowed_cnn_grid/8bit_a0.015/windowed_cnn_best.pt@231717150fda
matrix-20260918-025538-98a873,0.015,8,LL,0845,40.0041,0.996575,6.496328,0.0,1.0,0.125,0.875,0,2.16,3.38,2.61,models/windowed_cnn_grid/8bit_a0.015/windowed_cnn_best.pt@231717150fda
matrix-20260918-025538-98a873,0.015,8,LL,0846,42.3833,0.99881,3.75621,0.0,1.0,0.75,0.25,0,2.22,3.41,2.56,models/windowed_cnn_grid/8bit_a0.015/windowed_cnn_best.pt@231717150fda
matrix-20260918-025538-98a873,0.015,8,LL,0847,41.3269,0.998213,4.790655,0.0,1.0,0.25,0.75,0,2.16,3.29,2.57,models/windowed_cnn_grid/8bit_a0.015/windowed_cnn_best.pt@231717150fda
matrix-20260918-025538-98a873,0.015,8,LL,0848,42.6627,0.995858,3.522191,0.0,1.0,0.75,0.25,0,2.16,3.34,2.58,models/windowed_cnn_grid/8bit_a0.015/windowed_cnn_best.pt@231717150fda
matrix-20260918-025538-98a873,0.015,8,LL,0849,42.7737,0.999179,3.433268,0.0,1.0,0.5,0.5,0,2.19,3.37,2.52,models/windowed_cnn_grid/8bit_a0.015/windowed_cnn_best.pt@231717150fda
matrix-20260918-025538-98a873,0.015,8,LL,0850,42.2851,0.998082,3.842072,0.0,1.0,0.25,0.75,0,2.17,3.25,2.51,models/windowed_cnn_grid/8bit_a0.015/windowed_cnn_best.pt@231717150fda
matrix-20260918-025538-98a873,0.015,8,LL,0851,45.8648,0.983799,1.684987,0.0,1.0,0.5,0.5,0,2.17,3.27,2.61,models/windowed_cnn_grid/8bit_a0.015/windowed_cnn_best.pt@231717150fda
matrix-20260918-025538-98a873,0.015,8,LL,0852,51.802,0.996462,0.429423,0.0,1.0,0.5,0.5,0,2.21,3.32,2.6,models/windowed_cnn_grid/8bit_a0.015/windowed_cnn_best.pt@231717150fda
matrix-20260918-025538-98a873,0.015,8,LL,0853,45.0522,0.996386,2.031713,0.0,1.0,0.25,0.75,0,2.17,3.23,2.54,models/windowed_cnn_grid/8bit_a0.015/windowed_cnn_best.pt@231717150fda
matrix-20260918-025538-98a873,0.015,8,LL,0854,41.2861,0.998405,4.83578,0.0,1.0,0.375,0.625,0,2.18,3.35,2.53,models/windowed_cnn_grid/8bit_a0.015/windowed_cnn_best.pt@231717150fda
matrix-20260918-025538-98a873,0.015,8,LL,0855,41.9699,0.996529,4.131312,0.0,1.0,0.25,0.75,0,2.21,3.29,2.53,models/windowed_cnn_grid/8bit_a0.015/windowed_cnn_best.pt@231717150fda
matrix-20260918-025538-98a873,0.015,8,LL,0856,47.0346,0.998067,1.287109,0.0,1.0,0.375,0.625,0,2.18,3.4,2.58,models/windowed_cnn_grid/8bit_a0.015/windowed_cnn_best.pt@231717150fda
matrix-20260918-025538-98a873,0.015,8,LL,0857,41.8703,0.997472,4.227183,0.0,1.0,0.875,0.125,0,2.2,3.24,2.47,models/windowed_cnn_grid/8bit_a0.015/windowed_cnn_best.pt@231717150fda
matrix-20260918-025538-98a873,0.015,8,LL,0858,46.8881,0.996691,1.331289,0.0,1.0,0.25,0.75,0,2.19,3.35,2.56,models/windowed_cnn_grid/8bit_a0.015/windowed_cnn_best.pt@231717150fda
matrix-20260918-025538-98a873,0.015,8,LL,0859,40.2483,0.998816,6.141225,0.0,1.0,0.625,0.375,0,2.18,3.28,2.52,models/windowed_cnn_grid/8bit_a0.015/windowed_cnn_best.pt@231717150fda
matrix-20260918-025538-98a873,0.015,8,LL,0860,43.2717,0.999234,3.061351,0.0,1.0,0.5,0.5,0,2.18,3.31,2.58,models/windowed_cnn_grid/8bit_a0.015/windowed_cnn_best.pt@231717150fda
matrix-20260918-025538-98a873,0.015,8,LL,0861,44.0578,0.998026,2.554454,0.0,1.0,0.625,0.375,0,2.22,3.27,2.51,models/windowed_cnn_grid/8bit_a0.015/windowed_cnn_best.pt@231717150fda
matrix-20260918-025538-98a873,0.015,8,LL,0862,40.7918,0.997377,5.418798,0.0,1.0,0.625,0.375,0,2.13,3.22,2.6,models/windowed_cnn_grid/8bit_a0.015/windowed_cnn_best.pt@231717150fda
matrix-20260918-025538-98a873,0.015,8,LL,0863,40.4656,0.998088,5.841436,0.0,1.0,0.5,0.5,0,2.15,3.27,2.56,models/windowed_cnn_grid/8bit_a0.015/windowed_cnn_best.pt@231717150fda
matrix-20260918-025538-98a873,0.015,8,LL,0864,45.1417,0.999008,1.99028,0.0,1.0,0.625,0.375,0,2.16,3.33,2.57,models/windowed_cnn_grid/8bit_a0.015/windowed_cnn_best.pt@231717150fda
matrix-20260918-025538-98a873,0.015,8,LL,0865,42.1028,0.998894,4.0068,0.0,1.0,0.625,0.375,0,2.21,3.26,2.53,models/windowed_cnn_grid/8bit_a0.015/windowed_cnn_best.pt@231717150fda
matrix-20260918-025538-98a873,0.015,8,LL,0866,41.0697,0.999056,5.082942,0.0,1.0,0.375,0.625,0,2.17,3.26,2.54,models/windowed_cnn_grid/8bit_a0.015/windowed_cnn_best.pt@231717150fda
matrix-20260918-025538-98a873,0.015,8,LL,0867,43.2761,0.998933,3.058233,0.0,1.0,0.375,0.625,0,2.15,3.27,2.54,models/windowed_cnn_grid/8bit_a0.015/windowed_cnn_best.pt@231717150fda
matrix-20260918-025538-98a873,0.015,8,LL,0868,38.8213,0.999506,8.530014,0.0,1.0,0.25,0.75,0,2.12,3.17,2.52,models/windowed_cnn_grid/8bit_a0.015/windowed_cnn_best.pt@231717150fda
matrix-20260918-025538-98a873,0.015,8,LL,0869,41.653,0.998054,4.444061,0.0,1.0,0.75,0.25,0,2.14,3.24,2.54,models/windowed_cnn_grid/8bit_a0.015/windowed_cnn_best.pt@231717150fda
matrix-20260918-025538-98a873,0.015,8,LL,0870,43.3337,0.99916,3.017904,0.0,1.0,0.25,0.75,0,2.18,3.31,2.51,models/windowed_cnn_grid/8bit_a0.015/windowed_cnn_best.pt@231717150fda
matrix-20260918-025538-98a873,0.015,8,LL,0871,41.7658,0.998873,4.330149,0.0,1.0,0.625,0.375,0,2.15,3.29,2.5,models/windowed_cnn_grid/8bit_a0.015/windowed_cnn_best.pt@231717150fda
matrix-20260918-025538-98a873,0.015,8,LL,0872,41.3763,0.999067,4.736445,0.0,1.0,0.5,0.5,0,2.17,3.29,2.58,models/windowed_cnn_grid/8bit_a0.015/windowed_cnn_best.pt@231717150fda
matrix-20260918-025538-98a873,0.015,8,LL,0873,42.6765,0.998677,3.510966,0.0,1.0,0.375,0.625,0,2.24,3.27,2.49,models/windowed_cnn_grid/8bit_a0.015/windowed_cnn_best.pt@231717150fda
matrix-20260918-025538-98a873,0.015,8,LL,0874,40.8533,0.998244,5.34257,0.0,1.0,0.25,0.75,0,2.16,3.26,2.59,models/windowed_cnn_grid/8bit_a0.015/windowed_cnn_best.pt@231717150fda
matrix-20260918-025538-98a873,0.015,8,LL,0875,44.4449,0.999155,2.33665,0.0,1.0,0.625,0.375,0,2.19,3.29,2.6,models/windowed_cnn_grid/8bit_a0.015/windowed_cnn_best.pt@231717150fda
matrix-20260918-025538-98a873,0.015,8,LL,0876,47.7866,0.997805,1.082479,0.0,1.0,0.25,0.75,0,2.21,3.32,2.53,models/windowed_cnn_grid/8bit_a0.015/windowed_cnn_best.pt@231717150fda
matrix-20260918-025538-98a873,0.015,8,LL,0877,47.4659,0.997735,1.165441,0.0,1.0,0.625,0.375,0,2.23,3.28,2.51,models/windowed_cnn_grid/8bit_a0.015/windowed_cnn_best.pt@231717150fda
matrix-20260918-025538-98a873,0.015,8,LL,0878,40.8883,0.999009,5.299744,0.0,1.0,0.375,0.625,0,2.19,3.36,2.57,models/windowed_cnn_grid/8bit_a0.015/windowed_cnn_best.pt@231717150fda
matrix-20260918-025538-98a873,0.015,8,LL,0879,43.2672,0.996949,3.064535,0.0,1.0,0.5,0.5,0,2.14,3.25,2.51,models/windowed_cnn_grid/8bit_a0.015/windowed_cnn_best.pt@231717150fda
matrix-20260918-025538-98a873,0.015,8,LL,0880,42.7483,0.99782,3.453461,0.0,1.0,0.5,0.5,0,2.14,3.25,2.54,models/windowed_cnn_grid/8bit_a0.015/windowed_cnn_best.pt@231717150fda
matrix-20260918-025538-98a873,0.015,8,LL,0881,40.7872,0.997759,5.424515,0.0,1.0,0.125,0.875,0,2.15,3.35,2.54,models/windowed_cnn_grid/8bit_a0.015/windowed_cnn_best.pt@231717150fda
matrix-20260918-025538-98a873,0.015,8,LL,0882,43.1671,0.998073,3.135966,0.0,1.0,0.5,0.5,0,2.16,3.26,2.51,models/windowed_cnn_grid/8bit_a0.015/windowed_cnn_best.pt@231717150fda
matrix-20260918-025538-98a873,0.015,8,LL,0883,42.0962,0.998535,4.012929,0.0,1.0,0.75,0.25,0,2.19,3.41,2.51,models/windowed_cnn_grid/8bit_a0.015/windowed_cnn_best.pt@231717150fda
matrix-20260918-025538-98a873,0.015,8,LL,0884,43.1905,0.998743,3.119075,0.0,1.0,0.25,0.75,0,2.15,3.27,2.5,models/windowed_cnn_grid/8bit_a0.015/windowed_cnn_best.pt@231717150fda
matrix-20260918-025538-98a873,0.015,8,LL,0885,44.5058,0.998238,2.304077,0.0,1.0,0.625,0.375,0,2.18,3.31,2.6,models/windowed_cnn_grid/8bit_a0.015/windowed_cnn_best.pt@231717150fda
matrix-20260918-025538-98a873,0.015,8,LL,0886,43.139,0.994971,3.156342,0.0,1.0,0.25,0.75,0,2.16,3.36,2.58,models/windowed_cnn_grid/8bit_a0.015/windowed_cnn_best.pt@231717150fda
matrix-20260918-025538-98a873,0.015,8,LL,0887,41.6673,0.996763,4.429464,0.0,1.0,0.625,0.375,0,2.23,3.32,2.51,models/windowed_cnn_grid/8bit_a0.015/windowed_cnn_best.pt@231717150fda
matrix-20260918-025538-98a873,0.015,8,LL,0888,42.3168,0.998472,3.814163,0.0,1.0,0.5,0.5,0,2.16,3.32,2.51,models/windowed_cnn_grid/8bit_a0.015/windowed_cnn_best.pt@231717150fda
matrix-20260918-025538-98a873,0.015,8,LL,0889,42.0864,0.998949,4.021968,0.0,1.0,0.5,0.5,0,2.23,3.28,2.52,models/windowed_cnn_grid/8bit_a0.015/windowed_cnn_best.pt@231717150fda
matrix-20260918-025538-98a873,0.015,8,LL,0890,42.2817,0.998127,3.845103,0.0,1.0,0.625,0.375,0,2.14,3.24,2.49,models/windowed_cnn_grid/8bit_a0.015/windowed_cnn_best.pt@231717150fda
matrix-20260918-025538-98a873,0.015,8,LL,0891,41.8041,0.998196,4.292089,0.0,1.0,0.5,0.5,0,2.15,3.39,2.63,models/windowed_cnn_grid/8bit_a0.015/windowed_cnn_best.pt@231717150fda
matrix-20260918-025538-98a873,0.015,8,LL,0892,40.8521,0.999364,5.343994,0.0,1.0,0.5,0.5,0,2.26,3.33,2.56,models/windowed_cnn_grid/8bit_a0.015/windowed_cnn_best.pt@231717150fda
matrix-20260918-025538-98a873,0.015,8,LL,0893,44.6716,0.997657,2.217794,0.0,1.0,0.25,0.75,0,2.15,3.29,2.55,models/windowed_cnn_grid/8bit_a0.015/windowed_cnn_best.pt@231717150fda
matrix-20260918-025538-98a873,0.015,8,LL,0894,39.5692,0.998147,7.180618,0.0,1.0,0.375,0.625,0,2.16,3.37,2.56,models/windowed_cnn_grid/8bit_a0.015/windowed_cnn_best.pt@231717150fda
matrix-20260918-025538-98a873,0.015,8,LL,0895,43.361,0.998802,2.999023,0.0,1.0,0.125,0.875,0,2.18,3.33,2.69,models/windowed_cnn_grid/8bit_a0.015/windowed_cnn_best.pt@231717150fda
matrix-20260918-025538-98a873,0.015,8,LL,0896,38.0284,0.995483,10.23852,0.0,1.0,0.5,0.5,0,2.15,3.23,2.52,models/windowed_cnn_grid/8bit_a0.015/windowed_cnn_best.pt@231717150fda
matrix-20260918-025538-98a873,0.015,8,LL,0897,44.8488,0.999524,2.129135,0.0,1.0,0.375,0.625,0,2.27,3.35,2.56,models/windowed_cnn_grid/8bit_a0.015/windowed_cnn_best.pt@231717150fda
matrix-20260918-025538-98a873,0.015,8,LL,0898,41.502,0.996342,4.601318,0.0,1.0,0.375,0.625,0,2.16,3.2,2.51,models/windowed_cnn_grid/8bit_a0.015/windowed_cnn_best.pt@231717150fda
matrix-20260918-025538-98a873,0.015,8,LL,0899,44.2164,0.99799,2.462886,0.0,1.0,0.375,0.625,0,2.26,3.32,2.53,models/windowed_cnn_grid/8bit_a0.015/windowed_cnn_best.pt@231717150fda
matrix-20260918-025538-98a873,0.015,8,LL,0900,45.4387,0.994073,1.858724,0.0,1.0,0.375,0.625,0,2.18,3.26,2.55,models/windowed_cnn_grid/8bit_a0.015/windowed_cnn_best.pt@231717150fda
matrix-20260918-025538-98a873,0.015,16,LL,0801,41.6423,0.998991,4.455053,0.0,1.0,0.375,0.625,0,2.25,3.34,3.21,models/windowed_cnn_grid/16bit_a0.015/windowed_cnn_best.pt@30d8db51dac3
matrix-20260918-025538-98a873,0.015,16,LL,0802,43.5649,0.994806,2.861481,0.0,1.0,0.3125,0.6875,0,2.16,3.25,3.09,models/windowed_cnn_grid/16bit_a0.015/windowed_cnn_best.pt@30d8db51dac3
matrix-20260918-025538-98a873,0.015,16,LL,0803,41.3739,0.997688,4.739024,0.0,1.0,0.5625,0.4375,0,2.14,3.24,3.13,models/windowed_cnn_grid/16bit_a0.015/windowed_cnn_best.pt@30d8db51dac3
matrix-20260918-025538-98a873,0.015,16,LL,0804,40.8571,0.998744,5.33788,0.0,1.0,0.1875,0.8125,0,2.23,3.28,3.16,models/windowed_cnn_grid/16bit_a0.015/windowed_cnn_best.pt@30d8db51dac3
matrix-20260918-025538-98a873,0.015,16,LL,0805,40.4518,0.99857,5.859985,0.0,1.0,0.3125,0.6875,0,2.2,3.34,3.25,models/windowed_cnn_grid/16bit_a0.015/windowed_cnn_best.pt@30d8db51dac3
matrix-20260918-025538-98a873,0.015,16,LL,0806,41.8608,0.992204,4.236455,0.0,1.0,0.375,0.625,0,2.22,3.26,3.1,models/windowed_cnn_grid/16bit_a0.015/windowed_cnn_best.pt@30d8db51dac3
matrix-20260918-025538-98a873,0.015,16,LL,0807,43.8192,0.997005,2.698736,0.0,1.0,0.375,0.625,0,2.19,3.39,3.25,models/windowed_cnn_grid/16bit_a0.015/windowed_cnn_best.pt@30d8db51dac3
matrix-20260918-025538-98a873,0.015,16,LL,0808,44.3134,0.99657,2.408447,0.0,1.0,0.3125,0.6875,0,2.16,3.26,3.18,models/windowed_cnn_grid/16bit_a0.015/windowed_cnn_best.pt@30d8db51dac3
matrix-20260918-025538-98a873,0.015,16,LL,0809,41.9095,0.99845,4.189204,0.0,1.0,0.25,0.75,0,2.17,3.44,3.1,models/windowed_cnn_grid/16bit_a0.015/windowed_cnn_best.pt@30d8db51dac3
matrix-20260918-025538-98a873,0.015,16,LL,0810,42.3437,0.998137,3.790614,0.0,1.0,0.4375,0.5625,0,2.21,3.29,3.11,models/windowed_cnn_grid/16bit_a0.015/windowed_cnn_best.pt@30d8db51dac3
matrix-20260918-025538-98a873,0.015,16,LL,0811,44.6274,0.997808,2.240499,0.0,1.0,0.5,0.5,0,2.19,3.31,3.13,models/windowed_cnn_grid/16bit_a0.015/windowed_cnn_best.pt@30d8db51dac3
matrix-20260918-025538-98a873,0.015,16,LL,0812,42.1917,0.998029,3.925644,0.0,1.0,0.25,0.75,0,2.16,3.3,3.12,models/windowed_cnn_grid/16bit_a0.015/windowed_cnn_best.pt@30d8db51dac3
matrix-20260918-025538-98a873,0.015,16,LL,0813,41.3909,0.996914,4.720571,0.0,1.0,0.25,0.75,0,2.19,3.3,3.09,models/windowed_cnn_grid/16bit_a0.015/windowed_cnn_best.pt@30d8db51dac3
matrix-20260918-025538-98a873,0.015,16,LL,0814,45.0809,0.998233,2.018305,0.125,0.875,0.5,0.5,0,2.16,3.27,3.05,models/windowed_cnn_grid/16bit_a0.015/windowed_cnn_best.pt@30d8db51dac3
matrix-20260918-025538-98a873,0.015,16,LL,0815,43.7735,0.998545,2.72728,0.0,1.0,0.1875,0.8125,0,2.21,3.28,3.15,models/windowed_cnn_grid/16bit_a0.015/windowed_cnn_best.pt@30d8db51dac3
matrix-20260918-025538-98a873,0.015,16,LL,0816,41.2844,0.998117,4.837763,0.0,1.0,0.375,0.625,0,2.16,3.28,3.14,models/windowed_cnn_grid/16bit_a0.015/windowed_cnn_best.pt@30d8db51dac3
matrix-20260918-025538-98a873,0.015,16,LL,0817,41.8717,0.997917,4.225845,0.0,1.0,0.3125,0.6875,0,2.19,3.29,3.09,models/windowed_cnn_grid/16bit_a0.015/windowed_cnn_best.pt@30d8db51dac3
matrix-20260918-025538-98a873,0.015,16,LL,0818,40.2285,0.996382,6.16923,0.0,1.0,0.4375,0.5625,0,2.18,3.28,3.08,models/windowed_cnn_grid/16bit_a0.015/windowed_cnn_best.pt@30d8db51dac3
matrix-20260918-025538-98a873,0.015,16,LL,0819,42.241,0.9986,3.881337,0.0,1.0,0.4375,0.5625,0,2.16,3.25,3.06,models/windowed_cnn_grid/16bit_a0.015/windowed_cnn_best.pt@30d8db51dac3
matrix-20260918-025538-98a873,0.015,16,LL,0820,40.8198,0.998963,5.383982,0.0,1.0,0.4375,0.5625,0,2.17,3.32,3.15,models/windowed_cnn_grid/16bit_a0.015/windowed_cnn_best.pt@30d8db51dac3
matrix-20260918-025538-98a873,0.015,16,LL,0821,43.5782,0.998175,2.852722,0.125,0.875,0.1875,0.8125,0,2.18,3.31,3.16,models/windowed_cnn_grid/16bit_a0.015/windowed_cnn_best.pt@30d8db51dac3
matrix-20260918-025538-98a873,0.015,16,LL,0822,44.8748,0.998929,2.116425,0.0,1.0,0.375,0.625,0,2.17,3.29,3.13,models/windowed_cnn_grid/16bit_a0.015/windowed_cnn_best.pt@30d8db51dac3
matrix-20260918-025538-98a873,0.015,16,LL,0823,40.7555,0.990629,5.464228,0.0,1.0,0.125,0.875,0,2.16,3.36,3.08,models/windowed_cnn_grid/16bit_a0.015/windowed_cnn_best.pt@30d8db51dac3
matrix-20260918-025538-98a873,0.015,16,LL,0824,41.3798,0.998217,4.732554,0.0,1.0,0.5,0.5,0,2.23,3.39,3.08,models/windowed_cnn_grid/16bit_a0.015/windowed_cnn_best.pt@30d8db51dac3
matrix-20260918-025538-98a873,0.015,16,LL,0825,41.7672,0.998694,4.32871,0.125,0.875,0.1875,0.8125,0,2.16,3.29,3.09,models/windowed_cnn_grid/16bit_a0.015/windowed_cnn_best.pt@30d8db51dac3
matrix-20260918-025538-98a873,0.015,16,LL,0826,41.512,0.997273,4.590703,0.0,1.0,0.25,0.75,0,2.22,3.28,3.1,models/windowed_cnn_grid/16bit_a0.015/windowed_cnn_best.pt@30d8db51dac3
matrix-20260918-025538-98a873,0.015,16,LL,0827,49.4819,0.997179,0.732646,0.0,1.0,0.25,0.75,0,2.17,3.34,3.08,models/windowed_cnn_grid/16bit_a0.015/windowed_cnn_best.pt@30d8db51dac3
matrix-20260918-025538-98a873,0.015,16,LL,0828,47.9087,0.989773,1.05246,0.0,1.0,0.1875,0.8125,0,2.2,3.36,3.14,models/windowed_cnn_grid/16bit_a0.015/windowed_cnn_best.pt@30d8db51dac3
matrix-20260918-025538-98a873,0.015,16,LL,0829,43.4077,0.99698,2.966919,0.0,1.0,0.375,0.625,0,2.14,3.27,3.17,models/windowed_cnn_grid/16bit_a0.015/windowed_cnn_best.pt@30d8db51dac3
matrix-20260918-025538-98a873,0.015,16,LL,0830,41.3902,0.997026,4.721252,0.0,1.0,0.4375,0.5625,0,2.18,3.3,3.1,models/windowed_cnn_grid/16bit_a0.015/windowed_cnn_best.pt@30d8db51dac3
matrix-20260918-025538-98a873,0.015,16,LL,0831,44.028,0.997844,2.572057,0.0,1.0,0.5,0.5,0,2.15,3.29,3.11,models/windowed_cnn_grid/16bit_a0.015/windowed_cnn_best.pt@30d8db51dac3
matrix-20260918-025538-98a873,0.015,16,LL,0832,43.1116,0.998114,3.17632,0.0,1.0,0.1875,0.8125,0,2.19,3.29,3.19,models/windowed_cnn_grid/16bit_a0.015/windowed_cnn_best.pt@30d8db51dac3
matrix-20260918-025538-98a873,0.015,16,LL,0833,39.1102,0.998999,7.981089,0.0,1.0,0.1875,0.8125,0,2.12,3.21,3.1,models/windowed_cnn_grid/16bit_a0.015/windowed_cnn_best.pt@30d8db51dac3
matrix-20260918-025538-98a873,0.015,16,LL,0834,40.9069,0.997375,5.277064,0.0,1.0,0.375,0.625,0,2.24,3.29,3.16,models/windowed_cnn_grid/16bit_a0.015/windowed_cnn_best.pt@30d8db51dac3
matrix-20260918-025538-98a873,0.015,16,LL,0835,43.6073,0.997578,2.833694,0.0,1.0,0.375,0.625,0,2.19,3.33,3.16,models/windowed_cnn_grid/16bit_a0.015/windowed_cnn_best.pt@30d8db51dac3
matrix-20260918-025538-98a873,0.015,16,LL,0836,40.2415,0.998447,6.150777,0.0,1.0,0.25,0.75,0,2.15,3.25,3.04,models/windowed_cnn_grid/16bit_a0.015/windowed_cnn_best.pt@30d8db51dac3
matrix-20260918-025538-98a873,0.015,16,LL,0837,44.167,0.998992,2.491028,0.0,1.0,0.3125,0.6875,0,2.23,3.39,3.05,models/windowed_cnn_grid/16bit_a0.015/windowed_cnn_best.pt@30d8db51dac3
matrix-20260918-025538-98a873,0.015,16,LL,0838,43.5439,0.996697,2.875315,0.0,1.0,0.3125,0.6875,0,2.14,3.24,3.08,models/windowed_cnn_grid/16bit_a0.015/windowed_cnn_best.pt@30d8db51dac3
matrix-20260918-025538-98a873,0.015,16,LL,0839,44.9549,0.949811,2.077759,0.0,1.0,0.375,0.625,0,2.09,3.19,3.07,models/windowed_cnn_grid/16bit_a0.015/windowed_cnn_best.pt@30d8db51dac3
matrix-20260918-025538-98a873,0.015,16,LL,0840,45.4673,0.998934,1.846507,0.0,1.0,0.4375,0.5625,0,2.24,3.36,3.05,models/windowed_cnn_grid/16bit_a0.015/windowed_cnn_best.pt@30d8db51dac3
matrix-20260918-025538-98a873,0.015,16,LL,0841,45.5306,0.997463,1.819794,0.0625,0.9375,0.1875,0.8125,0,2.17,3.26,3.11,models/windowed_cnn_grid/16bit_a0.015/windowed_cnn_best.pt@30d8db51dac3
matrix-20260918-025538-98a873,0.015,16,LL,0842,39.5595,0.998363,7.196579,0.0,1.0,0.375,0.625,0,2.18,3.25,3.03,models/windowed_cnn_grid/16bit_a0.015/windowed_cnn_best.pt@30d8db51dac3
matrix-20260918-025538-98a873,0.015,16,LL,0843,49.9244,0.999551,0.661662,0.0,1.0,0.3125,0.6875,0,1.81,2.58,2.74,models/windowed_cnn_grid/16bit_a0.015/windowed_cnn_best.pt@30d8db51dac3
matrix-20260918-025538-98a873,0.015,16,LL,0844,38.5449,0.996532,9.090581,0.0,1.0,0.3125,0.6875,0,2.13,3.29,3.09,models/windowed_cnn_grid/16bit_a0.015/windowed_cnn_best.pt@30d8db51dac3
matrix-20260918-025538-98a873,0.015,16,LL,0845,40.0722,0.998412,6.395289,0.0,1.0,0.5625,0.4375,0,2.14,3.36,3.11,models/windowed_cnn_grid/16bit_a0.015/windowed_cnn_best.pt@30d8db51dac3
matrix-20260918-025538-98a873,0.015,16,LL,0846,42.2432,0.99817,3.879349,0.0,1.0,0.1875,0.8125,0,2.22,3.3,3.15,models/windowed_cnn_grid/16bit_a0.015/windowed_cnn_best.pt@30d8db51dac3
matrix-20260918-025538-98a873,0.015,16,LL,0847,42.0623,0.997854,4.044322,0.125,0.875,0.3125,0.6875,0,2.19,3.38,3.14,models/windowed_cnn_grid/16bit_a0.015/windowed_cnn_best.pt@30d8db51dac3
matrix-20260918-025538-98a873,0.015,16,LL,0848,42.5385,0.99577,3.624354,0.0,1.0,0.3125,0.6875,0,2.18,3.3,3.1,models/windowed_cnn_grid/16bit_a0.015/windowed_cnn_best.pt@30d8db51dac3
matrix-20260918-025538-98a873,0.015,16,LL,0849,42.6085,0.999126,3.566401,0.0,1.0,0.375,0.625,0,2.18,3.34,3.14,models/windowed_cnn_grid/16bit_a0.015/windowed_cnn_best.pt@30d8db51dac3
matrix-20260918-025538-98a873,0.015,16,LL,0850,42.3098,0.99821,3.820333,0.0,1.0,0.4375,0.5625,0,2.16,3.28,3.18,models/windowed_cnn_grid/16bit_a0.015/windowed_cnn_best.pt@30d8db51dac3
matrix-20260918-025538-98a873,0.015,16,LL,0851,45.8343,0.983671,1.696864,0.0,1.0,0.3125,0.6875,0,2.25,3.32,3.08,models/windowed_cnn_grid/16bit_a0.015/windowed_cnn_best.pt@30d8db51dac3
matrix-20260918-025538-98a873,0.015,16,LL,0852,51.718,0.996025,0.437805,0.0,1.0,0.5,0.5,0,2.17,3.35,3.07,models/windowed_cnn_grid/16bit_a0.015/windowed_cnn_best.pt@30d8db51dac3
matrix-20260918-025538-98a873,0.015,16,LL,0853,45.1404,0.996492,1.99087,0.0,1.0,0.625,0.375,0,2.2,3.23,3.05,models/windowed_cnn_grid/16bit_a0.015/windowed_cnn_best.pt@30d8db51dac3
matrix-20260918-025538-98a873,0.015,16,LL,0854,41.1045,0.998318,5.042333,0.0,1.0,0.4375,0.5625,0,2.16,3.29,3.07,models/windowed_cnn_grid/16bit_a0.015/windowed_cnn_best.pt@30d8db51dac3
matrix-20260918-025538-98a873,0.015,16,LL,0855,41.9388,0.99777,4.161041,0.0,1.0,0.5,0.5,0,2.17,3.28,3.11,models/windowed_cnn_grid/16bit_a0.015/windowed_cnn_best.pt@30d8db51dac3
matrix-20260918-025538-98a873,0.015,16,LL,0856,47.1621,0.998009,1.249878,0.0,1.0,0.5625,0.4375,0,2.17,3.38,3.1,models/windowed_cnn_grid/16bit_a0.015/windowed_cnn_best.pt@30d8db51dac3
matrix-20260918-025538-98a873,0.015,16,LL,0857,41.87,0.997305,4.227478,0.0,1.0,0.5,0.5,0,2.15,3.24,3.21,models/windowed_cnn_grid/16bit_a0.015/windowed_cnn_best.pt@30d8db51dac3
matrix-20260918-025538-98a873,0.015,16,LL,0858,46.9716,0.997385,1.305939,0.0,1.0,0.5625,0.4375,0,2.17,3.26,3.13,models/windowed_cnn_grid/16bit_a0.015/windowed_cnn_best.pt@30d8db51dac3
matrix-20260918-025538-98a873,0.015,16,LL,0859,40.4467,0.998503,5.866882,0.0,1.0,0.3125,0.6875,0,2.18,3.29,3.09,models/windowed_cnn_grid/16bit_a0.015/windowed_cnn_best.pt@30d8db51dac3
matrix-20260918-025538-98a873,0.015,16,LL,0860,43.0736,0.998968,3.204229,0.0,1.0,0.375,0.625,0,2.17,3.3,3.2,models/windowed_cnn_grid/16bit_a0.015/windowed_cnn_best.pt@30d8db51dac3
matrix-20260918-025538-98a873,0.015,16,LL,0861,43.9481,0.997586,2.619817,0.0,1.0,0.375,0.625,0,2.17,3.25,3.08,models/windowed_cnn_grid/16bit_a0.015/windowed_cnn_best.pt@30d8db51dac3
matrix-20260918-025538-98a873,0.015,16,LL,0862,40.8314,0.997424,5.369583,0.0,1.0,0.5,0.5,0,2.14,3.24,3.13,models/windowed_cnn_grid/16bit_a0.015/windowed_cnn_best.pt@30d8db51dac3
matrix-20260918-025538-98a873,0.015,16,LL,0863,40.2201,0.997652,6.181198,0.125,0.875,0.5,0.5,0,2.2,3.39,3.14,models/windowed_cnn_grid/16bit_a0.015/windowed_cnn_best.pt@30d8db51dac3
matrix-20260918-025538-98a873,0.015,16,LL,0864,45.1317,0.998861,1.994868,0.0,1.0,0.3125,0.6875,0,2.16,3.34,3.11,models/windowed_cnn_grid/16bit_a0.015/windowed_cnn_best.pt@30d8db51dac3
matrix-20260918-025538-98a873,0.015,16,LL,0865,42.0529,0.998752,4.053157,0.0,1.0,0.4375,0.5625,0,2.24,3.28,3.07,models/windowed_cnn_grid/16bit_a0.015/windowed_cnn_best.pt@30d8db51dac3
matrix-20260918-025538-98a873,0.015,16,LL,0866,41.0204,0.999024,5.140951,0.25,0.75,0.125,0.875,0,2.19,3.29,3.09,models/windowed_cnn_grid/16bit_a0.015/windowed_cnn_best.pt@30d8db51dac3
matrix-20260918-025538-98a873,0.015,16,LL,0867,43.0461,0.99885,3.224579,0.0,1.0,0.375,0.625,0,2.21,3.25,3.08,models/windowed_cnn_grid/16bit_a0.015/windowed_cnn_best.pt@30d8db51dac3
matrix-20260918-025538-98a873,0.015,16,LL,0868,38.8096,0.999427,8.552963,0.0,1.0,0.4375,0.5625,0,2.12,3.24,3.07,models/windowed_cnn_grid/16bit_a0.015/windowed_cnn_best.pt@30d8db51dac3
matrix-20260918-025538-98a873,0.015,16,LL,0869,41.8329,0.998014,4.263723,0.0,1.0,0.375,0.625,0,2.24,3.25,3.05,models/windowed_cnn_grid/16bit_a0.015/windowed_cnn_best.pt@30d8db51dac3
matrix-20260918-025538-98a873,0.015,16,LL,0870,43.2745,0.999134,3.059326,0.0,1.0,0.4375,0.5625,0,2.18,3.3,3.09,models/windowed_cnn_grid/16bit_a0.015/windowed_cnn_best.pt@30d8db51dac3
matrix-20260918-025538-98a873,0.015,16,LL,0871,41.7078,0.998779,4.388367,0.0,1.0,0.1875,0.8125,0,2.17,3.26,3.15,models/windowed_cnn_grid/16bit_a0.015/windowed_cnn_best.pt@30d8db51dac3
matrix-20260918-025538-98a873,0.015,16,LL,0872,41.3406,0.999037,4.775538,0.0,1.0,0.1875,0.8125,0,2.17,3.33,3.13,models/windowed_cnn_grid/16bit_a0.015/windowed_cnn_best.pt@30d8db51dac3
matrix-20260918-025538-98a873,0.015,16,LL,0873,42.5971,0.998579,3.57575,0.125,0.875,0.25,0.75,0,2.21,3.29,3.11,models/windowed_cnn_grid/16bit_a0.015/windowed_cnn_best.pt@30d8db51dac3
matrix-20260918-025538-98a873,0.015,16,LL,0874,40.8729,0.998207,5.318532,0.125,0.875,0.5,0.5,0,2.19,3.31,3.12,models/windowed_cnn_grid/16bit_a0.015/windowed_cnn_best.pt@30d8db51dac3
matrix-20260918-025538-98a873,0.015,16,LL,0875,44.2307,0.999116,2.454748,0.0,1.0,0.375,0.625,0,2.21,3.35,3.11,models/windowed_cnn_grid/16bit_a0.015/windowed_cnn_best.pt@30d8db51dac3
matrix-20260918-025538-98a873,0.015,16,LL,0876,47.3114,0.997193,1.207642,0.0,1.0,0.375,0.625,0,2.15,3.31,3.04,models/windowed_cnn_grid/16bit_a0.015/windowed_cnn_best.pt@30d8db51dac3
matrix-20260918-025538-98a873,0.015,16,LL,0877,47.6337,0.997491,1.121272,0.0,1.0,0.3125,0.6875,0,2.17,3.38,3.07,models/windowed_cnn_grid/16bit_a0.015/windowed_cnn_best.pt@30d8db51dac3
matrix-20260918-025538-98a873,0.015,16,LL,0878,40.826,0.998758,5.376307,0.0,1.0,0.5,0.5,0,2.17,3.35,3.13,models/windowed_cnn_grid/16bit_a0.015/windowed_cnn_best.pt@30d8db51dac3
matrix-20260918-025538-98a873,0.015,16,LL,0879,42.9213,0.996699,3.318568,0.0,1.0,0.5,0.5,0,2.14,3.27,3.07,models/windowed_cnn_grid/16bit_a0.015/windowed_cnn_best.pt@30d8db51dac3
matrix-20260918-025538-98a873,0.015,16,LL,0880,42.869,0.997876,3.35877,0.0,1.0,0.1875,0.8125,0,2.22,3.24,3.04,models/windowed_cnn_grid/16bit_a0.015/windowed_cnn_best.pt@30d8db51dac3
matrix-20260918-025538-98a873,0.015,16,LL,0881,40.7677,0.997572,5.448878,0.0,1.0,0.4375,0.5625,0,2.15,3.3,3.07,models/windowed_cnn_grid/16bit_a0.015/windowed_cnn_best.pt@30d8db51dac3
matrix-20260918-025538-98a873,0.015,16,LL,0882,43.0703,0.997987,3.206645,0.0,1.0,0.5625,0.4375,0,2.17,3.3,3.09,models/windowed_cnn_grid/16bit_a0.015/windowed_cnn_best.pt@30d8db51dac3
matrix-20260918-025538-98a873,0.015,16,LL,0883,42.0478,0.998443,4.057872,0.125,0.875,0.125,0.875,0,2.18,3.39,3.13,models/windowed_cnn_grid/16bit_a0.015/windowed_cnn_best.pt@30d8db51dac3
matrix-20260918-025538-98a873,0.015,16,LL,0884,43.1292,0.998581,3.163442,0.0,1.0,0.25,0.75,0,2.21,3.31,3.12,models/windowed_cnn_grid/16bit_a0.015/windowed_cnn_best.pt@30d8db51dac3
matrix-20260918-025538-98a873,0.015,16,LL,0885,44.453,0.998303,2.332255,0.0,1.0,0.3125,0.6875,0,2.15,3.4,3.22,models/windowed_cnn_grid/16bit_a0.015/windowed_cnn_best.pt@30d8db51dac3
matrix-20260918-025538-98a873,0.015,16,LL,0886,42.9981,0.995949,3.260376,0.0,1.0,0.5,0.5,0,2.15,3.25,3.08,models/windowed_cnn_grid/16bit_a0.015/windowed_cnn_best.pt@30d8db51dac3
matrix-20260918-025538-98a873,0.015,16,LL,0887,41.6405,0.996715,4.456853,0.0,1.0,0.375,0.625,0,2.16,3.32,3.09,models/windowed_cnn_grid/16bit_a0.015/windowed_cnn_best.pt@30d8db51dac3
matrix-20260918-025538-98a873,0.015,16,LL,0888,42.1518,0.998262,3.961853,0.125,0.875,0.5,0.5,0,2.15,3.27,3.13,models/windowed_cnn_grid/16bit_a0.015/windowed_cnn_best.pt@30d8db51dac3
matrix-20260918-025538-98a873,0.015,16,LL,0889,41.5921,0.999153,4.506831,0.0,1.0,0.5,0.5,0,2.19,3.39,3.14,models/windowed_cnn_grid/16bit_a0.015/windowed_cnn_best.pt@30d8db51dac3
matrix-20260918-025538-98a873,0.015,16,LL,0890,42.2416,0.998149,3.880819,0.0,1.0,0.375,0.625,0,2.21,3.26,3.09,models/windowed_cnn_grid/16bit_a0.015/windowed_cnn_best.pt@30d8db51dac3
matrix-20260918-025538-98a873,0.015,16,LL,0891,41.7102,0.998448,4.385966,0.0,1.0,0.25,0.75,0,2.14,3.25,3.11,models/windowed_cnn_grid/16bit_a0.015/windowed_cnn_best.pt@30d8db51dac3
matrix-20260918-025538-98a873,0.015,16,LL,0892,40.8009,0.999359,5.40744,0.125,0.875,0.375,0.625,0,2.2,3.33,3.14,models/windowed_cnn_grid/16bit_a0.015/windowed_cnn_best.pt@30d8db51dac3
matrix-20260918-025538-98a873,0.015,16,LL,0893,44.7297,0.997462,2.188304,0.0,1.0,0.1875,0.8125,0,2.16,3.27,3.09,models/windowed_cnn_grid/16bit_a0.015/windowed_cnn_best.pt@30d8db51dac3
matrix-20260918-025538-98a873,0.015,16,LL,0894,39.4233,0.997575,7.425852,0.0,1.0,0.4375,0.5625,0,2.15,3.3,3.05,models/windowed_cnn_grid/16bit_a0.015/windowed_cnn_best.pt@30d8db51dac3
matrix-20260918-025538-98a873,0.015,16,LL,0895,43.3046,0.998621,3.038208,0.0,1.0,0.1875,0.8125,0,2.17,3.38,3.18,models/windowed_cnn_grid/16bit_a0.015/windowed_cnn_best.pt@30d8db51dac3
matrix-20260918-025538-98a873,0.015,16,LL,0896,38.0253,0.99432,10.245906,0.0,1.0,0.4375,0.5625,0,2.15,3.25,3.04,models/windowed_cnn_grid/16bit_a0.015/windowed_cnn_best.pt@30d8db51dac3
matrix-20260918-025538-98a873,0.015,16,LL,0897,44.5436,0.999486,2.284144,0.0,1.0,0.3125,0.6875,0,2.2,3.4,3.1,models/windowed_cnn_grid/16bit_a0.015/windowed_cnn_best.pt@30d8db51dac3
matrix-20260918-025538-98a873,0.015,16,LL,0898,41.5175,0.996252,4.584941,0.0,1.0,0.3125,0.6875,0,2.14,3.24,3.08,models/windowed_cnn_grid/16bit_a0.015/windowed_cnn_best.pt@30d8db51dac3
matrix-20260918-025538-98a873,0.015,16,LL,0899,44.0628,0.997814,2.551549,0.0,1.0,0.1875,0.8125,0,2.18,3.4,3.08,models/windowed_cnn_grid/16bit_a0.015/windowed_cnn_best.pt@30d8db51dac3
matrix-20260918-025538-98a873,0.015,16,LL,0900,45.4019,0.99245,1.874537,0.0,1.0,0.375,0.625,0,2.19,3.28,3.05,models/windowed_cnn_grid/16bit_a0.015/windowed_cnn_best.pt@30d8db51dac3
matrix-20260918-025538-98a873,0.015,32,LL,0801,41.6333,0.998923,4.464315,0.0,1.0,0.25,0.75,0,2.17,3.29,3.63,models/windowed_cnn_grid/32bit_a0.015/windowed_cnn_best.pt@e188a3e68949
matrix-20260918-025538-98a873,0.015,32,LL,0802,43.4271,0.99267,2.953695,0.0,1.0,0.375,0.625,0,2.22,3.23,3.63,models/windowed_cnn_grid/32bit_a0.015/windowed_cnn_best.pt@e188a3e68949
matrix-20260918-025538-98a873,0.015,32,LL,0803,41.2392,0.99745,4.888311,0.0625,0.9375,0.1875,0.8125,0,2.16,3.24,3.61,models/windowed_cnn_grid/32bit_a0.015/windowed_cnn_best.pt@e188a3e68949
matrix-20260918-025538-98a873,0.015,32,LL,0804,40.8444,0.998739,5.353526,0.0625,0.9375,0.28125,0.71875,0,2.15,3.27,3.65,models/windowed_cnn_grid/32bit_a0.015/windowed_cnn_best.pt@e188a3e68949
matrix-20260918-025538-98a873,0.015,32,LL,0805,40.4779,0.998126,5.824875,0.0625,0.9375,0.3125,0.6875,0,2.18,3.34,3.59,models/windowed_cnn_grid/32bit_a0.015/windowed_cnn_best.pt@e188a3e68949
matrix-20260918-025538-98a873,0.015,32,LL,0806,41.8283,0.992184,4.268265,0.0,1.0,0.25,0.75,0,2.15,3.34,3.61,models/windowed_cnn_grid/32bit_a0.015/windowed_cnn_best.pt@e188a3e68949
matrix-20260918-025538-98a873,0.015,32,LL,0807,43.7947,0.996889,2.71403,0.0,1.0,0.21875,0.78125,0,2.23,3.37,3.57,models/windowed_cnn_grid/32bit_a0.015/windowed_cnn_best.pt@e188a3e68949
matrix-20260918-025538-98a873,0.015,32,LL,0808,44.1312,0.995807,2.511648,0.0,1.0,0.375,0.625,0,2.17,3.29,3.56,models/windowed_cnn_grid/32bit_a0.015/windowed_cnn_best.pt@e188a3e68949
matrix-20260918-025538-98a873,0.015,32,LL,0809,41.9024,0.998448,4.19603,0.0,1.0,0.25,0.75,0,2.18,3.3,3.62,models/windowed_cnn_grid/32bit_a0.015/windowed_cnn_best.pt@e188a3e68949
matrix-20260918-025538-98a873,0.015,32,LL,0810,42.3255,0.998151,3.806554,0.0,1.0,0.1875,0.8125,0,2.15,3.33,3.6,models/windowed_cnn_grid/32bit_a0.015/windowed_cnn_best.pt@e188a3e68949
matrix-20260918-025538-98a873,0.015,32,LL,0811,44.6404,0.997318,2.233754,0.0,1.0,0.40625,0.59375,0,2.19,3.28,3.63,models/windowed_cnn_grid/32bit_a0.015/windowed_cnn_best.pt@e188a3e68949
matrix-20260918-025538-98a873,0.015,32,LL,0812,42.0932,0.997689,4.015661,0.0,1.0,0.34375,0.65625,0,2.16,3.37,3.62,models/windowed_cnn_grid/32bit_a0.015/windowed_cnn_best.pt@e188a3e68949
matrix-20260918-025538-98a873,0.015,32,LL,0813,41.4059,0.996419,4.70429,0.0,1.0,0.3125,0.6875,0,2.18,3.25,3.54,models/windowed_cnn_grid/32bit_a0.015/windowed_cnn_best.pt@e188a3e68949
matrix-20260918-025538-98a873,0.015,32,LL,0814,44.8967,0.998208,2.105769,0.0625,0.9375,0.3125,0.6875,0,2.15,3.3,3.49,models/windowed_cnn_grid/32bit_a0.015/windowed_cnn_best.pt@e188a3e68949
matrix-20260918-025538-98a873,0.015,32,LL,0815,43.6924,0.998699,2.778687,0.0,1.0,0.28125,0.71875,0,2.17,3.28,3.55,models/windowed_cnn_grid/32bit_a0.015/windowed_cnn_best.pt@e188a3e68949
matrix-20260918-025538-98a873,0.015,32,LL,0816,41.0071,0.998086,5.156672,0.03125,0.96875,0.34375,0.65625,0,2.16,3.37,3.6,models/windowed_cnn_grid/32bit_a0.015/windowed_cnn_best.pt@e188a3e68949
matrix-20260918-025538-98a873,0.015,32,LL,0817,41.8394,0.997791,4.257339,0.0625,0.9375,0.21875,0.78125,0,2.17,3.32,3.6,models/windowed_cnn_grid/32bit_a0.015/windowed_cnn_best.pt@e188a3e68949
matrix-20260918-025538-98a873,0.015,32,LL,0818,40.1557,0.997092,6.273504,0.0625,0.9375,0.3125,0.6875,0,2.21,3.25,3.62,models/windowed_cnn_grid/32bit_a0.015/windowed_cnn_best.pt@e188a3e68949
matrix-20260918-025538-98a873,0.015,32,LL,0819,42.3749,0.998636,3.763468,0.0,1.0,0.21875,0.78125,0,2.2,3.28,3.59,models/windowed_cnn_grid/32bit_a0.015/windowed_cnn_best.pt@e188a3e68949
matrix-20260918-025538-98a873,0.015,32,LL,0820,40.7822,0.998972,5.430817,0.0,1.0,0.28125,0.71875,0,2.19,3.44,3.59,models/windowed_cnn_grid/32bit_a0.015/windowed_cnn_best.pt@e188a3e68949
matrix-20260918-025538-98a873,0.015,32,LL,0821,43.3463,0.998102,3.009186,0.0625,0.9375,0.21875,0.78125,0,2.24,3.3,3.64,models/windowed_cnn_grid/32bit_a0.015/windowed_cnn_best.pt@e188a3e68949
matrix-20260918-025538-98a873,0.015,32,LL,0822,44.7962,0.998663,2.15506,0.0625,0.9375,0.1875,0.8125,0,2.19,3.35,3.61,models/windowed_cnn_grid/32bit_a0.015/windowed_cnn_best.pt@e188a3e68949
matrix-20260918-025538-98a873,0.015,32,LL,0823,40.7627,0.993848,5.455134,0.0,1.0,0.40625,0.59375,0,2.23,3.27,3.57,models/windowed_cnn_grid/32bit_a0.015/windowed_cnn_best.pt@e188a3e68949
matrix-20260918-025538-98a873,0.015,32,LL,0824,41.2385,0.998153,4.889074,0.0,1.0,0.15625,0.84375,0,2.17,3.38,3.5,models/windowed_cnn_grid/32bit_a0.015/windowed_cnn_best.pt@e188a3e68949
matrix-20260918-025538-98a873,0.015,32,LL,0825,41.7252,0.998655,4.370763,0.0,1.0,0.25,0.75,0,2.17,3.28,3.58,models/windowed_cnn_grid/32bit_a0.015/windowed_cnn_best.pt@e188a3e68949
matrix-20260918-025538-98a873,0.015,32,LL,0826,41.1995,0.996874,4.933273,0.0625,0.9375,0.3125,0.6875,0,2.17,3.25,3.59,models/windowed_cnn_grid/32bit_a0.015/windowed_cnn_best.pt@e188a3e68949
matrix-20260918-025538-98a873,0.015,32,LL,0827,49.3575,0.997092,0.753937,0.03125,0.96875,0.125,0.875,0,2.16,3.33,3.61,models/windowed_cnn_grid/32bit_a0.015/windowed_cnn_best.pt@e188a3e68949
matrix-20260918-025538-98a873,0.015,32,LL,0828,47.7175,0.99672,1.099833,0.03125,0.96875,0.25,0.75,0,2.18,3.33,3.64,models/windowed_cnn_grid/32bit_a0.015/windowed_cnn_best.pt@e188a3e68949
matrix-20260918-025538-98a873,0.015,32,LL,0829,43.4596,0.997039,2.931722,0.0625,0.9375,0.34375,0.65625,0,2.16,3.3,3.66,models/windowed_cnn_grid/32bit_a0.015/windowed_cnn_best.pt@e188a3e68949
matrix-20260918-025538-98a873,0.015,32,LL,0830,41.3512,0.997347,4.763891,0.0,1.0,0.25,0.75,0,2.25,3.26,3.57,models/windowed_cnn_grid/32bit_a0.015/windowed_cnn_best.pt@e188a3e68949
matrix-20260918-025538-98a873,0.015,32,LL,0831,44.2065,0.998423,2.468511,0.0625,0.9375,0.15625,0.84375,0,2.15,3.35,3.6,models/windowed_cnn_grid/32bit_a0.015/windowed_cnn_best.pt@e188a3e68949
matrix-20260918-025538-98a873,0.015,32,LL,0832,43.0131,0.997941,3.249166,0.0625,0.9375,0.28125,0.71875,0,2.16,3.29,3.59,models/windowed_cnn_grid/32bit_a0.015/windowed_cnn_best.pt@e188a3e68949
matrix-20260918-025538-98a873,0.015,32,LL,0833,39.0462,0.998567,8.099482,0.0,1.0,0.40625,0.59375,0,2.12,3.27,3.56,models/windowed_cnn_grid/32bit_a0.015/windowed_cnn_best.pt@e188a3e68949
matrix-20260918-025538-98a873,0.015,32,LL,0834,40.861,0.997388,5.333125,0.0,1.0,0.34375,0.65625,0,2.18,3.26,3.6,models/windowed_cnn_grid/32bit_a0.015/windowed_cnn_best.pt@e188a3e68949
matrix-20260918-025538-98a873,0.015,32,LL,0835,43.5633,0.997546,2.862544,0.0,1.0,0.3125,0.6875,0,2.17,3.4,3.59,models/windowed_cnn_grid/32bit_a0.015/windowed_cnn_best.pt@e188a3e68949
matrix-20260918-025538-98a873,0.015,32,LL,0836,40.0828,0.998427,6.37971,0.0,1.0,0.3125,0.6875,0,2.19,3.24,3.52,models/windowed_cnn_grid/32bit_a0.015/windowed_cnn_best.pt@e188a3e68949
matrix-20260918-025538-98a873,0.015,32,LL,0837,44.0066,0.998781,2.584788,0.0,1.0,0.1875,0.8125,0,2.15,3.41,3.61,models/windowed_cnn_grid/32bit_a0.015/windowed_cnn_best.pt@e188a3e68949
matrix-20260918-025538-98a873,0.015,32,LL,0838,43.5073,0.996575,2.899689,0.0,1.0,0.25,0.75,0,2.23,3.23,3.56,models/windowed_cnn_grid/32bit_a0.015/windowed_cnn_best.pt@e188a3e68949
matrix-20260918-025538-98a873,0.015,32,LL,0839,44.8808,0.965167,2.113505,0.0,1.0,0.4375,0.5625,0,2.09,3.17,3.55,models/windowed_cnn_grid/32bit_a0.015/windowed_cnn_best.pt@e188a3e68949
matrix-20260918-025538-98a873,0.015,32,LL,0840,45.401,0.998905,1.874919,0.0,1.0,0.34375,0.65625,0,2.25,3.32,3.63,models/windowed_cnn_grid/32bit_a0.015/windowed_cnn_best.pt@e188a3e68949
matrix-20260918-025538-98a873,0.015,32,LL,0841,45.5382,0.997479,1.816584,0.03125,0.96875,0.21875,0.78125,0,2.17,3.33,3.62,models/windowed_cnn_grid/32bit_a0.015/windowed_cnn_best.pt@e188a3e68949
matrix-20260918-025538-98a873,0.015,32,LL,0842,39.6236,0.997919,7.091136,0.0,1.0,0.34375,0.65625,0,2.22,3.34,3.57,models/windowed_cnn_grid/32bit_a0.015/windowed_cnn_best.pt@e188a3e68949
matrix-20260918-025538-98a873,0.015,32,LL,0843,49.7821,0.999469,0.683706,0.0,1.0,0.25,0.75,0,1.8,2.58,3.3,models/windowed_cnn_grid/32bit_a0.015/windowed_cnn_best.pt@e188a3e68949
matrix-20260918-025538-98a873,0.015,32,LL,0844,38.8088,0.996526,8.55455,0.0,1.0,0.3125,0.6875,0,2.17,3.3,3.6,models/windowed_cnn_grid/32bit_a0.015/windowed_cnn_best.pt@e188a3e68949
matrix-20260918-025538-98a873,0.015,32,LL,0845,40.1232,0.998391,6.320663,0.0,1.0,0.28125,0.71875,0,2.18,3.3,3.59,models/windowed_cnn_grid/32bit_a0.015/windowed_cnn_best.pt@e188a3e68949
matrix-20260918-025538-98a873,0.015,32,LL,0846,40.1422,0.998905,6.29305,0.0625,0.9375,0.34375,0.65625,0,2.19,3.27,3.57,models/windowed_cnn_grid/32bit_a0.015/windowed_cnn_best.pt@e188a3e68949
matrix-20260918-025538-98a873,0.015,32,LL,0847,41.9681,0.997815,4.133077,0.0,1.0,0.3125,0.6875,0,2.17,3.42,3.57,models/windowed_cnn_grid/32bit_a0.015/windowed_cnn_best.pt@e188a3e68949
matrix-20260918-025538-98a873,0.015,32,LL,0848,42.458,0.995847,3.692164,0.0,1.0,0.3125,0.6875,0,2.2,3.25,3.61,models/windowed_cnn_grid/32bit_a0.015/windowed_cnn_best.pt@e188a3e68949
matrix-20260918-025538-98a873,0.015,32,LL,0849,42.4921,0.999132,3.663289,0.0625,0.9375,0.25,0.75,0,2.2,3.38,3.57,models/windowed_cnn_grid/32bit_a0.015/windowed_cnn_best.pt@e188a3e68949
matrix-20260918-025538-98a873,0.015,32,LL,0850,42.2598,0.99811,3.864553,0.0,1.0,0.34375,0.65625,0,2.18,3.27,3.54,models/windowed_cnn_grid/32bit_a0.015/windowed_cnn_best.pt@e188a3e68949
matrix-20260918-025538-98a873,0.015,32,LL,0851,45.7626,0.983776,1.725108,0.0,1.0,0.28125,0.71875,0,2.17,3.35,3.58,models/windowed_cnn_grid/32bit_a0.015/windowed_cnn_best.pt@e188a3e68949
matrix-20260918-025538-98a873,0.015,32,LL,0852,51.6158,0.995094,0.448227,0.0,1.0,0.21875,0.78125,0,2.22,3.32,3.55,models/windowed_cnn_grid/32bit_a0.015/windowed_cnn_best.pt@e188a3e68949
matrix-20260918-025538-98a873,0.015,32,LL,0853,44.9933,0.99613,2.059438,0.0625,0.9375,0.46875,0.53125,0,2.14,3.28,3.57,models/windowed_cnn_grid/32bit_a0.015/windowed_cnn_best.pt@e188a3e68949
matrix-20260918-025538-98a873,0.015,32,LL,0854,41.0596,0.998279,5.094721,0.0,1.0,0.3125,0.6875,0,2.23,3.27,3.65,models/windowed_cnn_grid/32bit_a0.015/windowed_cnn_best.pt@e188a3e68949
matrix-20260918-025538-98a873,0.015,32,LL,0855,41.9862,0.997363,4.115901,0.0,1.0,0.21875,0.78125,0,2.15,3.25,3.6,models/windowed_cnn_grid/32bit_a0.015/windowed_cnn_best.pt@e188a3e68949
matrix-20260918-025538-98a873,0.015,32,LL,0856,46.9595,0.997948,1.30957,0.0,1.0,0.25,0.75,0,2.26,3.38,3.58,models/windowed_cnn_grid/32bit_a0.015/windowed_cnn_best.pt@e188a3e68949
matrix-20260918-025538-98a873,0.015,32,LL,0857,41.8746,0.997295,4.223033,0.03125,0.96875,0.34375,0.65625,0,2.16,3.37,3.55,models/windowed_cnn_grid/32bit_a0.015/windowed_cnn_best.pt@e188a3e68949
matrix-20260918-025538-98a873,0.015,32,LL,0858,46.7937,0.9965,1.360524,0.0,1.0,0.40625,0.59375,0,2.17,3.29,3.56,models/windowed_cnn_grid/32bit_a0.015/windowed_cnn_best.pt@e188a3e68949
matrix-20260918-025538-98a873,0.015,32,LL,0859,40.3927,0.998505,5.940308,0.0,1.0,0.46875,0.53125,0,2.16,3.35,3.51,models/windowed_cnn_grid/32bit_a0.015/windowed_cnn_best.pt@e188a3e68949
matrix-20260918-025538-98a873,0.015,32,LL,0860,42.851,0.999079,3.372742,0.0625,0.9375,0.28125,0.71875,0,2.2,3.3,3.68,models/windowed_cnn_grid/32bit_a0.015/windowed_cnn_best.pt@e188a3e68949
matrix-20260918-025538-98a873,0.015,32,LL,0861,43.9035,0.997905,2.646876,0.125,0.875,0.21875,0.78125,0,2.18,3.32,3.57,models/windowed_cnn_grid/32bit_a0.015/windowed_cnn_best.pt@e188a3e68949
matrix-20260918-025538-98a873,0.015,32,LL,0862,40.8123,0.99728,5.393224,0.125,0.875,0.34375,0.65625,0,2.23,3.25,3.59,models/windowed_cnn_grid/32bit_a0.015/windowed_cnn_best.pt@e188a3e68949
matrix-20260918-025538-98a873,0.015,32,LL,0863,40.196,0.997543,6.215515,0.0625,0.9375,0.28125,0.71875,0,2.16,3.38,3.55,models/windowed_cnn_grid/32bit_a0.015/windowed_cnn_best.pt@e188a3e68949
matrix-20260918-025538-98a873,0.015,32,LL,0864,45.0299,0.99889,2.04216,0.0,1.0,0.40625,0.59375,0,2.17,3.33,3.55,models/windowed_cnn_grid/32bit_a0.015/windowed_cnn_best.pt@e188a3e68949
matrix-20260918-025538-98a873,0.015,32,LL,0865,42.1607,0.998756,3.953725,0.0,1.0,0.1875,0.8125,0,2.2,3.37,3.49,models/windowed_cnn_grid/32bit_a0.015/windowed_cnn_best.pt@e188a3e68949
matrix-20260918-025538-98a873,0.015,32,LL,0866,40.9814,0.998819,5.187261,0.0625,0.9375,0.28125,0.71875,0,2.17,3.28,3.63,models/windowed_cnn_grid/32bit_a0.015/windowed_cnn_best.pt@e188a3e68949
matrix-20260918-025538-98a873,0.015,32,LL,0867,43.2039,0.998901,3.109502,0.0,1.0,0.28125,0.71875,0,2.18,3.33,3.52,models/windowed_cnn_grid/32bit_a0.015/windowed_cnn_best.pt@e188a3e68949
matrix-20260918-025538-98a873,0.015,32,LL,0868,38.9439,0.999552,8.292506,0.0,1.0,0.25,0.75,0,2.12,3.19,3.46,models/windowed_cnn_grid/32bit_a0.015/windowed_cnn_best.pt@e188a3e68949
matrix-20260918-025538-98a873,0.015,32,LL,0869,41.6453,0.99806,4.451965,0.0625,0.9375,0.25,0.75,0,2.17,3.27,3.58,models/windowed_cnn_grid/32bit_a0.015/windowed_cnn_best.pt@e188a3e68949
matrix-20260918-025538-98a873,0.015,32,LL,0870,43.0937,0.999065,3.189428,0.125,0.875,0.25,0.75,0,2.2,3.4,3.65,models/windowed_cnn_grid/32bit_a0.015/windowed_cnn_best.pt@e188a3e68949
matrix-20260918-025538-98a873,0.015,32,LL,0871,41.66,0.998625,4.43693,0.0625,0.9375,0.34375,0.65625,0,2.25,3.28,3.58,models/windowed_cnn_grid/32bit_a0.015/windowed_cnn_best.pt@e188a3e68949
matrix-20260918-025538-98a873,0.015,32,LL,0872,41.2909,0.998983,4.83051,0.0,1.0,0.3125,0.6875,0,2.17,3.39,3.57,models/windowed_cnn_grid/32bit_a0.015/windowed_cnn_best.pt@e188a3e68949
matrix-20260918-025538-98a873,0.015,32,LL,0873,42.5785,0.998519,3.591125,0.09375,0.90625,0.25,0.75,0,2.24,3.28,3.6,models/windowed_cnn_grid/32bit_a0.015/windowed_cnn_best.pt@e188a3e68949
matrix-20260918-025538-98a873,0.015,32,LL,0874,40.8033,0.997902,5.404414,0.0,1.0,0.3125,0.6875,0,2.2,3.35,3.56,models/windowed_cnn_grid/32bit_a0.015/windowed_cnn_best.pt@e188a3e68949
matrix-20260918-025538-98a873,0.015,32,LL,0875,44.1921,0.999137,2.47671,0.1875,0.8125,0.34375,0.65625,0,2.24,3.29,3.55,models/windowed_cnn_grid/32bit_a0.015/windowed_cnn_best.pt@e188a3e68949
matrix-20260918-025538-98a873,0.015,32,LL,0876,47.6054,0.997309,1.128596,0.0625,0.9375,0.15625,0.84375,0,2.16,3.3,3.59,models/windowed_cnn_grid/32bit_a0.015/windowed_cnn_best.pt@e188a3e68949
matrix-20260918-025538-98a873,0.015,32,LL,0877,47.6662,0.9973,1.11292,0.0625,0.9375,0.21875,0.78125,0,2.17,3.25,3.57,models/windowed_cnn_grid/32bit_a0.015/windowed_cnn_best.pt@e188a3e68949
matrix-20260918-025538-98a873,0.015,32,LL,0878,40.8303,0.998903,5.370931,0.0625,0.9375,0.3125,0.6875,0,2.17,3.29,3.52,models/windowed_cnn_grid/32bit_a0.015/windowed_cnn_best.pt@e188a3e68949
matrix-20260918-025538-98a873,0.015,32,LL,0879,43.1227,0.996552,3.168172,0.0,1.0,0.4375,0.5625,0,2.15,3.29,3.61,models/windowed_cnn_grid/32bit_a0.015/windowed_cnn_best.pt@e188a3e68949
matrix-20260918-025538-98a873,0.015,32,LL,0880,42.646,0.997548,3.535726,0.03125,0.96875,0.125,0.875,0,2.16,3.38,3.52,models/windowed_cnn_grid/32bit_a0.015/windowed_cnn_best.pt@e188a3e68949
matrix-20260918-025538-98a873,0.015,32,LL,0881,40.8617,0.997597,5.332209,0.0,1.0,0.40625,0.59375,0,2.23,3.24,3.53,models/windowed_cnn_grid/32bit_a0.015/windowed_cnn_best.pt@e188a3e68949
matrix-20260918-025538-98a873,0.015,32,LL,0882,42.8095,0.997989,3.405141,0.0,1.0,0.25,0.75,0,2.18,3.25,3.53,models/windowed_cnn_grid/32bit_a0.015/windowed_cnn_best.pt@e188a3e68949
matrix-20260918-025538-98a873,0.015,32,LL,0883,41.9228,0.998414,4.176422,0.0,1.0,0.3125,0.6875,0,2.24,3.27,3.61,models/windowed_cnn_grid/32bit_a0.015/windowed_cnn_best.pt@e188a3e68949
matrix-20260918-025538-98a873,0.015,32,LL,0884,43.0026,0.99837,3.257014,0.03125,0.96875,0.21875,0.78125,0,2.18,3.42,3.67,models/windowed_cnn_grid/32bit_a0.015/windowed_cnn_best.pt@e188a3e68949
matrix-20260918-025538-98a873,0.015,32,LL,0885,44.3753,0.998258,2.374359,0.0625,0.9375,0.25,0.75,0,2.26,3.28,3.55,models/windowed_cnn_grid/32bit_a0.015/windowed_cnn_best.pt@e188a3e68949
matrix-20260918-025538-98a873,0.015,32,LL,0886,43.0471,0.995811,3.223831,0.0,1.0,0.40625,0.59375,0,2.16,3.36,3.54,models/windowed_cnn_grid/32bit_a0.015/windowed_cnn_best.pt@e188a3e68949
matrix-20260918-025538-98a873,0.015,32,LL,0887,41.6312,0.996683,4.466441,0.0625,0.9375,0.28125,0.71875,0,2.17,3.27,3.61,models/windowed_cnn_grid/32bit_a0.015/windowed_cnn_best.pt@e188a3e68949
matrix-20260918-025538-98a873,0.015,32,LL,0888,42.0708,0.998541,4.036438,0.0625,0.9375,0.34375,0.65625,0,2.17,3.34,3.55,models/windowed_cnn_grid/32bit_a0.015/windowed_cnn_best.pt@e188a3e68949
matrix-20260918-025538-98a873,0.015,32,LL,0889,41.5251,0.999033,4.576925,0.0625,0.9375,0.3125,0.6875,0,2.18,3.3,3.54,models/windowed_cnn_grid/32bit_a0.015/windowed_cnn_best.pt@e188a3e68949
matrix-20260918-025538-98a873,0.015,32,LL,0890,42.3326,0.9979,3.800293,0.09375,0.90625,0.4375,0.5625,0,2.15,3.4,3.55,models/windowed_cnn_grid/32bit_a0.015/windowed_cnn_best.pt@e188a3e68949
matrix-20260918-025538-98a873,0.015,32,LL,0891,41.6742,0.998614,4.422419,0.0,1.0,0.25,0.75,0,2.19,3.3,3.69,models/windowed_cnn_grid/32bit_a0.015/windowed_cnn_best.pt@e188a3e68949
matrix-20260918-025538-98a873,0.015,32,LL,0892,40.8081,0.999297,5.398509,0.125,0.875,0.21875,0.78125,0,2.21,3.4,3.55,models/windowed_cnn_grid/32bit_a0.015/windowed_cnn_best.pt@e188a3e68949
matrix-20260918-025538-98a873,0.015,32,LL,0893,44.5439,0.997258,2.283966,0.0,1.0,0.3125,0.6875,0,2.21,3.26,3.68,models/windowed_cnn_grid/32bit_a0.015/windowed_cnn_best.pt@e188a3e68949
matrix-20260918-025538-98a873,0.015,32,LL,0894,39.5481,0.997677,7.215495,0.0,1.0,0.1875,0.8125,0,2.17,3.4,3.66,models/windowed_cnn_grid/32bit_a0.015/windowed_cnn_best.pt@e188a3e68949
matrix-20260918-025538-98a873,0.015,32,LL,0895,43.295,0.998619,3.044978,0.0625,0.9375,0.25,0.75,0,2.26,3.32,3.63,models/windowed_cnn_grid/32bit_a0.015/windowed_cnn_best.pt@e188a3e68949
matrix-20260918-025538-98a873,0.015,32,LL,0896,38.081,0.99379,10.115453,0.0,1.0,0.28125,0.71875,0,2.15,3.28,3.54,models/windowed_cnn_grid/32bit_a0.015/windowed_cnn_best.pt@e188a3e68949
matrix-20260918-025538-98a873,0.015,32,LL,0897,44.1481,0.999415,2.501887,0.09375,0.90625,0.1875,0.8125,0,2.22,3.34,3.6,models/windowed_cnn_grid/32bit_a0.015/windowed_cnn_best.pt@e188a3e68949
matrix-20260918-025538-98a873,0.015,32,LL,0898,41.8045,0.996126,4.291662,0.125,0.875,0.25,0.75,0,2.14,3.31,3.55,models/windowed_cnn_grid/32bit_a0.015/windowed_cnn_best.pt@e188a3e68949
matrix-20260918-025538-98a873,0.015,32,LL,0899,43.7868,0.997382,2.718938,0.1875,0.8125,0.3125,0.6875,0,2.23,3.37,3.58,models/windowed_cnn_grid/32bit_a0.015/windowed_cnn_best.pt@e188a3e68949
matrix-20260918-025538-98a873,0.015,32,LL,0900,45.2188,0.992727,1.955226,0.0,1.0,0.40625,0.59375,0,2.18,3.39,3.54,models/windowed_cnn_grid/32bit_a0.015/windowed_cnn_best.pt@e188a3e68949
matrix-20260918-025538-98a873,0.015,64,LL,0801,41.5905,0.998979,4.508504,0.046875,0.953125,0.28125,0.71875,0,2.19,3.29,4.48,models/windowed_cnn_grid/64bit_a0.015/windowed_cnn_best.pt@cf71fdb33c06
matrix-20260918-025538-98a873,0.015,64,LL,0802,43.2661,0.991885,3.065303,0.0,1.0,0.3125,0.6875,0,2.18,3.23,4.43,models/windowed_cnn_grid/64bit_a0.015/windowed_cnn_best.pt@cf71fdb33c06
matrix-20260918-025538-98a873,0.015,64,LL,0803,41.2817,0.997534,4.840714,0.015625,0.984375,0.28125,0.71875,0,2.18,3.25,4.46,models/windowed_cnn_grid/64bit_a0.015/windowed_cnn_best.pt@cf71fdb33c06
matrix-20260918-025538-98a873,0.015,64,LL,0804,40.8013,0.998639,5.406921,0.0625,0.9375,0.234375,0.765625,0,2.2,3.25,4.51,models/windowed_cnn_grid/64bit_a0.015/windowed_cnn_best.pt@cf71fdb33c06
matrix-20260918-025538-98a873,0.015,64,LL,0805,40.4363,0.998531,5.880936,0.09375,0.90625,0.34375,0.65625,0,2.19,3.27,4.43,models/windowed_cnn_grid/64bit_a0.015/windowed_cnn_best.pt@cf71fdb33c06
matrix-20260918-025538-98a873,0.015,64,LL,0806,41.8358,0.99205,4.26091,0.0625,0.9375,0.203125,0.796875,0,2.16,3.41,4.4,models/windowed_cnn_grid/64bit_a0.015/windowed_cnn_best.pt@cf71fdb33c06
matrix-20260918-025538-98a873,0.015,64,LL,0807,43.59,0.996253,2.845006,0.078125,0.921875,0.203125,0.796875,0,2.17,3.33,4.44,models/windowed_cnn_grid/64bit_a0.015/windowed_cnn_best.pt@cf71fdb33c06
matrix-20260918-025538-98a873,0.015,64,LL,0808,44.2484,0.996411,2.444773,0.0,1.0,0.25,0.75,0,2.15,3.23,4.48,models/windowed_cnn_grid/64bit_a0.015/windowed_cnn_best.pt@cf71fdb33c06
matrix-20260918-025538-98a873,0.015,64,LL,0809,42.0397,0.998704,4.06544,0.078125,0.921875,0.3125,0.6875,0,2.17,3.37,4.48,models/windowed_cnn_grid/64bit_a0.015/windowed_cnn_best.pt@cf71fdb33c06
matrix-20260918-025538-98a873,0.015,64,LL,0810,42.3447,0.997963,3.789749,0.0,1.0,0.21875,0.78125,0,2.22,3.28,4.44,models/windowed_cnn_grid/64bit_a0.015/windowed_cnn_best.pt@cf71fdb33c06
matrix-20260918-025538-98a873,0.015,64,LL,0811,44.6414,0.997336,2.233256,0.125,0.875,0.328125,0.671875,0,2.18,3.31,4.43,models/windowed_cnn_grid/64bit_a0.015/windowed_cnn_best.pt@cf71fdb33c06
matrix-20260918-025538-98a873,0.015,64,LL,0812,42.1115,0.997792,3.998795,0.09375,0.90625,0.296875,0.703125,0,2.16,3.29,4.5,models/windowed_cnn_grid/64bit_a0.015/windowed_cnn_best.pt@cf71fdb33c06
matrix-20260918-025538-98a873,0.015,64,LL,0813,41.3361,0.996911,4.780467,0.0625,0.9375,0.25,0.75,0,2.22,3.26,4.42,models/windowed_cnn_grid/64bit_a0.015/windowed_cnn_best.pt@cf71fdb33c06
matrix-20260918-025538-98a873,0.015,64,LL,0814,44.8788,0.998259,2.114466,0.046875,0.953125,0.328125,0.671875,0,2.15,3.27,4.48,models/windowed_cnn_grid/64bit_a0.015/windowed_cnn_best.pt@cf71fdb33c06
matrix-20260918-025538-98a873,0.015,64,LL,0815,43.5627,0.998496,2.862946,0.03125,0.96875,0.1875,0.8125,0,2.23,3.29,4.48,models/windowed_cnn_grid/64bit_a0.015/windowed_cnn_best.pt@cf71fdb33c06
matrix-20260918-025538-98a873,0.015,64,LL,0816,40.9827,0.998043,5.185776,0.046875,0.953125,0.296875,0.703125,0,2.16,3.34,4.41,models/windowed_cnn_grid/64bit_a0.015/windowed_cnn_best.pt@cf71fdb33c06
matrix-20260918-025538-98a873,0.015,64,LL,0817,41.7153,0.998053,4.380732,0.0625,0.9375,0.28125,0.71875,0,2.19,3.31,4.41,models/windowed_cnn_grid/64bit_a0.015/windowed_cnn_best.pt@cf71fdb33c06
matrix-20260918-025538-98a873,0.015,64,LL,0818,40.1558,0.99724,6.273427,0.03125,0.96875,0.203125,0.796875,0,2.17,3.28,4.45,models/windowed_cnn_grid/64bit_a0.015/windowed_cnn_best.pt@cf71fdb33c06
matrix-20260918-025538-98a873,0.015,64,LL,0819,42.1807,0.998467,3.935633,0.078125,0.921875,0.28125,0.71875,0,2.22,3.27,4.47,models/windowed_cnn_grid/64bit_a0.015/windowed_cnn_best.pt@cf71fdb33c06
matrix-20260918-025538-98a873,0.015,64,LL,0820,40.8184,0.998629,5.38562,0.0625,0.9375,0.28125,0.71875,0,2.23,3.32,4.54,models/windowed_cnn_grid/64bit_a0.015/windowed_cnn_best.pt@cf71fdb33c06
matrix-20260918-025538-98a873,0.015,64,LL,0821,43.3383,0.998015,3.01472,0.140625,0.859375,0.34375,0.65625,0,2.18,3.31,4.51,models/windowed_cnn_grid/64bit_a0.015/windowed_cnn_best.pt@cf71fdb33c06
matrix-20260918-025538-98a873,0.015,64,LL,0822,44.7775,0.998771,2.164373,0.078125,0.921875,0.328125,0.671875,0,2.26,3.29,4.48,models/windowed_cnn_grid/64bit_a0.015/windowed_cnn_best.pt@cf71fdb33c06
matrix-20260918-025538-98a873,0.015,64,LL,0823,40.8005,0.991199,5.407873,0.015625,0.984375,0.234375,0.765625,0,2.18,3.26,4.5,models/windowed_cnn_grid/64bit_a0.015/windowed_cnn_best.pt@cf71fdb33c06
matrix-20260918-025538-98a873,0.015,64,LL,0824,41.3174,0.998012,4.801117,0.0625,0.9375,0.21875,0.78125,0,2.16,3.36,4.52,models/windowed_cnn_grid/64bit_a0.015/windowed_cnn_best.pt@cf71fdb33c06
matrix-20260918-025538-98a873,0.015,64,LL,0825,41.7688,0.998607,4.327164,0.0,1.0,0.1875,0.8125,0,2.18,3.27,4.46,models/windowed_cnn_grid/64bit_a0.015/windowed_cnn_best.pt@cf71fdb33c06
matrix-20260918-025538-98a873,0.015,64,LL,0826,41.2467,0.996756,4.879878,0.09375,0.90625,0.34375,0.65625,0,2.23,3.27,4.49,models/windowed_cnn_grid/64bit_a0.015/windowed_cnn_best.pt@cf71fdb33c06
matrix-20260918-025538-98a873,0.015,64,LL,0827,49.438,0.997011,0.740082,0.09375,0.90625,0.1875,0.8125,0,2.19,3.33,4.46,models/windowed_cnn_grid/64bit_a0.015/windowed_cnn_best.pt@cf71fdb33c06
matrix-20260918-025538-98a873,0.015,64,LL,0828,47.6848,0.991765,1.108149,0.09375,0.90625,0.3125,0.6875,0,2.2,3.36,4.54,models/windowed_cnn_grid/64bit_a0.015/windowed_cnn_best.pt@cf71fdb33c06
matrix-20260918-025538-98a873,0.015,64,LL,0829,43.338,0.996786,3.014933,0.078125,0.921875,0.265625,0.734375,0,2.14,3.32,4.45,models/windowed_cnn_grid/64bit_a0.015/windowed_cnn_best.pt@cf71fdb33c06
matrix-20260918-025538-98a873,0.015,64,LL,0830,41.3977,0.997036,4.713175,0.09375,0.90625,0.21875,0.78125,0,2.17,3.28,4.49,models/windowed_cnn_grid/64bit_a0.015/windowed_cnn_best.pt@cf71fdb33c06
matrix-20260918-025538-98a873,0.015,64,LL,0831,44.1546,0.998166,2.498174,0.078125,0.921875,0.234375,0.765625,0,2.16,3.35,4.49,models/windowed_cnn_grid/64bit_a0.015/windowed_cnn_best.pt@cf71fdb33c06
matrix-20260918-025538-98a873,0.015,64,LL,0832,42.6702,0.99806,3.516093,0.03125,0.96875,0.140625,0.859375,0,2.23,3.3,4.47,models/windowed_cnn_grid/64bit_a0.015/windowed_cnn_best.pt@cf71fdb33c06
matrix-20260918-025538-98a873,0.015,64,LL,0833,38.9672,0.998654,8.248133,0.0,1.0,0.28125,0.71875,0,2.11,3.29,4.48,models/windowed_cnn_grid/64bit_a0.015/windowed_cnn_best.pt@cf71fdb33c06
matrix-20260918-025538-98a873,0.015,64,LL,0834,40.7916,0.997249,5.419001,0.0625,0.9375,0.265625,0.734375,0,2.21,3.25,4.51,models/windowed_cnn_grid/64bit_a0.015/windowed_cnn_best.pt@cf71fdb33c06
matrix-20260918-025538-98a873,0.015,64,LL,0835,43.618,0.998115,2.826691,0.09375,0.90625,0.203125,0.796875,0,2.17,3.37,4.47,models/windowed_cnn_grid/64bit_a0.015/windowed_cnn_best.pt@cf71fdb33c06
matrix-20260918-025538-98a873,0.015,64,LL,0836,40.1505,0.998283,6.28097,0.078125,0.921875,0.3125,0.6875,0,2.23,3.27,4.38,models/windowed_cnn_grid/64bit_a0.015/windowed_cnn_best.pt@cf71fdb33c06
matrix-20260918-025538-98a873,0.015,64,LL,0837,43.9754,0.998682,2.603404,0.03125,0.96875,0.203125,0.796875,0,2.18,3.34,4.47,models/windowed_cnn_grid/64bit_a0.015/windowed_cnn_best.pt@cf71fdb33c06
matrix-20260918-025538-98a873,0.015,64,LL,0838,43.1474,0.996612,3.150213,0.03125,0.96875,0.34375,0.65625,0,2.16,3.27,4.45,models/windowed_cnn_grid/64bit_a0.015/windowed_cnn_best.pt@cf71fdb33c06
matrix-20260918-025538-98a873,0.015,64,LL,0839,44.8627,0.984629,2.12234,0.0,1.0,0.3125,0.6875,0,2.13,3.21,4.42,models/windowed_cnn_grid/64bit_a0.015/windowed_cnn_best.pt@cf71fdb33c06
matrix-20260918-025538-98a873,0.015,64,LL,0840,45.1917,0.998797,1.967458,0.0625,0.9375,0.15625,0.84375,0,2.24,3.28,4.49,models/windowed_cnn_grid/64bit_a0.015/windowed_cnn_best.pt@cf71fdb33c06
matrix-20260918-025538-98a873,0.015,64,LL,0841,45.5206,0.997464,1.82398,0.15625,0.84375,0.265625,0.734375,0,2.16,3.28,4.46,models/windowed_cnn_grid/64bit_a0.015/windowed_cnn_best.pt@cf71fdb33c06
matrix-20260918-025538-98a873,0.015,64,LL,0842,39.4972,0.997837,7.300629,0.03125,0.96875,0.28125,0.71875,0,2.18,3.37,4.44,models/windowed_cnn_grid/64bit_a0.015/windowed_cnn_best.pt@cf71fdb33c06
matrix-20260918-025538-98a873,0.015,64,LL,0843,49.3984,0.999074,0.746857,0.171875,0.828125,0.484375,0.515625,0,1.82,2.6,4.22,models/windowed_cnn_grid/64bit_a0.015/windowed_cnn_best.pt@cf71fdb33c06
matrix-20260918-025538-98a873,0.015,64,LL,0844,38.4783,0.996372,9.230993,0.03125,0.96875,0.203125,0.796875,0,2.15,3.29,4.43,models/windowed_cnn_grid/64bit_a0.015/windowed_cnn_best.pt@cf71fdb33c06
matrix-20260918-025538-98a873,0.015,64,LL,0845,39.7807,0.998239,6.839228,0.046875,0.953125,0.265625,0.734375,0,2.16,3.29,4.43,models/windowed_cnn_grid/64bit_a0.015/windowed_cnn_best.pt@cf71fdb33c06
matrix-20260918-025538-98a873,0.015,64,LL,0846,42.2328,0.99861,3.888631,0.03125,0.96875,0.28125,0.71875,0,2.22,3.25,4.49,models/windowed_cnn_grid/64bit_a0.015/windowed_cnn_best.pt@cf71fdb33c06
matrix-20260918-025538-98a873,0.015,64,LL,0847,41.2029,0.997615,4.929377,0.0,1.0,0.25,0.75,0,2.17,3.4,4.45,models/windowed_cnn_grid/64bit_a0.015/windowed_cnn_best.pt@cf71fdb33c06
matrix-20260918-025538-98a873,0.015,64,LL,0848,42.4776,0.993936,3.675527,0.03125,0.96875,0.171875,0.828125,0,2.23,3.3,4.45,models/windowed_cnn_grid/64bit_a0.015/windowed_cnn_best.pt@cf71fdb33c06
matrix-20260918-025538-98a873,0.015,64,LL,0849,42.2904,0.99915,3.837397,0.109375,0.890625,0.15625,0.84375,0,2.18,3.46,4.42,models/windowed_cnn_grid/64bit_a0.015/windowed_cnn_best.pt@cf71fdb33c06
matrix-20260918-025538-98a873,0.015,64,LL,0850,42.4526,0.998116,3.696747,0.09375,0.90625,0.25,0.75,0,2.22,3.28,4.49,models/windowed_cnn_grid/64bit_a0.015/windowed_cnn_best.pt@cf71fdb33c06
matrix-20260918-025538-98a873,0.015,64,LL,0851,45.7361,0.983385,1.735677,0.03125,0.96875,0.234375,0.765625,0,2.19,3.31,4.47,models/windowed_cnn_grid/64bit_a0.015/windowed_cnn_best.pt@cf71fdb33c06
matrix-20260918-025538-98a873,0.015,64,LL,0852,51.5414,0.995364,0.455978,0.046875,0.953125,0.21875,0.78125,0,2.23,3.26,4.52,models/windowed_cnn_grid/64bit_a0.015/windowed_cnn_best.pt@cf71fdb33c06
matrix-20260918-025538-98a873,0.015,64,LL,0853,45.0606,0.996345,2.027761,0.015625,0.984375,0.265625,0.734375,0,2.14,3.34,4.47,models/windowed_cnn_grid/64bit_a0.015/windowed_cnn_best.pt@cf71fdb33c06
matrix-20260918-025538-98a873,0.015,64,LL,0854,41.1105,0.997787,5.035314,0.125,0.875,0.28125,0.71875,0,2.23,3.29,4.48,models/windowed_cnn_grid/64bit_a0.015/windowed_cnn_best.pt@cf71fdb33c06
matrix-20260918-025538-98a873,0.015,64,LL,0855,41.8944,0.996827,4.203766,0.046875,0.953125,0.28125,0.71875,0,2.14,3.33,4.46,models/windowed_cnn_grid/64bit_a0.015/windowed_cnn_best.pt@cf71fdb33c06
matrix-20260918-025538-98a873,0.015,64,LL,0856,46.9484,0.99793,1.312927,0.03125,0.96875,0.25,0.75,0,2.25,3.31,4.44,models/windowed_cnn_grid/64bit_a0.015/windowed_cnn_best.pt@cf71fdb33c06
matrix-20260918-025538-98a873,0.015,64,LL,0857,41.8672,0.997338,4.230204,0.03125,0.96875,0.15625,0.84375,0,2.15,3.23,4.34,models/windowed_cnn_grid/64bit_a0.015/windowed_cnn_best.pt@cf71fdb33c06
matrix-20260918-025538-98a873,0.015,64,LL,0858,46.8148,0.997298,1.353928,0.09375,0.90625,0.25,0.75,0,2.18,3.33,4.44,models/windowed_cnn_grid/64bit_a0.015/windowed_cnn_best.pt@cf71fdb33c06
matrix-20260918-025538-98a873,0.015,64,LL,0859,40.2764,0.998365,6.101501,0.0625,0.9375,0.171875,0.828125,0,2.22,3.28,4.47,models/windowed_cnn_grid/64bit_a0.015/windowed_cnn_best.pt@cf71fdb33c06
matrix-20260918-025538-98a873,0.015,64,LL,0860,42.8098,0.998871,3.404872,0.0625,0.9375,0.234375,0.765625,0,2.18,3.29,4.45,models/windowed_cnn_grid/64bit_a0.015/windowed_cnn_best.pt@cf71fdb33c06
matrix-20260918-025538-98a873,0.015,64,LL,0861,43.8721,0.997462,2.666092,0.0625,0.9375,0.28125,0.71875,0,2.16,3.37,4.44,models/windowed_cnn_grid/64bit_a0.015/windowed_cnn_best.pt@cf71fdb33c06
matrix-20260918-025538-98a873,0.015,64,LL,0862,40.7379,0.997307,5.486415,0.09375,0.90625,0.3125,0.6875,0,2.22,3.27,4.47,models/windowed_cnn_grid/64bit_a0.015/windowed_cnn_best.pt@cf71fdb33c06
matrix-20260918-025538-98a873,0.015,64,LL,0863,40.2447,0.997421,6.146255,0.09375,0.90625,0.234375,0.765625,0,2.14,3.35,4.5,models/windowed_cnn_grid/64bit_a0.015/windowed_cnn_best.pt@cf71fdb33c06
matrix-20260918-025538-98a873,0.015,64,LL,0864,44.9545,0.998689,2.077906,0.03125,0.96875,0.34375,0.65625,0,2.16,3.29,4.52,models/windowed_cnn_grid/64bit_a0.015/windowed_cnn_best.pt@cf71fdb33c06
matrix-20260918-025538-98a873,0.015,64,LL,0865,42.1339,0.99876,3.978271,0.078125,0.921875,0.234375,0.765625,0,2.15,3.25,5.27,models/windowed_cnn_grid/64bit_a0.015/windowed_cnn_best.pt@cf71fdb33c06
matrix-20260918-025538-98a873,0.015,64,LL,0866,41.1531,0.998864,4.986247,0.109375,0.890625,0.234375,0.765625,0,2.28,3.27,4.49,models/windowed_cnn_grid/64bit_a0.015/windowed_cnn_best.pt@cf71fdb33c06
matrix-20260918-025538-98a873,0.015,64,LL,0867,43.1882,0.998874,3.120763,0.09375,0.90625,0.3125,0.6875,0,2.18,3.27,4.5,models/windowed_cnn_grid/64bit_a0.015/windowed_cnn_best.pt@cf71fdb33c06
matrix-20260918-025538-98a873,0.015,64,LL,0868,37.9109,0.998839,10.519302,0.078125,0.921875,0.46875,0.53125,0,2.12,3.18,4.39,models/windowed_cnn_grid/64bit_a0.015/windowed_cnn_best.pt@cf71fdb33c06
matrix-20260918-025538-98a873,0.015,64,LL,0869,41.6437,0.997884,4.453593,0.109375,0.890625,0.265625,0.734375,0,2.15,3.25,4.45,models/windowed_cnn_grid/64bit_a0.015/windowed_cnn_best.pt@cf71fdb33c06
matrix-20260918-025538-98a873,0.015,64,LL,0870,43.0852,0.99895,3.195648,0.03125,0.96875,0.265625,0.734375,0,2.16,3.33,4.48,models/windowed_cnn_grid/64bit_a0.015/windowed_cnn_best.pt@cf71fdb33c06
matrix-20260918-025538-98a873,0.015,64,LL,0871,41.6436,0.998577,4.453725,0.09375,0.90625,0.25,0.75,0,2.17,3.27,4.57,models/windowed_cnn_grid/64bit_a0.015/windowed_cnn_best.pt@cf71fdb33c06
matrix-20260918-025538-98a873,0.015,64,LL,0872,41.2643,0.998939,4.860102,0.0,1.0,0.28125,0.71875,0,2.23,3.35,4.51,models/windowed_cnn_grid/64bit_a0.015/windowed_cnn_best.pt@cf71fdb33c06
matrix-20260918-025538-98a873,0.015,64,LL,0873,42.5534,0.998484,3.611944,0.0625,0.9375,0.25,0.75,0,2.19,3.31,4.46,models/windowed_cnn_grid/64bit_a0.015/windowed_cnn_best.pt@cf71fdb33c06
matrix-20260918-025538-98a873,0.015,64,LL,0874,40.8073,0.998024,5.399495,0.0625,0.9375,0.203125,0.796875,0,2.18,3.37,4.44,models/windowed_cnn_grid/64bit_a0.015/windowed_cnn_best.pt@cf71fdb33c06
matrix-20260918-025538-98a873,0.015,64,LL,0875,44.1538,0.999119,2.498601,0.109375,0.890625,0.265625,0.734375,0,2.19,3.31,4.56,models/windowed_cnn_grid/64bit_a0.015/windowed_cnn_best.pt@cf71fdb33c06
matrix-20260918-025538-98a873,0.015,64,LL,0876,47.2637,0.997627,1.220998,0.09375,0.90625,0.203125,0.796875,0,2.17,3.34,4.51,models/windowed_cnn_grid/64bit_a0.015/windowed_cnn_best.pt@cf71fdb33c06
matrix-20260918-025538-98a873,0.015,64,LL,0877,47.5182,0.997188,1.151494,0.171875,0.828125,0.28125,0.71875,0,2.17,3.25,4.46,models/windowed_cnn_grid/64bit_a0.015/windowed_cnn_best.pt@cf71fdb33c06
matrix-20260918-025538-98a873,0.015,64,LL,0878,40.7979,0.99886,5.411123,0.109375,0.890625,0.171875,0.828125,0,2.22,3.38,4.55,models/windowed_cnn_grid/64bit_a0.015/windowed_cnn_best.pt@cf71fdb33c06
matrix-20260918-025538-98a873,0.015,64,LL,0879,43.2312,0.99692,3.090007,0.078125,0.921875,0.296875,0.703125,0,2.22,3.23,4.49,models/windowed_cnn_grid/64bit_a0.015/windowed_cnn_best.pt@cf71fdb33c06
matrix-20260918-025538-98a873,0.015,64,LL,0880,42.8758,0.997748,3.35349,0.03125,0.96875,0.3125,0.6875,0,2.17,3.37,4.43,models/windowed_cnn_grid/64bit_a0.015/windowed_cnn_best.pt@cf71fdb33c06
matrix-20260918-025538-98a873,0.015,64,LL,0881,40.727,0.997755,5.50027,0.0625,0.9375,0.203125,0.796875,0,2.17,3.24,4.45,models/windowed_cnn_grid/64bit_a0.015/windowed_cnn_best.pt@cf71fdb33c06
matrix-20260918-025538-98a873,0.015,64,LL,0882,42.9981,0.997872,3.260366,0.09375,0.90625,0.140625,0.859375,0,2.16,3.25,4.48,models/windowed_cnn_grid/64bit_a0.015/windowed_cnn_best.pt@cf71fdb33c06
matrix-20260918-025538-98a873,0.015,64,LL,0883,41.8997,0.998295,4.19869,0.125,0.875,0.109375,0.890625,0,2.18,3.29,4.5,models/windowed_cnn_grid/64bit_a0.015/windowed_cnn_best.pt@cf71fdb33c06
matrix-20260918-025538-98a873,0.015,64,LL,0884,43.0626,0.998673,3.212311,0.03125,0.96875,0.203125,0.796875,0,2.17,3.27,4.49,models/windowed_cnn_grid/64bit_a0.015/windowed_cnn_best.pt@cf71fdb33c06
matrix-20260918-025538-98a873,0.015,64,LL,0885,44.2644,0.99813,2.435811,0.0625,0.9375,0.21875,0.78125,0,2.19,3.3,4.45,models/windowed_cnn_grid/64bit_a0.015/windowed_cnn_best.pt@cf71fdb33c06
matrix-20260918-025538-98a873,0.015,64,LL,0886,43.0236,0.994972,3.241338,0.09375,0.90625,0.1875,0.8125,0,2.15,3.24,4.45,models/windowed_cnn_grid/64bit_a0.015/windowed_cnn_best.pt@cf71fdb33c06
matrix-20260918-025538-98a873,0.015,64,LL,0887,41.6091,0.996421,4.489227,0.046875,0.953125,0.21875,0.78125,0,2.16,3.31,4.5,models/windowed_cnn_grid/64bit_a0.015/windowed_cnn_best.pt@cf71fdb33c06
matrix-20260918-025538-98a873,0.015,64,LL,0888,42.0557,0.998358,4.050517,0.09375,0.90625,0.203125,0.796875,0,2.19,3.26,4.53,models/windowed_cnn_grid/64bit_a0.015/windowed_cnn_best.pt@cf71fdb33c06
matrix-20260918-025538-98a873,0.015,64,LL,0889,41.5145,0.998766,4.58812,0.0625,0.9375,0.25,0.75,0,2.16,3.33,4.56,models/windowed_cnn_grid/64bit_a0.015/windowed_cnn_best.pt@cf71fdb33c06
matrix-20260918-025538-98a873,0.015,64,LL,0890,42.2054,0.998082,3.913269,0.046875,0.953125,0.296875,0.703125,0,2.17,3.36,4.42,models/windowed_cnn_grid/64bit_a0.015/windowed_cnn_best.pt@cf71fdb33c06
matrix-20260918-025538-98a873,0.015,64,LL,0891,41.644,0.998287,4.453308,0.0,1.0,0.171875,0.828125,0,2.21,3.31,4.46,models/windowed_cnn_grid/64bit_a0.015/windowed_cnn_best.pt@cf71fdb33c06
matrix-20260918-025538-98a873,0.015,64,LL,0892,40.7717,0.999256,5.443939,0.078125,0.921875,0.3125,0.6875,0,2.2,3.35,4.5,models/windowed_cnn_grid/64bit_a0.015/windowed_cnn_best.pt@cf71fdb33c06
matrix-20260918-025538-98a873,0.015,64,LL,0893,44.5228,0.997282,2.295115,0.046875,0.953125,0.21875,0.78125,0,2.22,3.28,4.41,models/windowed_cnn_grid/64bit_a0.015/windowed_cnn_best.pt@cf71fdb33c06
matrix-20260918-025538-98a873,0.015,64,LL,0894,39.3904,0.997637,7.482432,0.078125,0.921875,0.34375,0.65625,0,2.17,3.28,4.5,models/windowed_cnn_grid/64bit_a0.015/windowed_cnn_best.pt@cf71fdb33c06
matrix-20260918-025538-98a873,0.015,64,LL,0895,43.2604,0.998367,3.06929,0.046875,0.953125,0.203125,0.796875,0,2.18,3.29,4.47,models/windowed_cnn_grid/64bit_a0.015/windowed_cnn_best.pt@cf71fdb33c06
matrix-20260918-025538-98a873,0.015,64,LL,0896,37.9498,0.994127,10.425471,0.0,1.0,0.265625,0.734375,0,2.16,3.22,4.4,models/windowed_cnn_grid/64bit_a0.015/windowed_cnn_best.pt@cf71fdb33c06
matrix-20260918-025538-98a873,0.015,64,LL,0897,44.1511,0.999443,2.500188,0.171875,0.828125,0.203125,0.796875,0,2.19,3.4,4.63,models/windowed_cnn_grid/64bit_a0.015/windowed_cnn_best.pt@cf71fdb33c06
matrix-20260918-025538-98a873,0.015,64,LL,0898,41.5069,0.996123,4.59609,0.0,1.0,0.296875,0.703125,0,2.23,3.21,4.48,models/windowed_cnn_grid/64bit_a0.015/windowed_cnn_best.pt@cf71fdb33c06
matrix-20260918-025538-98a873,0.015,64,LL,0899,43.7179,0.997431,2.762436,0.140625,0.859375,0.3125,0.6875,0,2.19,3.33,4.45,models/windowed_cnn_grid/64bit_a0.015/windowed_cnn_best.pt@cf71fdb33c06
matrix-20260918-025538-98a873,0.015,64,LL,0900,45.1327,0.99535,1.994395,0.109375,0.890625,0.265625,0.734375,0,2.22,3.3,4.47,models/windowed_cnn_grid/64bit_a0.015/windowed_cnn_best.pt@cf71fdb33c06
matrix-20260918-025538-98a873,0.015,128,LL,0801,41.5768,0.998903,4.522736,0.085938,0.914062,0.257812,0.742188,0,2.19,3.31,6.2,models/windowed_cnn_grid/128bit_a0.015/windowed_cnn_best.pt@63001e544de6
matrix-20260918-025538-98a873,0.015,128,LL,0802,43.2794,0.987563,3.055893,0.0625,0.9375,0.242188,0.757812,0,2.16,3.27,6.24,models/windowed_cnn_grid/128bit_a0.015/windowed_cnn_best.pt@63001e544de6
matrix-20260918-025538-98a873,0.015,128,LL,0803,41.3358,0.997575,4.780757,0.140625,0.859375,0.398438,0.601562,0,2.18,3.32,6.21,models/windowed_cnn_grid/128bit_a0.015/windowed_cnn_best.pt@63001e544de6
matrix-20260918-025538-98a873,0.015,128,LL,0804,40.8557,0.9987,5.339564,0.09375,0.90625,0.296875,0.703125,0,2.17,3.31,6.21,models/windowed_cnn_grid/128bit_a0.015/windowed_cnn_best.pt@63001e544de6
matrix-20260918-025538-98a873,0.015,128,LL,0805,40.5216,0.997001,5.766658,0.226562,0.773438,0.335938,0.664062,0,2.16,3.28,6.22,models/windowed_cnn_grid/128bit_a0.015/windowed_cnn_best.pt@63001e544de6
matrix-20260918-025538-98a873,0.015,128,LL,0806,41.8193,0.992277,4.27712,0.140625,0.859375,0.328125,0.671875,0,2.15,3.29,6.22,models/windowed_cnn_grid/128bit_a0.015/windowed_cnn_best.pt@63001e544de6
matrix-20260918-025538-98a873,0.015,128,LL,0807,43.7435,0.996801,2.746195,0.117188,0.882812,0.273438,0.726562,0,2.22,3.36,6.31,models/windowed_cnn_grid/128bit_a0.015/windowed_cnn_best.pt@63001e544de6
matrix-20260918-025538-98a873,0.015,128,LL,0808,43.6304,0.995978,2.81867,0.140625,0.859375,0.34375,0.65625,0,2.14,3.24,6.16,models/windowed_cnn_grid/128bit_a0.015/windowed_cnn_best.pt@63001e544de6
matrix-20260918-025538-98a873,0.015,128,LL,0809,41.873,0.998663,4.224579,0.140625,0.859375,0.203125,0.796875,0,2.19,3.34,6.23,models/windowed_cnn_grid/128bit_a0.015/windowed_cnn_best.pt@63001e544de6
matrix-20260918-025538-98a873,0.015,128,LL,0810,42.2955,0.997838,3.832962,0.109375,0.890625,0.234375,0.765625,0,2.17,3.27,6.27,models/windowed_cnn_grid/128bit_a0.015/windowed_cnn_best.pt@63001e544de6
matrix-20260918-025538-98a873,0.015,128,LL,0811,44.553,0.997773,2.279205,0.140625,0.859375,0.296875,0.703125,0,2.23,3.31,6.28,models/windowed_cnn_grid/128bit_a0.015/windowed_cnn_best.pt@63001e544de6
matrix-20260918-025538-98a873,0.015,128,LL,0812,42.1732,0.997602,3.942408,0.140625,0.859375,0.195312,0.804688,0,2.17,3.38,6.27,models/windowed_cnn_grid/128bit_a0.015/windowed_cnn_best.pt@63001e544de6
matrix-20260918-025538-98a873,0.015,128,LL,0813,41.3548,0.996923,4.759898,0.101562,0.898438,0.21875,0.78125,0,2.19,3.3,6.3,models/windowed_cnn_grid/128bit_a0.015/windowed_cnn_best.pt@63001e544de6
matrix-20260918-025538-98a873,0.015,128,LL,0814,45.2237,0.998242,1.953039,0.21875,0.78125,0.414062,0.585938,0,2.16,3.23,6.16,models/windowed_cnn_grid/128bit_a0.015/windowed_cnn_best.pt@63001e544de6
matrix-20260918-025538-98a873,0.015,128,LL,0815,43.5587,0.998459,2.865565,0.132812,0.867188,0.273438,0.726562,0,2.18,3.27,6.18,models/windowed_cnn_grid/128bit_a0.015/windowed_cnn_best.pt@63001e544de6
matrix-20260918-025538-98a873,0.015,128,LL,0816,40.983,0.998058,5.18541,0.210938,0.789062,0.28125,0.71875,0,2.24,3.29,6.31,models/windowed_cnn_grid/128bit_a0.015/windowed_cnn_best.pt@63001e544de6
matrix-20260918-025538-98a873,0.015,128,LL,0817,41.715,0.998025,4.381027,0.117188,0.882812,0.28125,0.71875,0,2.2,3.32,6.21,models/windowed_cnn_grid/128bit_a0.015/windowed_cnn_best.pt@63001e544de6
matrix-20260918-025538-98a873,0.015,128,LL,0818,40.1404,0.997075,6.295624,0.164062,0.835938,0.34375,0.65625,0,2.13,3.33,6.26,models/windowed_cnn_grid/128bit_a0.015/windowed_cnn_best.pt@63001e544de6
matrix-20260918-025538-98a873,0.015,128,LL,0819,42.1897,0.998502,3.927409,0.140625,0.859375,0.320312,0.679688,0,2.18,3.33,6.19,models/windowed_cnn_grid/128bit_a0.015/windowed_cnn_best.pt@63001e544de6
matrix-20260918-025538-98a873,0.015,128,LL,0820,40.7456,0.998727,5.476705,0.117188,0.882812,0.226562,0.773438,0,2.18,3.35,6.21,models/windowed_cnn_grid/128bit_a0.015/windowed_cnn_best.pt@63001e544de6
matrix-20260918-025538-98a873,0.015,128,LL,0821,43.4004,0.996164,2.971949,0.070312,0.929688,0.28125,0.71875,0,2.18,3.34,6.29,models/windowed_cnn_grid/128bit_a0.015/windowed_cnn_best.pt@63001e544de6
matrix-20260918-025538-98a873,0.015,128,LL,0822,44.7287,0.998216,2.188838,0.1875,0.8125,0.296875,0.703125,0,2.22,3.32,6.21,models/windowed_cnn_grid/128bit_a0.015/windowed_cnn_best.pt@63001e544de6
matrix-20260918-025538-98a873,0.015,128,LL,0823,40.7678,0.994286,5.448802,0.148438,0.851562,0.304688,0.695312,0,2.16,3.23,6.15,models/windowed_cnn_grid/128bit_a0.015/windowed_cnn_best.pt@63001e544de6
matrix-20260918-025538-98a873,0.015,128,LL,0824,41.2598,0.998137,4.865245,0.101562,0.898438,0.210938,0.789062,0,2.16,3.37,6.19,models/windowed_cnn_grid/128bit_a0.015/windowed_cnn_best.pt@63001e544de6
matrix-20260918-025538-98a873,0.015,128,LL,0825,41.6876,0.998619,4.408834,0.125,0.875,0.28125,0.71875,0,2.18,3.28,6.28,models/windowed_cnn_grid/128bit_a0.015/windowed_cnn_best.pt@63001e544de6
matrix-20260918-025538-98a873,0.015,128,LL,0826,41.2857,0.997816,4.836278,0.148438,0.851562,0.304688,0.695312,0,2.15,3.28,6.25,models/windowed_cnn_grid/128bit_a0.015/windowed_cnn_best.pt@63001e544de6
matrix-20260918-025538-98a873,0.015,128,LL,0827,49.187,0.996764,0.784108,0.195312,0.804688,0.335938,0.664062,0,2.17,3.37,6.35,models/windowed_cnn_grid/128bit_a0.015/windowed_cnn_best.pt@63001e544de6
matrix-20260918-025538-98a873,0.015,128,LL,0828,47.6781,0.992699,1.109863,0.109375,0.890625,0.171875,0.828125,0,2.27,3.35,6.26,models/windowed_cnn_grid/128bit_a0.015/windowed_cnn_best.pt@63001e544de6
matrix-20260918-025538-98a873,0.015,128,LL,0829,43.3675,0.996884,2.994537,0.109375,0.890625,0.273438,0.726562,0,2.18,3.25,6.24,models/windowed_cnn_grid/128bit_a0.015/windowed_cnn_best.pt@63001e544de6
matrix-20260918-025538-98a873,0.015,128,LL,0830,41.4124,0.99725,4.697179,0.226562,0.773438,0.320312,0.679688,0,2.16,3.33,6.24,models/windowed_cnn_grid/128bit_a0.015/windowed_cnn_best.pt@63001e544de6
matrix-20260918-025538-98a873,0.015,128,LL,0831,44.231,0.998454,2.45458,0.09375,0.90625,0.25,0.75,0,2.16,3.34,6.31,models/windowed_cnn_grid/128bit_a0.015/windowed_cnn_best.pt@63001e544de6
matrix-20260918-025538-98a873,0.015,128,LL,0832,42.6557,0.998117,3.527847,0.09375,0.90625,0.195312,0.804688,0,2.18,3.3,6.15,models/windowed_cnn_grid/128bit_a0.015/windowed_cnn_best.pt@63001e544de6
matrix-20260918-025538-98a873,0.015,128,LL,0833,39.1252,0.998903,7.953456,0.210938,0.789062,0.390625,0.609375,0,2.16,3.26,6.26,models/windowed_cnn_grid/128bit_a0.015/windowed_cnn_best.pt@63001e544de6
matrix-20260918-025538-98a873,0.015,128,LL,0834,39.6019,0.997015,7.126663,0.085938,0.914062,0.304688,0.695312,0,2.14,3.32,6.23,models/windowed_cnn_grid/128bit_a0.015/windowed_cnn_best.pt@63001e544de6
matrix-20260918-025538-98a873,0.015,128,LL,0835,43.5763,0.998218,2.853968,0.164062,0.835938,0.351562,0.648438,0,2.25,3.3,6.22,models/windowed_cnn_grid/128bit_a0.015/windowed_cnn_best.pt@63001e544de6
matrix-20260918-025538-98a873,0.015,128,LL,0836,40.1177,0.998166,6.328603,0.132812,0.867188,0.28125,0.71875,0,2.15,3.28,6.23,models/windowed_cnn_grid/128bit_a0.015/windowed_cnn_best.pt@63001e544de6
matrix-20260918-025538-98a873,0.015,128,LL,0837,43.7222,0.998631,2.759669,0.125,0.875,0.28125,0.71875,0,2.15,3.3,6.39,models/windowed_cnn_grid/128bit_a0.015/windowed_cnn_best.pt@63001e544de6
matrix-20260918-025538-98a873,0.015,128,LL,0838,43.5221,0.996614,2.889847,0.195312,0.804688,0.359375,0.640625,0,2.17,3.25,6.23,models/windowed_cnn_grid/128bit_a0.015/windowed_cnn_best.pt@63001e544de6
matrix-20260918-025538-98a873,0.015,128,LL,0839,45.9602,0.999063,1.648397,0.148438,0.851562,0.351562,0.648438,0,2.12,3.13,6.09,models/windowed_cnn_grid/128bit_a0.015/windowed_cnn_best.pt@63001e544de6
matrix-20260918-025538-98a873,0.015,128,LL,0840,45.3464,0.998854,1.898651,0.140625,0.859375,0.3125,0.6875,0,2.22,3.29,6.16,models/windowed_cnn_grid/128bit_a0.015/windowed_cnn_best.pt@63001e544de6
matrix-20260918-025538-98a873,0.015,128,LL,0841,45.3703,0.997305,1.888214,0.117188,0.882812,0.328125,0.671875,0,2.16,3.3,6.2,models/windowed_cnn_grid/128bit_a0.015/windowed_cnn_best.pt@63001e544de6
matrix-20260918-025538-98a873,0.015,128,LL,0842,39.6259,0.997952,7.087438,0.164062,0.835938,0.328125,0.671875,0,2.15,3.27,6.19,models/windowed_cnn_grid/128bit_a0.015/windowed_cnn_best.pt@63001e544de6
matrix-20260918-025538-98a873,0.015,128,LL,0843,49.5476,0.999261,0.721639,0.296875,0.703125,0.414062,0.585938,0,1.81,2.61,5.85,models/windowed_cnn_grid/128bit_a0.015/windowed_cnn_best.pt@63001e544de6
matrix-20260918-025538-98a873,0.015,128,LL,0844,38.6197,0.996341,8.935389,0.148438,0.851562,0.3125,0.6875,0,2.16,3.26,6.27,models/windowed_cnn_grid/128bit_a0.015/windowed_cnn_best.pt@63001e544de6
matrix-20260918-025538-98a873,0.015,128,LL,0845,40.0559,0.996301,6.419352,0.171875,0.828125,0.28125,0.71875,0,2.15,3.28,6.24,models/windowed_cnn_grid/128bit_a0.015/windowed_cnn_best.pt@63001e544de6
matrix-20260918-025538-98a873,0.015,128,LL,0846,40.2883,0.99861,6.084834,0.140625,0.859375,0.273438,0.726562,0,2.17,3.31,6.29,models/windowed_cnn_grid/128bit_a0.015/windowed_cnn_best.pt@63001e544de6
matrix-20260918-025538-98a873,0.015,128,LL,0847,41.9895,0.997781,4.112712,0.101562,0.898438,0.257812,0.742188,0,2.25,3.3,6.16,models/windowed_cnn_grid/128bit_a0.015/windowed_cnn_best.pt@63001e544de6
matrix-20260918-025538-98a873,0.015,128,LL,0848,42.3761,0.992982,3.762416,0.0625,0.9375,0.320312,0.679688,0,2.18,3.3,6.19,models/windowed_cnn_grid/128bit_a0.015/windowed_cnn_best.pt@63001e544de6
matrix-20260918-025538-98a873,0.015,128,LL,0849,42.3978,0.998985,3.743713,0.101562,0.898438,0.195312,0.804688,0,2.22,3.37,6.31,models/windowed_cnn_grid/128bit_a0.015/windowed_cnn_best.pt@63001e544de6
matrix-20260918-025538-98a873,0.015,128,LL,0850,42.2426,0.998186,3.879903,0.117188,0.882812,0.28125,0.71875,0,2.19,3.27,6.29,models/windowed_cnn_grid/128bit_a0.015/windowed_cnn_best.pt@63001e544de6
matrix-20260918-025538-98a873,0.015,128,LL,0851,46.0647,0.984274,1.609187,0.15625,0.84375,0.320312,0.679688,0,2.15,3.26,6.19,models/windowed_cnn_grid/128bit_a0.015/windowed_cnn_best.pt@63001e544de6
matrix-20260918-025538-98a873,0.015,128,LL,0852,51.7263,0.996084,0.436971,0.117188,0.882812,0.328125,0.671875,0,2.17,3.29,6.17,models/windowed_cnn_grid/128bit_a0.015/windowed_cnn_best.pt@63001e544de6
matrix-20260918-025538-98a873,0.015,128,LL,0853,45.0971,0.996244,2.010808,0.15625,0.84375,0.328125,0.671875,0,2.18,3.23,6.23,models/windowed_cnn_grid/128bit_a0.015/windowed_cnn_best.pt@63001e544de6
matrix-20260918-025538-98a873,0.015,128,LL,0854,41.0308,0.998052,5.128637,0.179688,0.820312,0.21875,0.78125,0,2.18,3.28,6.2,models/windowed_cnn_grid/128bit_a0.015/windowed_cnn_best.pt@63001e544de6
matrix-20260918-025538-98a873,0.015,128,LL,0855,41.9459,0.99643,4.154226,0.132812,0.867188,0.335938,0.664062,0,2.16,3.29,6.21,models/windowed_cnn_grid/128bit_a0.015/windowed_cnn_best.pt@63001e544de6
matrix-20260918-025538-98a873,0.015,128,LL,0856,47.1036,0.997916,1.266846,0.117188,0.882812,0.234375,0.765625,0,2.18,3.39,6.21,models/windowed_cnn_grid/128bit_a0.015/windowed_cnn_best.pt@63001e544de6
matrix-20260918-025538-98a873,0.015,128,LL,0857,41.8146,0.997237,4.281718,0.148438,0.851562,0.351562,0.648438,0,2.14,3.25,6.22,models/windowed_cnn_grid/128bit_a0.015/windowed_cnn_best.pt@63001e544de6
matrix-20260918-025538-98a873,0.015,128,LL,0858,46.8644,0.996847,1.338557,0.117188,0.882812,0.25,0.75,0,2.19,3.3,6.2,models/windowed_cnn_grid/128bit_a0.015/windowed_cnn_best.pt@63001e544de6
matrix-20260918-025538-98a873,0.015,128,LL,0859,40.2928,0.998354,6.078593,0.179688,0.820312,0.242188,0.757812,0,2.18,3.3,6.24,models/windowed_cnn_grid/128bit_a0.015/windowed_cnn_best.pt@63001e544de6
matrix-20260918-025538-98a873,0.015,128,LL,0860,42.9687,0.999007,3.282542,0.078125,0.921875,0.265625,0.734375,0,2.22,3.3,6.22,models/windowed_cnn_grid/128bit_a0.015/windowed_cnn_best.pt@63001e544de6
matrix-20260918-025538-98a873,0.015,128,LL,0861,43.8469,0.997665,2.681559,0.148438,0.851562,0.242188,0.757812,0,2.16,3.27,6.4,models/windowed_cnn_grid/128bit_a0.015/windowed_cnn_best.pt@63001e544de6
matrix-20260918-025538-98a873,0.015,128,LL,0862,40.7698,0.997282,5.446253,0.195312,0.804688,0.265625,0.734375,0,2.16,3.25,6.21,models/windowed_cnn_grid/128bit_a0.015/windowed_cnn_best.pt@63001e544de6
matrix-20260918-025538-98a873,0.015,128,LL,0863,40.3346,0.997636,6.02035,0.179688,0.820312,0.3125,0.6875,0,2.16,3.26,6.57,models/windowed_cnn_grid/128bit_a0.015/windowed_cnn_best.pt@63001e544de6
matrix-20260918-025538-98a873,0.015,128,LL,0864,45.0763,0.99878,2.020472,0.125,0.875,0.335938,0.664062,0,2.21,3.28,6.26,models/windowed_cnn_grid/128bit_a0.015/windowed_cnn_best.pt@63001e544de6
matrix-20260918-025538-98a873,0.015,128,LL,0865,42.0257,0.99867,4.078552,0.085938,0.914062,0.328125,0.671875,0,2.16,3.3,6.31,models/windowed_cnn_grid/128bit_a0.015/windowed_cnn_best.pt@63001e544de6
matrix-20260918-025538-98a873,0.015,128,LL,0866,41.1324,0.998858,5.01005,0.140625,0.859375,0.257812,0.742188,0,2.17,3.31,6.26,models/windowed_cnn_grid/128bit_a0.015/windowed_cnn_best.pt@63001e544de6
matrix-20260918-025538-98a873,0.015,128,LL,0867,43.2011,0.998872,3.111506,0.09375,0.90625,0.320312,0.679688,0,2.15,3.29,6.2,models/windowed_cnn_grid/128bit_a0.015/windowed_cnn_best.pt@63001e544de6
matrix-20260918-025538-98a873,0.015,128,LL,0868,37.8821,0.99888,10.589483,0.359375,0.640625,0.40625,0.59375,0,2.12,3.18,6.21,models/windowed_cnn_grid/128bit_a0.015/windowed_cnn_best.pt@63001e544de6
matrix-20260918-025538-98a873,0.015,128,LL,0869,41.6285,0.99802,4.469162,0.117188,0.882812,0.296875,0.703125,0,2.14,3.26,6.25,models/windowed_cnn_grid/128bit_a0.015/windowed_cnn_best.pt@63001e544de6
matrix-20260918-025538-98a873,0.015,128,LL,0870,43.0548,0.999003,3.218089,0.148438,0.851562,0.234375,0.765625,0,2.17,3.34,6.29,models/windowed_cnn_grid/128bit_a0.015/windowed_cnn_best.pt@63001e544de6
matrix-20260918-025538-98a873,0.015,128,LL,0871,41.6496,0.998575,4.44755,0.09375,0.90625,0.289062,0.710938,0,2.16,3.34,6.21,models/windowed_cnn_grid/128bit_a0.015/windowed_cnn_best.pt@63001e544de6
matrix-20260918-025538-98a873,0.015,128,LL,0872,41.2577,0.998961,4.867579,0.132812,0.867188,0.28125,0.71875,0,2.17,3.41,6.26,models/windowed_cnn_grid/128bit_a0.015/windowed_cnn_best.pt@63001e544de6
matrix-20260918-025538-98a873,0.015,128,LL,0873,42.5374,0.998429,3.62531,0.148438,0.851562,0.3125,0.6875,0,2.16,3.27,6.38,models/windowed_cnn_grid/128bit_a0.015/windowed_cnn_best.pt@63001e544de6
matrix-20260918-025538-98a873,0.015,128,LL,0874,41.1268,0.997926,5.016459,0.125,0.875,0.304688,0.695312,0,2.2,3.31,6.29,models/windowed_cnn_grid/128bit_a0.015/windowed_cnn_best.pt@63001e544de6
matrix-20260918-025538-98a873,0.015,128,LL,0875,44.0824,0.999117,2.540019,0.085938,0.914062,0.328125,0.671875,0,2.23,3.31,6.26,models/windowed_cnn_grid/128bit_a0.015/windowed_cnn_best.pt@63001e544de6
matrix-20260918-025538-98a873,0.015,128,LL,0876,47.4393,0.998473,1.172592,0.140625,0.859375,0.257812,0.742188,0,2.18,3.36,6.19,models/windowed_cnn_grid/128bit_a0.015/windowed_cnn_best.pt@63001e544de6
matrix-20260918-025538-98a873,0.015,128,LL,0877,47.8189,0.997268,1.074468,0.101562,0.898438,0.25,0.75,0,2.21,3.34,6.32,models/windowed_cnn_grid/128bit_a0.015/windowed_cnn_best.pt@63001e544de6
matrix-20260918-025538-98a873,0.015,128,LL,0878,40.822,0.99867,5.381266,0.117188,0.882812,0.289062,0.710938,0,2.21,3.31,6.35,models/windowed_cnn_grid/128bit_a0.015/windowed_cnn_best.pt@63001e544de6
matrix-20260918-025538-98a873,0.015,128,LL,0879,43.1208,0.996543,3.169535,0.171875,0.828125,0.28125,0.71875,0,2.16,3.24,6.19,models/windowed_cnn_grid/128bit_a0.015/windowed_cnn_best.pt@63001e544de6
matrix-20260918-025538-98a873,0.015,128,LL,0880,42.8385,0.997616,3.382456,0.1875,0.8125,0.34375,0.65625,0,2.14,3.29,6.21,models/windowed_cnn_grid/128bit_a0.015/windowed_cnn_best.pt@63001e544de6
matrix-20260918-025538-98a873,0.015,128,LL,0881,40.8646,0.99749,5.3287,0.132812,0.867188,0.328125,0.671875,0,2.14,3.25,6.14,models/windowed_cnn_grid/128bit_a0.015/windowed_cnn_best.pt@63001e544de6
matrix-20260918-025538-98a873,0.015,128,LL,0882,42.7582,0.997961,3.445592,0.117188,0.882812,0.226562,0.773438,0,2.19,3.3,6.22,models/windowed_cnn_grid/128bit_a0.015/windowed_cnn_best.pt@63001e544de6
matrix-20260918-025538-98a873,0.015,128,LL,0883,41.966,0.998379,4.135091,0.125,0.875,0.257812,0.742188,0,2.2,3.42,6.24,models/windowed_cnn_grid/128bit_a0.015/windowed_cnn_best.pt@63001e544de6
matrix-20260918-025538-98a873,0.015,128,LL,0884,43.1438,0.998767,3.152832,0.125,0.875,0.265625,0.734375,0,2.17,3.4,6.22,models/windowed_cnn_grid/128bit_a0.015/windowed_cnn_best.pt@63001e544de6
matrix-20260918-025538-98a873,0.015,128,LL,0885,44.3355,0.998129,2.396261,0.132812,0.867188,0.289062,0.710938,0,2.2,3.34,6.29,models/windowed_cnn_grid/128bit_a0.015/windowed_cnn_best.pt@63001e544de6
matrix-20260918-025538-98a873,0.015,128,LL,0886,43.0596,0.995264,3.214574,0.171875,0.828125,0.234375,0.765625,0,2.16,3.32,6.2,models/windowed_cnn_grid/128bit_a0.015/windowed_cnn_best.pt@63001e544de6
matrix-20260918-025538-98a873,0.015,128,LL,0887,41.5834,0.996549,4.515839,0.132812,0.867188,0.320312,0.679688,0,2.23,3.27,6.3,models/windowed_cnn_grid/128bit_a0.015/windowed_cnn_best.pt@63001e544de6
matrix-20260918-025538-98a873,0.015,128,LL,0888,42.0298,0.998352,4.074702,0.148438,0.851562,0.28125,0.71875,0,2.16,3.34,6.23,models/windowed_cnn_grid/128bit_a0.015/windowed_cnn_best.pt@63001e544de6
matrix-20260918-025538-98a873,0.015,128,LL,0889,41.4928,0.998994,4.611099,0.117188,0.882812,0.21875,0.78125,0,2.23,3.31,6.2,models/windowed_cnn_grid/128bit_a0.015/windowed_cnn_best.pt@63001e544de6
matrix-20260918-025538-98a873,0.015,128,LL,0890,42.2419,0.998077,3.880554,0.132812,0.867188,0.359375,0.640625,0,2.14,3.26,6.24,models/windowed_cnn_grid/128bit_a0.015/windowed_cnn_best.pt@63001e544de6
matrix-20260918-025538-98a873,0.015,128,LL,0891,41.6496,0.998639,4.447576,0.070312,0.929688,0.257812,0.742188,0,2.21,3.28,6.18,models/windowed_cnn_grid/128bit_a0.015/windowed_cnn_best.pt@63001e544de6
matrix-20260918-025538-98a873,0.015,128,LL,0892,40.7438,0.999187,5.479004,0.203125,0.796875,0.28125,0.71875,0,2.19,3.37,6.25,models/windowed_cnn_grid/128bit_a0.015/windowed_cnn_best.pt@63001e544de6
matrix-20260918-025538-98a873,0.015,128,LL,0893,44.4974,0.997227,2.308563,0.140625,0.859375,0.21875,0.78125,0,2.16,3.29,6.36,models/windowed_cnn_grid/128bit_a0.015/windowed_cnn_best.pt@63001e544de6
matrix-20260918-025538-98a873,0.015,128,LL,0894,39.4299,0.997573,7.414708,0.164062,0.835938,0.320312,0.679688,0,2.18,3.38,6.31,models/windowed_cnn_grid/128bit_a0.015/windowed_cnn_best.pt@63001e544de6
matrix-20260918-025538-98a873,0.015,128,LL,0895,43.2462,0.998601,3.079371,0.164062,0.835938,0.375,0.625,0,2.2,3.32,6.34,models/windowed_cnn_grid/128bit_a0.015/windowed_cnn_best.pt@63001e544de6
matrix-20260918-025538-98a873,0.015,128,LL,0896,38.1221,0.993278,10.02002,0.09375,0.90625,0.3125,0.6875,0,2.15,3.29,6.27,models/windowed_cnn_grid/128bit_a0.015/windowed_cnn_best.pt@63001e544de6
matrix-20260918-025538-98a873,0.015,128,LL,0897,44.1332,0.999387,2.510523,0.132812,0.867188,0.210938,0.789062,0,2.26,3.42,6.36,models/windowed_cnn_grid/128bit_a0.015/windowed_cnn_best.pt@63001e544de6
matrix-20260918-025538-98a873,0.015,128,LL,0898,41.8213,0.9962,4.275126,0.242188,0.757812,0.351562,0.648438,0,2.15,3.24,6.17,models/windowed_cnn_grid/128bit_a0.015/windowed_cnn_best.pt@63001e544de6
matrix-20260918-025538-98a873,0.015,128,LL,0899,43.7182,0.997359,2.762222,0.078125,0.921875,0.25,0.75,0,2.26,3.38,6.21,models/windowed_cnn_grid/128bit_a0.015/windowed_cnn_best.pt@63001e544de6
matrix-20260918-025538-98a873,0.015,128,LL,0900,45.3095,0.992504,1.914836,0.101562,0.898438,0.304688,0.695312,0,2.17,3.28,6.29,models/windowed_cnn_grid/128bit_a0.015/windowed_cnn_best.pt@63001e544de6
matrix-20260918-025538-98a873,0.015,256,LL+HL,0801,41.5649,0.998895,4.535141,0.105469,0.894531,,,,3.63,5.93,,
matrix-20260918-025538-98a873,0.015,256,LL+HL,0802,43.2464,0.988268,3.079213,0.109375,0.890625,,,,3.47,5.76,,
matrix-20260918-025538-98a873,0.015,256,LL+HL,0803,41.3314,0.997588,4.785604,0.136719,0.863281,,,,3.43,5.89,,
matrix-20260918-025538-98a873,0.015,256,LL+HL,0804,40.816,0.99877,5.388692,0.128906,0.871094,,,,3.56,5.78,,
matrix-20260918-025538-98a873,0.015,256,LL+HL,0805,40.397,0.998621,5.934469,0.109375,0.890625,,,,3.48,5.85,,
matrix-20260918-025538-98a873,0.015,256,LL+HL,0806,41.909,0.997037,4.189636,0.175781,0.824219,,,,3.42,6.01,,
matrix-20260918-025538-98a873,0.015,256,LL+HL,0807,43.5585,0.996112,2.865707,0.121094,0.878906,,,,3.61,5.83,,
matrix-20260918-025538-98a873,0.015,256,LL+HL,0808,44.1398,0.996247,2.506668,0.171875,0.828125,,,,3.43,5.72,,
matrix-20260918-025538-98a873,0.015,256,LL+HL,0809,41.9625,0.998588,4.138362,0.121094,0.878906,,,,3.49,5.98,,
matrix-20260918-025538-98a873,0.015,256,LL+HL,0810,42.1359,0.998048,3.97642,0.128906,0.871094,,,,3.61,5.81,,
matrix-20260918-025538-98a873,0.015,256,LL+HL,0811,44.625,0.997707,2.24173,0.136719,0.863281,,,,3.46,5.86,,
matrix-20260918-025538-98a873,0.015,256,LL+HL,0812,42.0604,0.997717,4.046097,0.113281,0.886719,,,,3.45,5.89,,
matrix-20260918-025538-98a873,0.015,256,LL+HL,0813,41.3115,0.9973,4.807622,0.144531,0.855469,,,,3.59,5.79,,
matrix-20260918-025538-98a873,0.015,256,LL+HL,0814,44.8674,0.998256,2.120041,0.234375,0.765625,,,,3.36,5.62,,
matrix-20260918-025538-98a873,0.015,256,LL+HL,0815,43.5811,0.998554,2.85082,0.152344,0.847656,,,,3.48,5.97,,
matrix-20260918-025538-98a873,0.015,256,LL+HL,0816,40.9797,0.998044,5.189377,0.113281,0.886719,,,,3.58,5.84,,
matrix-20260918-025538-98a873,0.015,256,LL+HL,0817,41.6676,0.998147,4.429164,0.183594,0.816406,,,,3.48,5.81,,
matrix-20260918-025538-98a873,0.015,256,LL+HL,0818,40.1824,0.996823,6.235036,0.140625,0.859375,,,,3.44,5.9,,
matrix-20260918-025538-98a873,0.015,256,LL+HL,0819,42.3311,0.998543,3.8016,0.152344,0.847656,,,,3.57,5.81,,
matrix-20260918-025538-98a873,0.015,256,LL+HL,0820,40.8035,0.998616,5.404134,0.101562,0.898438,,,,3.49,5.86,,
matrix-20260918-025538-98a873,0.015,256,LL+HL,0821,43.3095,0.99631,3.03478,0.125,0.875,,,,3.46,6.08,,
matrix-20260918-025538-98a873,0.015,256,LL+HL,0822,44.6567,0.998501,2.225398,0.144531,0.855469,,,,3.56,5.89,,
matrix-20260918-025538-98a873,0.015,256,LL+HL,0823,40.7341,0.990461,5.491226,0.179688,0.820312,,,,3.43,5.75,,
matrix-20260918-025538-98a873,0.015,256,LL+HL,0824,41.2703,0.998016,4.853475,0.117188,0.882812,,,,3.43,6.02,,
matrix-20260918-025538-98a873,0.015,256,LL+HL,0825,41.7482,0.998579,4.347717,0.089844,0.910156,,,,3.56,5.8,,
matrix-20260918-025538-98a873,0.015,256,LL+HL,0826,41.2394,0.99761,4.888062,0.167969,0.832031,,,,3.43,5.78,,
matrix-20260918-025538-98a873,0.015,256,LL+HL,0827,49.2039,0.996685,0.781067,0.199219,0.800781,,,,3.46,5.85,,
matrix-20260918-025538-98a873,0.015,256,LL+HL,0828,47.4979,0.995496,1.156876,0.140625,0.859375,,,,3.6,5.91,,
matrix-20260918-025538-98a873,0.015,256,LL+HL,0829,43.3376,0.996756,3.015198,0.199219,0.800781,,,,3.45,5.79,,
matrix-20260918-025538-98a873,0.015,256,LL+HL,0830,41.3894,0.996962,4.722209,0.167969,0.832031,,,,3.46,5.91,,
matrix-20260918-025538-98a873,0.015,256,LL+HL,0831,43.8979,0.998295,2.650284,0.144531,0.855469,,,,3.54,5.81,,
matrix-20260918-025538-98a873,0.015,256,LL+HL,0832,43.1615,0.997833,3.14001,0.105469,0.894531,,,,3.46,5.83,,
matrix-20260918-025538-98a873,0.015,256,LL+HL,0833,39.0923,0.998528,8.013997,0.226562,0.773438,,,,3.4,5.96,,
matrix-20260918-025538-98a873,0.015,256,LL+HL,0834,40.8367,0.997258,5.363017,0.136719,0.863281,,,,3.59,5.87,,
matrix-20260918-025538-98a873,0.015,256,LL+HL,0835,43.5951,0.998121,2.841665,0.15625,0.84375,,,,3.46,5.81,,
matrix-20260918-025538-98a873,0.015,256,LL+HL,0836,40.1582,0.998132,6.269908,0.136719,0.863281,,,,3.41,5.93,,
matrix-20260918-025538-98a873,0.015,256,LL+HL,0837,43.6717,0.99863,2.791962,0.152344,0.847656,,,,3.59,5.77,,
matrix-20260918-025538-98a873,0.015,256,LL+HL,0838,43.1529,0.99639,3.146245,0.183594,0.816406,,,,3.41,5.72,,
matrix-20260918-025538-98a873,0.015,256,LL+HL,0839,44.9049,0.976948,2.101812,0.164062,0.835938,,,,3.34,5.67,,
matrix-20260918-025538-98a873,0.015,256,LL+HL,0840,45.1274,0.998661,1.996816,0.082031,0.917969,,,,3.5,5.85,,
matrix-20260918-025538-98a873,0.015,256,LL+HL,0841,45.5309,0.997249,1.819641,0.160156,0.839844,,,,3.43,5.78,,
matrix-20260918-025538-98a873,0.015,256,LL+HL,0842,39.4959,0.99793,7.302846,0.09375,0.90625,,,,3.43,5.91,,
matrix-20260918-025538-98a873,0.015,256,LL+HL,0843,49.7675,0.999371,0.686005,0.285156,0.714844,,,,2.78,4.21,,
matrix-20260918-025538-98a873,0.015,256,LL+HL,0844,38.5681,0.996232,9.042089,0.199219,0.800781,,,,3.47,5.71,,
matrix-20260918-025538-98a873,0.015,256,LL+HL,0845,39.8402,0.998337,6.74617,0.15625,0.84375,,,,3.42,5.96,,
matrix-20260918-025538-98a873,0.015,256,LL+HL,0846,40.2647,0.998561,6.117945,0.160156,0.839844,,,,3.55,5.8,,
matrix-20260918-025538-98a873,0.015,256,LL+HL,0847,42.1994,0.997794,3.918701,0.109375,0.890625,,,,3.45,5.83,,
matrix-20260918-025538-98a873,0.015,256,LL+HL,0848,42.4033,0.996534,3.738942,0.121094,0.878906,,,,3.45,5.94,,
matrix-20260918-025538-98a873,0.015,256,LL+HL,0849,42.1744,0.998937,3.94132,0.074219,0.925781,,,,3.6,5.84,,
matrix-20260918-025538-98a873,0.015,256,LL+HL,0850,42.2206,0.998183,3.899597,0.140625,0.859375,,,,3.44,5.76,,
matrix-20260918-025538-98a873,0.015,256,LL+HL,0851,45.6421,0.983516,1.773677,0.144531,0.855469,,,,3.54,5.92,,
matrix-20260918-025538-98a873,0.015,256,LL+HL,0852,51.6485,0.996171,0.44487,0.140625,0.859375,,,,3.64,5.89,,
matrix-20260918-025538-98a873,0.015,256,LL+HL,0853,45.024,0.995941,2.044937,0.222656,0.777344,,,,3.38,5.68,,
matrix-20260918-025538-98a873,0.015,256,LL+HL,0854,41.0789,0.99806,5.072169,0.125,0.875,,,,3.49,5.94,,
matrix-20260918-025538-98a873,0.015,256,LL+HL,0855,41.885,0.997315,4.212906,0.125,0.875,,,,3.52,5.77,,
matrix-20260918-025538-98a873,0.015,256,LL+HL,0856,47.1306,0.997858,1.258982,0.109375,0.890625,,,,3.47,5.89,,
matrix-20260918-025538-98a873,0.015,256,LL+HL,0857,41.8261,0.997163,4.270376,0.144531,0.855469,,,,3.41,5.86,,
matrix-20260918-025538-98a873,0.015,256,LL+HL,0858,46.7749,0.997149,1.36643,0.148438,0.851562,,,,3.61,5.88,,
matrix-20260918-025538-98a873,0.015,256,LL+HL,0859,40.267,0.998266,6.114716,0.148438,0.851562,,,,3.53,5.86,,
matrix-20260918-025538-98a873,0.015,256,LL+HL,0860,42.7417,0.998453,3.45871,0.148438,0.851562,,,,3.48,5.96,,
matrix-20260918-025538-98a873,0.015,256,LL+HL,0861,43.8407,0.997411,2.685389,0.113281,0.886719,,,,3.52,5.79,,
matrix-20260918-025538-98a873,0.015,256,LL+HL,0862,40.7958,0.997206,5.413732,0.191406,0.808594,,,,3.43,5.79,,
matrix-20260918-025538-98a873,0.015,256,LL+HL,0863,40.2107,0.997344,6.194539,0.179688,0.820312,,,,3.44,5.95,,
matrix-20260918-025538-98a873,0.015,256,LL+HL,0864,45.0366,0.998755,2.038996,0.160156,0.839844,,,,3.48,5.83,,
matrix-20260918-025538-98a873,0.015,256,LL+HL,0865,41.9665,0.998668,4.134557,0.160156,0.839844,,,,3.41,5.74,,
matrix-20260918-025538-98a873,0.015,256,LL+HL,0866,40.9631,0.998785,5.209244,0.140625,0.859375,,,,3.45,5.91,,
matrix-20260918-025538-98a873,0.015,256,LL+HL,0867,43.18,0.998863,3.126663,0.148438,0.851562,,,,3.57,5.76,,
matrix-20260918-025538-98a873,0.015,256,LL+HL,0868,37.8745,0.998855,10.607905,0.300781,0.699219,,,,3.37,5.62,,
matrix-20260918-025538-98a873,0.015,256,LL+HL,0869,41.571,0.997943,4.528819,0.148438,0.851562,,,,3.45,5.93,,
matrix-20260918-025538-98a873,0.015,256,LL+HL,0870,43.1708,0.999037,3.133291,0.132812,0.867188,,,,3.61,5.91,,
matrix-20260918-025538-98a873,0.015,256,LL+HL,0871,41.6115,0.998548,4.486715,0.082031,0.917969,,,,3.46,5.82,,
matrix-20260918-025538-98a873,0.015,256,LL+HL,0872,41.235,0.998932,4.893071,0.132812,0.867188,,,,3.47,5.97,,
matrix-20260918-025538-98a873,0.015,256,LL+HL,0873,42.4821,0.998515,3.671697,0.140625,0.859375,,,,3.57,5.8,,
matrix-20260918-025538-98a873,0.015,256,LL+HL,0874,40.6935,0.997878,5.542877,0.125,0.875,,,,3.46,5.79,,
matrix-20260918-025538-98a873,0.015,256,LL+HL,0875,44.0981,0.999042,2.530858,0.160156,0.839844,,,,3.45,5.92,,
matrix-20260918-025538-98a873,0.015,256,LL+HL,0876,47.4637,0.99745,1.166026,0.128906,0.871094,,,,3.61,5.82,,
matrix-20260918-025538-98a873,0.015,256,LL+HL,0877,47.638,0.997118,1.120173,0.125,0.875,,,,3.49,5.84,,
matrix-20260918-025538-98a873,0.015,256,LL+HL,0878,40.8146,0.998603,5.390386,0.152344,0.847656,,,,3.46,5.96,,
matrix-20260918-025538-98a873,0.015,256,LL+HL,0879,42.8285,0.99641,3.390254,0.179688,0.820312,,,,3.55,5.7,,
matrix-20260918-025538-98a873,0.015,256,LL+HL,0880,42.6708,0.997499,3.515635,0.171875,0.828125,,,,3.42,5.75,,
matrix-20260918-025538-98a873,0.015,256,LL+HL,0881,40.7758,0.997542,5.438766,0.183594,0.816406,,,,3.45,5.92,,
matrix-20260918-025538-98a873,0.015,256,LL+HL,0882,42.7508,0.997849,3.451436,0.121094,0.878906,,,,3.55,5.78,,
matrix-20260918-025538-98a873,0.015,256,LL+HL,0883,41.9588,0.998361,4.141953,0.152344,0.847656,,,,3.46,5.83,,
matrix-20260918-025538-98a873,0.015,256,LL+HL,0884,43.0174,0.998572,3.245931,0.117188,0.882812,,,,3.43,6.03,,
matrix-20260918-025538-98a873,0.015,256,LL+HL,0885,44.2744,0.998131,2.430206,0.105469,0.894531,,,,3.52,5.76,,
matrix-20260918-025538-98a873,0.015,256,LL+HL,0886,42.9143,0.99473,3.323944,0.164062,0.835938,,,,3.44,5.72,,
matrix-20260918-025538-98a873,0.015,256,LL+HL,0887,41.5928,0.996698,4.506124,0.121094,0.878906,,,,3.47,6.0,,
matrix-20260918-025538-98a873,0.015,256,LL+HL,0888,41.9732,0.998508,4.128189,0.074219,0.925781,,,,3.51,5.83,,
matrix-20260918-025538-98a873,0.015,256,LL+HL,0889,41.4547,0.998969,4.651657,0.078125,0.921875,,,,3.46,5.88,,
matrix-20260918-025538-98a873,0.015,256,LL+HL,0890,42.2315,0.998054,3.889791,0.203125,0.796875,,,,3.43,5.95,,
matrix-20260918-025538-98a873,0.015,256,LL+HL,0891,41.6085,0.997883,4.489812,0.128906,0.871094,,,,3.58,5.8,,
matrix-20260918-025538-98a873,0.015,256,LL+HL,0892,40.7105,0.999182,5.521098,0.117188,0.882812,,,,3.62,6.0,,
matrix-20260918-025538-98a873,0.015,256,LL+HL,0893,44.5231,0.997154,2.294952,0.128906,0.871094,,,,3.5,5.98,,
matrix-20260918-025538-98a873,0.015,256,LL+HL,0894,39.5026,0.997299,7.291504,0.117188,0.882812,,,,3.57,5.79,,
matrix-20260918-025538-98a873,0.015,256,LL+HL,0895,43.2516,0.998481,3.075536,0.160156,0.839844,,,,3.49,5.9,,
matrix-20260918-025538-98a873,0.015,256,LL+HL,0896,38.1229,0.993889,10.018305,0.179688,0.820312,,,,3.42,5.95,,
matrix-20260918-025538-98a873,0.015,256,LL+HL,0897,43.7505,0.999278,2.74177,0.082031,0.917969,,,,3.6,5.85,,
matrix-20260918-025538-98a873,0.015,256,LL+HL,0898,41.5064,0.996049,4.596608,0.210938,0.789062,,,,3.4,5.71,,
matrix-20260918-025538-98a873,0.015,256,LL+HL,0899,43.812,0.997351,2.703242,0.148438,0.851562,,,,3.48,6.03,,
matrix-20260918-025538-98a873,0.015,256,LL+HL,0900,45.2439,0.993507,1.943954,0.109375,0.890625,,,,3.59,5.81,,
matrix-20260918-025538-98a873,0.02,8,LL,0801,39.4054,0.998882,7.456518,0.0,1.0,0.25,0.75,0,2.19,3.29,2.64,models/windowed_cnn_grid/8bit_a0.020/windowed_cnn_best.pt@2184f195afca
matrix-20260918-025538-98a873,0.02,8,LL,0802,41.5979,0.991501,4.500763,0.0,1.0,0.375,0.625,0,2.15,3.39,2.55,models/windowed_cnn_grid/8bit_a0.020/windowed_cnn_best.pt@2184f195afca
matrix-20260918-025538-98a873,0.02,8,LL,0803,38.966,0.997404,8.25059,0.0,1.0,0.5,0.5,0,2.19,3.31,2.54,models/windowed_cnn_grid/8bit_a0.020/windowed_cnn_best.pt@2184f195afca
matrix-20260918-025538-98a873,0.02,8,LL,0804,38.5358,0.998563,9.109517,0.0,1.0,0.25,0.75,0,2.18,3.25,2.52,models/windowed_cnn_grid/8bit_a0.020/windowed_cnn_best.pt@2184f195afca
matrix-20260918-025538-98a873,0.02,8,LL,0805,38.2172,0.997388,9.80306,0.0,1.0,0.375,0.625,0,2.17,3.27,2.56,models/windowed_cnn_grid/8bit_a0.020/windowed_cnn_best.pt@2184f195afca
matrix-20260918-025538-98a873,0.02,8,LL,0806,39.7877,0.995542,6.828288,0.0,1.0,0.125,0.875,0,2.14,3.31,2.54,models/windowed_cnn_grid/8bit_a0.020/windowed_cnn_best.pt@2184f195afca
matrix-20260918-025538-98a873,0.02,8,LL,0807,41.7216,0.995635,4.374451,0.0,1.0,0.25,0.75,0,2.18,3.28,2.53,models/windowed_cnn_grid/8bit_a0.020/windowed_cnn_best.pt@2184f195afca
matrix-20260918-025538-98a873,0.02,8,LL,0808,41.6204,0.995614,4.47758,0.0,1.0,0.0,1.0,1,2.14,3.29,2.49,models/windowed_cnn_grid/8bit_a0.020/windowed_cnn_best.pt@2184f195afca
matrix-20260918-025538-98a873,0.02,8,LL,0809,39.7001,0.99819,6.967382,0.0,1.0,0.625,0.375,0,2.22,3.34,2.62,models/windowed_cnn_grid/8bit_a0.020/windowed_cnn_best.pt@2184f195afca
matrix-20260918-025538-98a873,0.02,8,LL,0810,40.025,0.997955,6.465134,0.0,1.0,0.75,0.25,0,2.2,3.4,2.52,models/windowed_cnn_grid/8bit_a0.020/windowed_cnn_best.pt@2184f195afca
matrix-20260918-025538-98a873,0.02,8,LL,0811,42.5186,0.997008,3.640981,0.0,1.0,0.625,0.375,0,2.17,3.26,2.57,models/windowed_cnn_grid/8bit_a0.020/windowed_cnn_best.pt@2184f195afca
matrix-20260918-025538-98a873,0.02,8,LL,0812,39.9107,0.997286,6.637522,0.0,1.0,0.5,0.5,0,2.17,3.35,2.53,models/windowed_cnn_grid/8bit_a0.020/windowed_cnn_best.pt@2184f195afca
matrix-20260918-025538-98a873,0.02,8,LL,0813,39.1187,0.996705,7.965459,0.0,1.0,0.25,0.75,0,2.2,3.24,2.52,models/windowed_cnn_grid/8bit_a0.020/windowed_cnn_best.pt@2184f195afca
matrix-20260918-025538-98a873,0.02,8,LL,0814,43.235,0.997823,3.087346,0.0,1.0,0.5,0.5,0,2.16,3.27,2.5,models/windowed_cnn_grid/8bit_a0.020/windowed_cnn_best.pt@2184f195afca
matrix-20260918-025538-98a873,0.02,8,LL,0815,41.5764,0.998409,4.523168,0.0,1.0,0.25,0.75,0,2.15,3.27,2.5,models/windowed_cnn_grid/8bit_a0.020/windowed_cnn_best.pt@2184f195afca
matrix-20260918-025538-98a873,0.02,8,LL,0816,39.0906,0.99795,8.01711,0.125,0.875,0.5,0.5,0,2.17,3.38,2.54,models/windowed_cnn_grid/8bit_a0.020/windowed_cnn_best.pt@2184f195afca
matrix-20260918-025538-98a873,0.02,8,LL,0817,39.4448,0.996958,7.389196,0.0,1.0,0.125,0.875,0,2.18,3.26,2.52,models/windowed_cnn_grid/8bit_a0.020/windowed_cnn_best.pt@2184f195afca
matrix-20260918-025538-98a873,0.02,8,LL,0818,37.9489,0.99671,10.427816,0.0,1.0,0.375,0.625,0,2.13,3.39,2.5,models/windowed_cnn_grid/8bit_a0.020/windowed_cnn_best.pt@2184f195afca
matrix-20260918-025538-98a873,0.02,8,LL,0819,40.024,0.998411,6.466731,0.0,1.0,0.25,0.75,0,2.17,3.26,2.58,models/windowed_cnn_grid/8bit_a0.020/windowed_cnn_best.pt@2184f195afca
matrix-20260918-025538-98a873,0.02,8,LL,0820,38.6813,0.998346,8.809438,0.0,1.0,0.25,0.75,0,2.2,3.3,2.57,models/windowed_cnn_grid/8bit_a0.020/windowed_cnn_best.pt@2184f195afca
matrix-20260918-025538-98a873,0.02,8,LL,0821,41.4875,0.994016,4.616704,0.25,0.75,0.375,0.625,0,2.14,3.42,2.57,models/windowed_cnn_grid/8bit_a0.020/windowed_cnn_best.pt@2184f195afca
matrix-20260918-025538-98a873,0.02,8,LL,0822,42.8668,0.998067,3.360438,0.0,1.0,0.5,0.5,0,2.17,3.42,2.52,models/windowed_cnn_grid/8bit_a0.020/windowed_cnn_best.pt@2184f195afca
matrix-20260918-025538-98a873,0.02,8,LL,0823,38.4531,0.986553,9.284821,0.0,1.0,0.5,0.5,0,2.15,3.24,2.57,models/windowed_cnn_grid/8bit_a0.020/windowed_cnn_best.pt@2184f195afca
matrix-20260918-025538-98a873,0.02,8,LL,0824,39.1159,0.998293,7.970637,0.0,1.0,0.125,0.875,0,2.16,3.37,2.49,models/windowed_cnn_grid/8bit_a0.020/windowed_cnn_best.pt@2184f195afca
matrix-20260918-025538-98a873,0.02,8,LL,0825,39.5798,0.99842,7.16304,0.0,1.0,0.375,0.625,0,2.19,3.26,2.49,models/windowed_cnn_grid/8bit_a0.020/windowed_cnn_best.pt@2184f195afca
matrix-20260918-025538-98a873,0.02,8,LL,0826,38.9699,0.996372,8.243123,0.0,1.0,0.5,0.5,0,2.15,3.27,2.52,models/windowed_cnn_grid/8bit_a0.020/windowed_cnn_best.pt@2184f195afca
matrix-20260918-025538-98a873,0.02,8,LL,0827,47.6928,0.996779,1.10611,0.0,1.0,0.5,0.5,0,2.16,3.26,2.49,models/windowed_cnn_grid/8bit_a0.020/windowed_cnn_best.pt@2184f195afca
matrix-20260918-025538-98a873,0.02,8,LL,0828,47.4341,0.9962,1.174011,0.0,1.0,0.25,0.75,0,2.15,3.32,2.56,models/windowed_cnn_grid/8bit_a0.020/windowed_cnn_best.pt@2184f195afca
matrix-20260918-025538-98a873,0.02,8,LL,0829,41.5625,0.997138,4.537689,0.0,1.0,0.625,0.375,0,2.16,3.22,2.51,models/windowed_cnn_grid/8bit_a0.020/windowed_cnn_best.pt@2184f195afca
matrix-20260918-025538-98a873,0.02,8,LL,0830,39.229,0.99714,7.765691,0.0,1.0,0.5,0.5,0,2.15,3.26,2.52,models/windowed_cnn_grid/8bit_a0.020/windowed_cnn_best.pt@2184f195afca
matrix-20260918-025538-98a873,0.02,8,LL,0831,41.9722,0.996883,4.12915,0.0,1.0,0.625,0.375,0,2.17,3.37,2.52,models/windowed_cnn_grid/8bit_a0.020/windowed_cnn_best.pt@2184f195afca
matrix-20260918-025538-98a873,0.02,8,LL,0832,40.6241,0.99784,5.632055,0.0,1.0,0.625,0.375,0,2.22,3.34,2.51,models/windowed_cnn_grid/8bit_a0.020/windowed_cnn_best.pt@2184f195afca
matrix-20260918-025538-98a873,0.02,8,LL,0833,36.6594,0.998055,14.032745,0.0,1.0,0.5,0.5,0,2.13,3.24,2.46,models/windowed_cnn_grid/8bit_a0.020/windowed_cnn_best.pt@2184f195afca
matrix-20260918-025538-98a873,0.02,8,LL,0834,37.2512,0.996897,12.245122,0.0,1.0,0.375,0.625,0,2.15,3.38,2.54,models/windowed_cnn_grid/8bit_a0.020/windowed_cnn_best.pt@2184f195afca
matrix-20260918-025538-98a873,0.02,8,LL,0835,41.5172,0.996269,4.585251,0.0,1.0,0.625,0.375,0,2.17,3.27,2.58,models/windowed_cnn_grid/8bit_a0.020/windowed_cnn_best.pt@2184f195afca
matrix-20260918-025538-98a873,0.02,8,LL,0836,37.8915,0.998262,10.566498,0.0,1.0,0.25,0.75,0,2.18,3.26,2.53,models/windowed_cnn_grid/8bit_a0.020/windowed_cnn_best.pt@2184f195afca
matrix-20260918-025538-98a873,0.02,8,LL,0837,41.8329,0.998317,4.263728,0.0,1.0,0.25,0.75,0,2.17,3.25,2.51,models/windowed_cnn_grid/8bit_a0.020/windowed_cnn_best.pt@2184f195afca
matrix-20260918-025538-98a873,0.02,8,LL,0838,41.4322,0.996205,4.675807,0.0,1.0,0.375,0.625,0,2.13,3.23,2.54,models/windowed_cnn_grid/8bit_a0.020/windowed_cnn_best.pt@2184f195afca
matrix-20260918-025538-98a873,0.02,8,LL,0839,43.9218,0.998618,2.635727,0.0,1.0,0.125,0.875,0,2.09,3.16,2.53,models/windowed_cnn_grid/8bit_a0.020/windowed_cnn_best.pt@2184f195afca
matrix-20260918-025538-98a873,0.02,8,LL,0840,43.5049,0.997983,2.901271,0.0,1.0,0.625,0.375,0,2.17,3.29,2.56,models/windowed_cnn_grid/8bit_a0.020/windowed_cnn_best.pt@2184f195afca
matrix-20260918-025538-98a873,0.02,8,LL,0841,43.7169,0.997281,2.763036,0.0,1.0,0.25,0.75,0,2.18,3.29,2.57,models/windowed_cnn_grid/8bit_a0.020/windowed_cnn_best.pt@2184f195afca
matrix-20260918-025538-98a873,0.02,8,LL,0842,37.3007,0.997769,12.106308,0.0,1.0,0.75,0.25,0,2.14,3.32,2.51,models/windowed_cnn_grid/8bit_a0.020/windowed_cnn_best.pt@2184f195afca
matrix-20260918-025538-98a873,0.02,8,LL,0843,47.8325,0.999555,1.071096,0.0,1.0,0.375,0.625,0,1.83,2.6,2.19,models/windowed_cnn_grid/8bit_a0.020/windowed_cnn_best.pt@2184f195afca
matrix-20260918-025538-98a873,0.02,8,LL,0844,36.1086,0.996392,15.930069,0.0,1.0,0.5,0.5,0,2.14,3.25,2.58,models/windowed_cnn_grid/8bit_a0.020/windowed_cnn_best.pt@2184f195afca
matrix-20260918-025538-98a873,0.02,8,LL,0845,37.7833,0.99431,10.832972,0.0,1.0,0.0,1.0,1,2.16,3.26,2.51,models/windowed_cnn_grid/8bit_a0.020/windowed_cnn_best.pt@2184f195afca
matrix-20260918-025538-98a873,0.02,8,LL,0846,40.3036,0.998357,6.063421,0.0,1.0,0.5,0.5,0,2.16,3.33,2.58,models/windowed_cnn_grid/8bit_a0.020/windowed_cnn_best.pt@2184f195afca
matrix-20260918-025538-98a873,0.02,8,LL,0847,39.0073,0.997717,8.172343,0.0,1.0,0.25,0.75,0,2.18,3.38,2.5,models/windowed_cnn_grid/8bit_a0.020/windowed_cnn_best.pt@2184f195afca
matrix-20260918-025538-98a873,0.02,8,LL,0848,40.3951,0.99412,5.937017,0.0,1.0,0.875,0.125,0,2.14,3.37,2.57,models/windowed_cnn_grid/8bit_a0.020/windowed_cnn_best.pt@2184f195afca
matrix-20260918-025538-98a873,0.02,8,LL,0849,40.5131,0.998823,5.777939,0.0,1.0,0.25,0.75,0,2.17,3.33,2.61,models/windowed_cnn_grid/8bit_a0.020/windowed_cnn_best.pt@2184f195afca
matrix-20260918-025538-98a873,0.02,8,LL,0850,40.1372,0.997512,6.300237,0.0,1.0,0.5,0.5,0,2.2,3.31,2.63,models/windowed_cnn_grid/8bit_a0.020/windowed_cnn_best.pt@2184f195afca
matrix-20260918-025538-98a873,0.02,8,LL,0851,43.7811,0.975641,2.722493,0.0,1.0,0.375,0.625,0,2.16,3.32,2.55,models/windowed_cnn_grid/8bit_a0.020/windowed_cnn_best.pt@2184f195afca
matrix-20260918-025538-98a873,0.02,8,LL,0852,50.84,0.995379,0.535894,0.0,1.0,0.375,0.625,0,2.2,3.37,2.54,models/windowed_cnn_grid/8bit_a0.020/windowed_cnn_best.pt@2184f195afca
matrix-20260918-025538-98a873,0.02,8,LL,0853,42.9859,0.995607,3.269536,0.0,1.0,0.375,0.625,0,2.13,3.33,2.49,models/windowed_cnn_grid/8bit_a0.020/windowed_cnn_best.pt@2184f195afca
matrix-20260918-025538-98a873,0.02,8,LL,0854,38.9621,0.998261,8.257996,0.0,1.0,0.25,0.75,0,2.19,3.28,2.56,models/windowed_cnn_grid/8bit_a0.020/windowed_cnn_best.pt@2184f195afca
matrix-20260918-025538-98a873,0.02,8,LL,0855,39.6662,0.994847,7.022069,0.0,1.0,0.625,0.375,0,2.19,3.27,2.57,models/windowed_cnn_grid/8bit_a0.020/windowed_cnn_best.pt@2184f195afca
matrix-20260918-025538-98a873,0.02,8,LL,0856,45.457,0.997922,1.850901,0.0,1.0,0.375,0.625,0,2.17,3.37,2.54,models/windowed_cnn_grid/8bit_a0.020/windowed_cnn_best.pt@2184f195afca
matrix-20260918-025538-98a873,0.02,8,LL,0857,39.6046,0.99713,7.122375,0.0,1.0,0.625,0.375,0,2.14,3.24,2.49,models/windowed_cnn_grid/8bit_a0.020/windowed_cnn_best.pt@2184f195afca
matrix-20260918-025538-98a873,0.02,8,LL,0858,45.1493,0.995694,1.986801,0.0,1.0,0.25,0.75,0,2.16,3.3,2.54,models/windowed_cnn_grid/8bit_a0.020/windowed_cnn_best.pt@2184f195afca
matrix-20260918-025538-98a873,0.02,8,LL,0859,38.0009,0.998584,10.303691,0.0,1.0,0.5,0.5,0,2.17,3.37,2.52,models/windowed_cnn_grid/8bit_a0.020/windowed_cnn_best.pt@2184f195afca
matrix-20260918-025538-98a873,0.02,8,LL,0860,40.9497,0.999012,5.225311,0.0,1.0,0.375,0.625,0,2.17,3.35,2.59,models/windowed_cnn_grid/8bit_a0.020/windowed_cnn_best.pt@2184f195afca
matrix-20260918-025538-98a873,0.02,8,LL,0861,42.0039,0.997457,4.099136,0.25,0.75,0.5,0.5,0,2.16,3.26,2.5,models/windowed_cnn_grid/8bit_a0.020/windowed_cnn_best.pt@2184f195afca
matrix-20260918-025538-98a873,0.02,8,LL,0862,38.3582,0.997023,9.489853,0.0,1.0,0.5,0.5,0,2.14,3.27,2.5,models/windowed_cnn_grid/8bit_a0.020/windowed_cnn_best.pt@2184f195afca
matrix-20260918-025538-98a873,0.02,8,LL,0863,37.9919,0.997525,10.324956,0.0,1.0,0.5,0.5,0,2.21,3.35,2.61,models/windowed_cnn_grid/8bit_a0.020/windowed_cnn_best.pt@2184f195afca
matrix-20260918-025538-98a873,0.02,8,LL,0864,43.1356,0.998857,3.158798,0.0,1.0,0.375,0.625,0,2.17,3.33,2.52,models/windowed_cnn_grid/8bit_a0.020/windowed_cnn_best.pt@2184f195afca
matrix-20260918-025538-98a873,0.02,8,LL,0865,39.7379,0.998606,6.906972,0.0,1.0,0.5,0.5,0,2.15,3.26,2.5,models/windowed_cnn_grid/8bit_a0.020/windowed_cnn_best.pt@2184f195afca
matrix-20260918-025538-98a873,0.02,8,LL,0866,38.7663,0.998825,8.638667,0.0,1.0,0.375,0.625,0,2.16,3.26,2.54,models/windowed_cnn_grid/8bit_a0.020/windowed_cnn_best.pt@2184f195afca
matrix-20260918-025538-98a873,0.02,8,LL,0867,41.0769,0.998653,5.074437,0.0,1.0,0.375,0.625,0,2.16,3.34,2.52,models/windowed_cnn_grid/8bit_a0.020/windowed_cnn_best.pt@2184f195afca
matrix-20260918-025538-98a873,0.02,8,LL,0868,36.179,0.999006,15.673981,0.0,1.0,0.25,0.75,0,2.1,3.23,2.47,models/windowed_cnn_grid/8bit_a0.020/windowed_cnn_best.pt@2184f195afca
matrix-20260918-025538-98a873,0.02,8,LL,0869,39.3481,0.997722,7.555644,0.0,1.0,0.25,0.75,0,2.14,3.24,2.47,models/windowed_cnn_grid/8bit_a0.020/windowed_cnn_best.pt@2184f195afca
matrix-20260918-025538-98a873,0.02,8,LL,0870,41.1018,0.998868,5.045415,0.0,1.0,0.125,0.875,0,2.16,3.42,2.52,models/windowed_cnn_grid/8bit_a0.020/windowed_cnn_best.pt@2184f195afca
matrix-20260918-025538-98a873,0.02,8,LL,0871,39.452,0.998629,7.377065,0.0,1.0,0.375,0.625,0,2.17,3.28,2.48,models/windowed_cnn_grid/8bit_a0.020/windowed_cnn_best.pt@2184f195afca
matrix-20260918-025538-98a873,0.02,8,LL,0872,39.0376,0.998824,8.115534,0.0,1.0,0.375,0.625,0,2.17,3.28,2.5,models/windowed_cnn_grid/8bit_a0.020/windowed_cnn_best.pt@2184f195afca
matrix-20260918-025538-98a873,0.02,8,LL,0873,40.3641,0.998496,5.979548,0.0,1.0,0.375,0.625,0,2.14,3.28,2.53,models/windowed_cnn_grid/8bit_a0.020/windowed_cnn_best.pt@2184f195afca
matrix-20260918-025538-98a873,0.02,8,LL,0874,38.4244,0.997979,9.346313,0.0,1.0,0.25,0.75,0,2.17,3.28,2.51,models/windowed_cnn_grid/8bit_a0.020/windowed_cnn_best.pt@2184f195afca
matrix-20260918-025538-98a873,0.02,8,LL,0875,42.2276,0.998829,3.893366,0.0,1.0,0.375,0.625,0,2.16,3.27,2.53,models/windowed_cnn_grid/8bit_a0.020/windowed_cnn_best.pt@2184f195afca
matrix-20260918-025538-98a873,0.02,8,LL,0876,46.112,0.996767,1.591787,0.0,1.0,0.125,0.875,0,2.16,3.32,2.51,models/windowed_cnn_grid/8bit_a0.020/windowed_cnn_best.pt@2184f195afca
matrix-20260918-025538-98a873,0.02,8,LL,0877,46.3276,0.997783,1.514684,0.0,1.0,0.75,0.25,0,2.13,3.22,2.54,models/windowed_cnn_grid/8bit_a0.020/windowed_cnn_best.pt@2184f195afca
matrix-20260918-025538-98a873,0.02,8,LL,0878,38.5607,0.998789,9.057475,0.0,1.0,0.125,0.875,0,2.18,3.28,2.51,models/windowed_cnn_grid/8bit_a0.020/windowed_cnn_best.pt@2184f195afca
matrix-20260918-025538-98a873,0.02,8,LL,0879,41.0304,0.996428,5.129033,0.0,1.0,0.25,0.75,0,2.14,3.24,2.46,models/windowed_cnn_grid/8bit_a0.020/windowed_cnn_best.pt@2184f195afca
matrix-20260918-025538-98a873,0.02,8,LL,0880,40.3072,0.997582,6.058395,0.0,1.0,0.625,0.375,0,2.14,3.22,2.53,models/windowed_cnn_grid/8bit_a0.020/windowed_cnn_best.pt@2184f195afca
matrix-20260918-025538-98a873,0.02,8,LL,0881,38.546,0.99737,9.088221,0.0,1.0,0.125,0.875,0,2.14,3.33,2.51,models/windowed_cnn_grid/8bit_a0.020/windowed_cnn_best.pt@2184f195afca
matrix-20260918-025538-98a873,0.02,8,LL,0882,40.9533,0.997625,5.220993,0.0,1.0,0.5,0.5,0,2.2,3.28,2.49,models/windowed_cnn_grid/8bit_a0.020/windowed_cnn_best.pt@2184f195afca
matrix-20260918-025538-98a873,0.02,8,LL,0883,39.8272,0.998233,6.766434,0.0,1.0,0.625,0.375,0,2.15,3.39,2.52,models/windowed_cnn_grid/8bit_a0.020/windowed_cnn_best.pt@2184f195afca
matrix-20260918-025538-98a873,0.02,8,LL,0884,40.8859,0.99826,5.302572,0.0,1.0,0.0,1.0,1,2.15,3.26,2.53,models/windowed_cnn_grid/8bit_a0.020/windowed_cnn_best.pt@2184f195afca
matrix-20260918-025538-98a873,0.02,8,LL,0885,42.1912,0.998035,3.926066,0.125,0.875,0.375,0.625,0,2.21,3.39,2.53,models/windowed_cnn_grid/8bit_a0.020/windowed_cnn_best.pt@2184f195afca
matrix-20260918-025538-98a873,0.02,8,LL,0886,40.8705,0.993578,5.321503,0.0,1.0,0.25,0.75,0,2.14,3.25,2.52,models/windowed_cnn_grid/8bit_a0.020/windowed_cnn_best.pt@2184f195afca
matrix-20260918-025538-98a873,0.02,8,LL,0887,39.3403,0.996293,7.569229,0.0,1.0,0.625,0.375,0,2.19,3.27,2.53,models/windowed_cnn_grid/8bit_a0.020/windowed_cnn_best.pt@2184f195afca
matrix-20260918-025538-98a873,0.02,8,LL,0888,40.0248,0.997922,6.465474,0.0,1.0,0.375,0.625,0,2.16,3.26,2.5,models/windowed_cnn_grid/8bit_a0.020/windowed_cnn_best.pt@2184f195afca
matrix-20260918-025538-98a873,0.02,8,LL,0889,39.8279,0.998469,6.765416,0.0,1.0,0.5,0.5,0,2.19,3.38,2.49,models/windowed_cnn_grid/8bit_a0.020/windowed_cnn_best.pt@2184f195afca
matrix-20260918-025538-98a873,0.02,8,LL,0890,40.1253,0.997613,6.317586,0.0,1.0,0.375,0.625,0,2.14,3.31,2.53,models/windowed_cnn_grid/8bit_a0.020/windowed_cnn_best.pt@2184f195afca
matrix-20260918-025538-98a873,0.02,8,LL,0891,39.476,0.997303,7.336375,0.0,1.0,0.5,0.5,0,2.17,3.27,2.49,models/windowed_cnn_grid/8bit_a0.020/windowed_cnn_best.pt@2184f195afca
matrix-20260918-025538-98a873,0.02,8,LL,0892,38.5294,0.999194,9.123077,0.0,1.0,0.625,0.375,0,2.19,3.33,2.64,models/windowed_cnn_grid/8bit_a0.020/windowed_cnn_best.pt@2184f195afca
matrix-20260918-025538-98a873,0.02,8,LL,0893,42.5697,0.997195,3.598409,0.0,1.0,0.5,0.5,0,2.15,3.43,2.67,models/windowed_cnn_grid/8bit_a0.020/windowed_cnn_best.pt@2184f195afca
matrix-20260918-025538-98a873,0.02,8,LL,0894,37.0685,0.997892,12.771083,0.0,1.0,0.375,0.625,0,2.17,3.39,2.59,models/windowed_cnn_grid/8bit_a0.020/windowed_cnn_best.pt@2184f195afca
matrix-20260918-025538-98a873,0.02,8,LL,0895,41.2611,0.998629,4.863703,0.0,1.0,0.375,0.625,0,2.19,3.32,2.54,models/windowed_cnn_grid/8bit_a0.020/windowed_cnn_best.pt@2184f195afca
matrix-20260918-025538-98a873,0.02,8,LL,0896,35.6345,0.99466,17.767649,0.0,1.0,0.25,0.75,0,2.12,3.23,2.5,models/windowed_cnn_grid/8bit_a0.020/windowed_cnn_best.pt@2184f195afca
matrix-20260918-025538-98a873,0.02,8,LL,0897,42.6297,0.999278,3.549016,0.0,1.0,0.0,1.0,1,2.18,3.38,2.59,models/windowed_cnn_grid/8bit_a0.020/windowed_cnn_best.pt@2184f195afca
matrix-20260918-025538-98a873,0.02,8,LL,0898,39.4601,0.995593,7.363342,0.0,1.0,0.125,0.875,0,2.14,3.26,2.49,models/windowed_cnn_grid/8bit_a0.020/windowed_cnn_best.pt@2184f195afca
matrix-20260918-025538-98a873,0.02,8,LL,0899,42.0754,0.997597,4.032191,0.0,1.0,0.375,0.625,0,2.18,3.31,2.64,models/windowed_cnn_grid/8bit_a0.020/windowed_cnn_best.pt@2184f195afca
matrix-20260918-025538-98a873,0.02,8,LL,0900,43.4028,0.991184,2.970311,0.0,1.0,0.5,0.5,0,2.17,3.28,2.54,models/windowed_cnn_grid/8bit_a0.020/windowed_cnn_best.pt@2184f195afca
matrix-20260918-025538-98a873,0.02,16,LL,0801,39.3318,0.998715,7.584005,0.0,1.0,0.5,0.5,0,2.18,3.42,3.13,models/windowed_cnn_grid/16bit_a0.020/windowed_cnn_best.pt@da4243c7ddca
matrix-20260918-025538-98a873,0.02,16,LL,0802,41.3434,0.992254,4.77239,0.125,0.875,0.375,0.625,0,2.14,3.36,3.08,models/windowed_cnn_grid/16bit_a0.020/windowed_cnn_best.pt@da4243c7ddca
matrix-20260918-025538-98a873,0.02,16,LL,0803,39.0499,0.997246,8.092606,0.0,1.0,0.625,0.375,0,2.21,3.22,3.13,models/windowed_cnn_grid/16bit_a0.020/windowed_cnn_best.pt@da4243c7ddca
matrix-20260918-025538-98a873,0.02,16,LL,0804,38.5044,0.998375,9.175695,0.125,0.875,0.125,0.875,0,2.17,3.41,3.13,models/windowed_cnn_grid/16bit_a0.020/windowed_cnn_best.pt@da4243c7ddca
matrix-20260918-025538-98a873,0.02,16,LL,0805,38.1221,0.998201,10.02003,0.0,1.0,0.1875,0.8125,0,2.19,3.28,3.16,models/windowed_cnn_grid/16bit_a0.020/windowed_cnn_best.pt@da4243c7ddca
matrix-20260918-025538-98a873,0.02,16,LL,0806,39.6044,0.98935,7.122681,0.0,1.0,0.375,0.625,0,2.15,3.3,3.16,models/windowed_cnn_grid/16bit_a0.020/windowed_cnn_best.pt@da4243c7ddca
matrix-20260918-025538-98a873,0.02,16,LL,0807,41.6311,0.995941,4.466497,0.0,1.0,0.5,0.5,0,2.24,3.28,3.18,models/windowed_cnn_grid/16bit_a0.020/windowed_cnn_best.pt@da4243c7ddca
matrix-20260918-025538-98a873,0.02,16,LL,0808,42.2032,0.996067,3.915288,0.0,1.0,0.5,0.5,0,2.16,3.35,3.15,models/windowed_cnn_grid/16bit_a0.020/windowed_cnn_best.pt@da4243c7ddca
matrix-20260918-025538-98a873,0.02,16,LL,0809,39.6721,0.997948,7.012416,0.125,0.875,0.3125,0.6875,0,2.18,3.31,3.14,models/windowed_cnn_grid/16bit_a0.020/windowed_cnn_best.pt@da4243c7ddca
matrix-20260918-025538-98a873,0.02,16,LL,0810,40.0552,0.997866,6.420415,0.0625,0.9375,0.4375,0.5625,0,2.15,3.34,3.11,models/windowed_cnn_grid/16bit_a0.020/windowed_cnn_best.pt@da4243c7ddca
matrix-20260918-025538-98a873,0.02,16,LL,0811,42.5146,0.997513,3.644353,0.0,1.0,0.375,0.625,0,2.17,3.3,3.08,models/windowed_cnn_grid/16bit_a0.020/windowed_cnn_best.pt@da4243c7ddca
matrix-20260918-025538-98a873,0.02,16,LL,0812,39.881,0.997781,6.683131,0.0,1.0,0.3125,0.6875,0,2.15,3.33,3.07,models/windowed_cnn_grid/16bit_a0.020/windowed_cnn_best.pt@da4243c7ddca
matrix-20260918-025538-98a873,0.02,16,LL,0813,39.0811,0.995655,8.034637,0.0,1.0,0.3125,0.6875,0,2.23,3.3,3.09,models/windowed_cnn_grid/16bit_a0.020/windowed_cnn_best.pt@da4243c7ddca
matrix-20260918-025538-98a873,0.02,16,LL,0814,43.1363,0.997686,3.15829,0.125,0.875,0.375,0.625,0,2.13,3.34,3.06,models/windowed_cnn_grid/16bit_a0.020/windowed_cnn_best.pt@da4243c7ddca
matrix-20260918-025538-98a873,0.02,16,LL,0815,41.5659,0.998212,4.534129,0.0,1.0,0.25,0.75,0,2.23,3.25,3.11,models/windowed_cnn_grid/16bit_a0.020/windowed_cnn_best.pt@da4243c7ddca
matrix-20260918-025538-98a873,0.02,16,LL,0816,39.0209,0.997709,8.146947,0.0,1.0,0.4375,0.5625,0,2.18,3.32,3.1,models/windowed_cnn_grid/16bit_a0.020/windowed_cnn_best.pt@da4243c7ddca
matrix-20260918-025538-98a873,0.02,16,LL,0817,39.5014,0.997382,7.293625,0.0,1.0,0.3125,0.6875,0,2.26,3.29,3.05,models/windowed_cnn_grid/16bit_a0.020/windowed_cnn_best.pt@da4243c7ddca
matrix-20260918-025538-98a873,0.02,16,LL,0818,37.911,0.995345,10.519211,0.0,1.0,0.5,0.5,0,2.15,3.32,3.12,models/windowed_cnn_grid/16bit_a0.020/windowed_cnn_best.pt@da4243c7ddca
matrix-20260918-025538-98a873,0.02,16,LL,0819,40.0152,0.998246,6.479787,0.0,1.0,0.3125,0.6875,0,2.24,3.26,3.11,models/windowed_cnn_grid/16bit_a0.020/windowed_cnn_best.pt@da4243c7ddca
matrix-20260918-025538-98a873,0.02,16,LL,0820,38.4421,0.998639,9.308304,0.125,0.875,0.3125,0.6875,0,2.18,3.3,3.15,models/windowed_cnn_grid/16bit_a0.020/windowed_cnn_best.pt@da4243c7ddca
matrix-20260918-025538-98a873,0.02,16,LL,0821,41.376,0.997385,4.736791,0.125,0.875,0.125,0.875,0,2.22,3.31,3.09,models/windowed_cnn_grid/16bit_a0.020/windowed_cnn_best.pt@da4243c7ddca
matrix-20260918-025538-98a873,0.02,16,LL,0822,42.8681,0.998632,3.359451,0.0,1.0,0.4375,0.5625,0,2.19,3.42,3.11,models/windowed_cnn_grid/16bit_a0.020/windowed_cnn_best.pt@da4243c7ddca
matrix-20260918-025538-98a873,0.02,16,LL,0823,38.4213,0.987393,9.352941,0.0,1.0,0.125,0.875,0,2.21,3.25,3.19,models/windowed_cnn_grid/16bit_a0.020/windowed_cnn_best.pt@da4243c7ddca
matrix-20260918-025538-98a873,0.02,16,LL,0824,39.0322,0.997882,8.125692,0.0,1.0,0.3125,0.6875,0,2.16,3.35,3.08,models/windowed_cnn_grid/16bit_a0.020/windowed_cnn_best.pt@da4243c7ddca
matrix-20260918-025538-98a873,0.02,16,LL,0825,39.4706,0.998234,7.345535,0.125,0.875,0.1875,0.8125,0,2.2,3.26,3.06,models/windowed_cnn_grid/16bit_a0.020/windowed_cnn_best.pt@da4243c7ddca
matrix-20260918-025538-98a873,0.02,16,LL,0826,39.2456,0.99644,7.736028,0.0,1.0,0.3125,0.6875,0,2.14,3.26,3.15,models/windowed_cnn_grid/16bit_a0.020/windowed_cnn_best.pt@da4243c7ddca
matrix-20260918-025538-98a873,0.02,16,LL,0827,47.6973,0.99673,1.104965,0.125,0.875,0.25,0.75,0,2.18,3.24,3.1,models/windowed_cnn_grid/16bit_a0.020/windowed_cnn_best.pt@da4243c7ddca
matrix-20260918-025538-98a873,0.02,16,LL,0828,46.3884,0.986127,1.493622,0.0,1.0,0.3125,0.6875,0,2.25,3.34,3.12,models/windowed_cnn_grid/16bit_a0.020/windowed_cnn_best.pt@da4243c7ddca
matrix-20260918-025538-98a873,0.02,16,LL,0829,41.3752,0.996678,4.737671,0.0,1.0,0.3125,0.6875,0,2.16,3.27,3.07,models/windowed_cnn_grid/16bit_a0.020/windowed_cnn_best.pt@da4243c7ddca
matrix-20260918-025538-98a873,0.02,16,LL,0830,39.1957,0.996569,7.825551,0.0,1.0,0.375,0.625,0,2.23,3.3,3.05,models/windowed_cnn_grid/16bit_a0.020/windowed_cnn_best.pt@da4243c7ddca
matrix-20260918-025538-98a873,0.02,16,LL,0831,41.8702,0.996822,4.227269,0.0,1.0,0.3125,0.6875,0,2.2,3.29,3.09,models/windowed_cnn_grid/16bit_a0.020/windowed_cnn_best.pt@da4243c7ddca
matrix-20260918-025538-98a873,0.02,16,LL,0832,40.972,0.997585,5.198527,0.0,1.0,0.1875,0.8125,0,2.19,3.29,3.09,models/windowed_cnn_grid/16bit_a0.020/windowed_cnn_best.pt@da4243c7ddca
matrix-20260918-025538-98a873,0.02,16,LL,0833,36.6377,0.998575,14.102844,0.0,1.0,0.1875,0.8125,0,2.13,3.22,3.07,models/windowed_cnn_grid/16bit_a0.020/windowed_cnn_best.pt@da4243c7ddca
matrix-20260918-025538-98a873,0.02,16,LL,0834,38.5438,0.996653,9.092789,0.0,1.0,0.4375,0.5625,0,2.24,3.3,3.15,models/windowed_cnn_grid/16bit_a0.020/windowed_cnn_best.pt@da4243c7ddca
matrix-20260918-025538-98a873,0.02,16,LL,0835,41.4176,0.996677,4.691589,0.125,0.875,0.1875,0.8125,0,2.17,3.33,3.09,models/windowed_cnn_grid/16bit_a0.020/windowed_cnn_best.pt@da4243c7ddca
matrix-20260918-025538-98a873,0.02,16,LL,0836,37.8619,0.998206,10.638636,0.0,1.0,0.1875,0.8125,0,2.22,3.27,3.16,models/windowed_cnn_grid/16bit_a0.020/windowed_cnn_best.pt@da4243c7ddca
matrix-20260918-025538-98a873,0.02,16,LL,0837,41.9721,0.998676,4.129272,0.0,1.0,0.4375,0.5625,0,2.18,3.34,3.08,models/windowed_cnn_grid/16bit_a0.020/windowed_cnn_best.pt@da4243c7ddca
matrix-20260918-025538-98a873,0.02,16,LL,0838,41.4732,0.996249,4.631902,0.0,1.0,0.5,0.5,0,2.14,3.25,3.06,models/windowed_cnn_grid/16bit_a0.020/windowed_cnn_best.pt@da4243c7ddca
matrix-20260918-025538-98a873,0.02,16,LL,0839,42.7007,0.924368,3.49146,0.0,1.0,0.25,0.75,0,2.09,3.27,3.03,models/windowed_cnn_grid/16bit_a0.020/windowed_cnn_best.pt@da4243c7ddca
matrix-20260918-025538-98a873,0.02,16,LL,0840,43.4228,0.998582,2.956645,0.0,1.0,0.5,0.5,0,2.18,3.34,3.06,models/windowed_cnn_grid/16bit_a0.020/windowed_cnn_best.pt@da4243c7ddca
matrix-20260918-025538-98a873,0.02,16,LL,0841,43.5703,0.99727,2.857941,0.125,0.875,0.3125,0.6875,0,2.16,3.24,3.11,models/windowed_cnn_grid/16bit_a0.020/windowed_cnn_best.pt@da4243c7ddca
matrix-20260918-025538-98a873,0.02,16,LL,0842,37.1247,0.998038,12.606837,0.0,1.0,0.3125,0.6875,0,2.23,3.25,3.08,models/windowed_cnn_grid/16bit_a0.020/windowed_cnn_best.pt@da4243c7ddca
matrix-20260918-025538-98a873,0.02,16,LL,0843,47.5979,0.999194,1.130554,0.0,1.0,0.375,0.625,0,1.82,2.71,2.74,models/windowed_cnn_grid/16bit_a0.020/windowed_cnn_best.pt@da4243c7ddca
matrix-20260918-025538-98a873,0.02,16,LL,0844,36.0394,0.995896,16.186137,0.0,1.0,0.1875,0.8125,0,2.2,3.31,3.12,models/windowed_cnn_grid/16bit_a0.020/windowed_cnn_best.pt@da4243c7ddca
matrix-20260918-025538-98a873,0.02,16,LL,0845,37.6084,0.997977,11.278102,0.0,1.0,0.3125,0.6875,0,2.15,3.38,3.07,models/windowed_cnn_grid/16bit_a0.020/windowed_cnn_best.pt@da4243c7ddca
matrix-20260918-025538-98a873,0.02,16,LL,0846,40.1044,0.997443,6.348089,0.0625,0.9375,0.0625,0.9375,0,2.17,3.3,3.09,models/windowed_cnn_grid/16bit_a0.020/windowed_cnn_best.pt@da4243c7ddca
matrix-20260918-025538-98a873,0.02,16,LL,0847,39.8129,0.997072,6.788712,0.125,0.875,0.1875,0.8125,0,2.19,3.32,3.07,models/windowed_cnn_grid/16bit_a0.020/windowed_cnn_best.pt@da4243c7ddca
matrix-20260918-025538-98a873,0.02,16,LL,0848,40.2659,0.994017,6.116287,0.0,1.0,0.4375,0.5625,0,2.24,3.35,3.22,models/windowed_cnn_grid/16bit_a0.020/windowed_cnn_best.pt@da4243c7ddca
matrix-20260918-025538-98a873,0.02,16,LL,0849,40.3612,0.998731,5.983617,0.0,1.0,0.375,0.625,0,2.19,3.44,3.26,models/windowed_cnn_grid/16bit_a0.020/windowed_cnn_best.pt@da4243c7ddca
matrix-20260918-025538-98a873,0.02,16,LL,0850,40.0521,0.997755,6.424886,0.125,0.875,0.5,0.5,0,2.24,3.25,3.12,models/windowed_cnn_grid/16bit_a0.020/windowed_cnn_best.pt@da4243c7ddca
matrix-20260918-025538-98a873,0.02,16,LL,0851,43.6959,0.975029,2.776423,0.0,1.0,0.3125,0.6875,0,2.17,3.38,3.1,models/windowed_cnn_grid/16bit_a0.020/windowed_cnn_best.pt@da4243c7ddca
matrix-20260918-025538-98a873,0.02,16,LL,0852,50.784,0.994881,0.542852,0.0,1.0,0.375,0.625,0,2.18,3.28,3.09,models/windowed_cnn_grid/16bit_a0.020/windowed_cnn_best.pt@da4243c7ddca
matrix-20260918-025538-98a873,0.02,16,LL,0853,43.0026,0.995869,3.257004,0.0,1.0,0.4375,0.5625,0,2.14,3.31,3.05,models/windowed_cnn_grid/16bit_a0.020/windowed_cnn_best.pt@da4243c7ddca
matrix-20260918-025538-98a873,0.02,16,LL,0854,38.7486,0.998062,8.67392,0.0,1.0,0.25,0.75,0,2.21,3.26,3.15,models/windowed_cnn_grid/16bit_a0.020/windowed_cnn_best.pt@da4243c7ddca
matrix-20260918-025538-98a873,0.02,16,LL,0855,39.5779,0.997191,7.166148,0.0,1.0,0.5625,0.4375,0,2.18,3.33,3.11,models/windowed_cnn_grid/16bit_a0.020/windowed_cnn_best.pt@da4243c7ddca
matrix-20260918-025538-98a873,0.02,16,LL,0856,45.5225,0.997882,1.823191,0.0625,0.9375,0.5,0.5,0,2.25,3.28,3.12,models/windowed_cnn_grid/16bit_a0.020/windowed_cnn_best.pt@da4243c7ddca
matrix-20260918-025538-98a873,0.02,16,LL,0857,39.5924,0.996921,7.142283,0.0,1.0,0.375,0.625,0,2.14,3.31,3.05,models/windowed_cnn_grid/16bit_a0.020/windowed_cnn_best.pt@da4243c7ddca
matrix-20260918-025538-98a873,0.02,16,LL,0858,45.14,0.996791,1.991038,0.0,1.0,0.5,0.5,0,2.18,3.28,3.11,models/windowed_cnn_grid/16bit_a0.020/windowed_cnn_best.pt@da4243c7ddca
matrix-20260918-025538-98a873,0.02,16,LL,0859,38.0768,0.998182,10.125081,0.0,1.0,0.25,0.75,0,2.16,3.34,3.08,models/windowed_cnn_grid/16bit_a0.020/windowed_cnn_best.pt@da4243c7ddca
matrix-20260918-025538-98a873,0.02,16,LL,0860,40.8049,0.998531,5.402466,0.0,1.0,0.4375,0.5625,0,2.24,3.29,3.11,models/windowed_cnn_grid/16bit_a0.020/windowed_cnn_best.pt@da4243c7ddca
matrix-20260918-025538-98a873,0.02,16,LL,0861,41.9332,0.996869,4.166361,0.0,1.0,0.375,0.625,0,2.18,3.25,3.08,models/windowed_cnn_grid/16bit_a0.020/windowed_cnn_best.pt@da4243c7ddca
matrix-20260918-025538-98a873,0.02,16,LL,0862,38.3345,0.997197,9.541835,0.0,1.0,0.375,0.625,0,2.14,3.27,3.23,models/windowed_cnn_grid/16bit_a0.020/windowed_cnn_best.pt@da4243c7ddca
matrix-20260918-025538-98a873,0.02,16,LL,0863,37.9387,0.997165,10.45223,0.125,0.875,0.3125,0.6875,0,2.16,3.27,3.08,models/windowed_cnn_grid/16bit_a0.020/windowed_cnn_best.pt@da4243c7ddca
matrix-20260918-025538-98a873,0.02,16,LL,0864,43.0035,0.998597,3.256373,0.0,1.0,0.1875,0.8125,0,2.22,3.3,3.11,models/windowed_cnn_grid/16bit_a0.020/windowed_cnn_best.pt@da4243c7ddca
matrix-20260918-025538-98a873,0.02,16,LL,0865,39.691,0.998467,6.981929,0.0,1.0,0.4375,0.5625,0,2.15,3.27,3.09,models/windowed_cnn_grid/16bit_a0.020/windowed_cnn_best.pt@da4243c7ddca
matrix-20260918-025538-98a873,0.02,16,LL,0866,38.7003,0.998786,8.770925,0.25,0.75,0.125,0.875,0,2.17,3.26,3.06,models/windowed_cnn_grid/16bit_a0.020/windowed_cnn_best.pt@da4243c7ddca
matrix-20260918-025538-98a873,0.02,16,LL,0867,40.8893,0.998543,5.298482,0.0,1.0,0.1875,0.8125,0,2.15,3.36,3.17,models/windowed_cnn_grid/16bit_a0.020/windowed_cnn_best.pt@da4243c7ddca
matrix-20260918-025538-98a873,0.02,16,LL,0868,36.0187,0.99876,16.263255,0.0,1.0,0.375,0.625,0,2.18,3.19,3.01,models/windowed_cnn_grid/16bit_a0.020/windowed_cnn_best.pt@da4243c7ddca
matrix-20260918-025538-98a873,0.02,16,LL,0869,39.4687,0.99767,7.348709,0.0,1.0,0.3125,0.6875,0,2.16,3.27,3.1,models/windowed_cnn_grid/16bit_a0.020/windowed_cnn_best.pt@da4243c7ddca
matrix-20260918-025538-98a873,0.02,16,LL,0870,41.063,0.998827,5.09079,0.0,1.0,0.5,0.5,0,2.18,3.36,3.07,models/windowed_cnn_grid/16bit_a0.020/windowed_cnn_best.pt@da4243c7ddca
matrix-20260918-025538-98a873,0.02,16,LL,0871,39.3773,0.99851,7.505076,0.0,1.0,0.375,0.625,0,2.24,3.3,3.2,models/windowed_cnn_grid/16bit_a0.020/windowed_cnn_best.pt@da4243c7ddca
matrix-20260918-025538-98a873,0.02,16,LL,0872,38.9961,0.998754,8.193476,0.0,1.0,0.1875,0.8125,0,2.15,3.35,3.11,models/windowed_cnn_grid/16bit_a0.020/windowed_cnn_best.pt@da4243c7ddca
matrix-20260918-025538-98a873,0.02,16,LL,0873,40.3177,0.998379,6.043742,0.125,0.875,0.0625,0.9375,0,2.23,3.28,3.18,models/windowed_cnn_grid/16bit_a0.020/windowed_cnn_best.pt@da4243c7ddca
matrix-20260918-025538-98a873,0.02,16,LL,0874,38.3587,0.99778,9.488708,0.125,0.875,0.3125,0.6875,0,2.17,3.27,3.07,models/windowed_cnn_grid/16bit_a0.020/windowed_cnn_best.pt@da4243c7ddca
matrix-20260918-025538-98a873,0.02,16,LL,0875,42.0755,0.998781,4.032094,0.0625,0.9375,0.3125,0.6875,0,2.23,3.3,3.07,models/windowed_cnn_grid/16bit_a0.020/windowed_cnn_best.pt@da4243c7ddca
matrix-20260918-025538-98a873,0.02,16,LL,0876,45.7834,0.996296,1.716878,0.0,1.0,0.375,0.625,0,2.15,3.36,3.2,models/windowed_cnn_grid/16bit_a0.020/windowed_cnn_best.pt@da4243c7ddca
matrix-20260918-025538-98a873,0.02,16,LL,0877,46.071,0.997297,1.606862,0.0,1.0,0.375,0.625,0,2.22,3.31,3.1,models/windowed_cnn_grid/16bit_a0.020/windowed_cnn_best.pt@da4243c7ddca
matrix-20260918-025538-98a873,0.02,16,LL,0878,38.5451,0.998345,9.090134,0.0,1.0,0.3125,0.6875,0,2.16,3.33,3.08,models/windowed_cnn_grid/16bit_a0.020/windowed_cnn_best.pt@da4243c7ddca
matrix-20260918-025538-98a873,0.02,16,LL,0879,40.7226,0.99592,5.505814,0.0,1.0,0.4375,0.5625,0,2.14,3.24,3.09,models/windowed_cnn_grid/16bit_a0.020/windowed_cnn_best.pt@da4243c7ddca
matrix-20260918-025538-98a873,0.02,16,LL,0880,40.3355,0.997725,6.019099,0.0,1.0,0.375,0.625,0,2.16,3.3,3.06,models/windowed_cnn_grid/16bit_a0.020/windowed_cnn_best.pt@da4243c7ddca
matrix-20260918-025538-98a873,0.02,16,LL,0881,38.43,0.997126,9.334178,0.0,1.0,0.375,0.625,0,2.13,3.25,3.06,models/windowed_cnn_grid/16bit_a0.020/windowed_cnn_best.pt@da4243c7ddca
matrix-20260918-025538-98a873,0.02,16,LL,0882,40.8367,0.997467,5.363007,0.0,1.0,0.375,0.625,0,2.16,3.37,3.08,models/windowed_cnn_grid/16bit_a0.020/windowed_cnn_best.pt@da4243c7ddca
matrix-20260918-025538-98a873,0.02,16,LL,0883,39.7559,0.998076,6.878398,0.125,0.875,0.1875,0.8125,0,2.17,3.3,3.16,models/windowed_cnn_grid/16bit_a0.020/windowed_cnn_best.pt@da4243c7ddca
matrix-20260918-025538-98a873,0.02,16,LL,0884,40.9304,0.998077,5.24855,0.0,1.0,0.1875,0.8125,0,2.15,3.29,3.09,models/windowed_cnn_grid/16bit_a0.020/windowed_cnn_best.pt@da4243c7ddca
matrix-20260918-025538-98a873,0.02,16,LL,0885,42.1243,0.998056,3.987061,0.0,1.0,0.4375,0.5625,0,2.23,3.3,3.05,models/windowed_cnn_grid/16bit_a0.020/windowed_cnn_best.pt@da4243c7ddca
matrix-20260918-025538-98a873,0.02,16,LL,0886,40.7785,0.994839,5.435369,0.0,1.0,0.4375,0.5625,0,2.14,3.36,3.1,models/windowed_cnn_grid/16bit_a0.020/windowed_cnn_best.pt@da4243c7ddca
matrix-20260918-025538-98a873,0.02,16,LL,0887,39.3205,0.9962,7.603861,0.0,1.0,0.3125,0.6875,0,2.21,3.27,3.04,models/windowed_cnn_grid/16bit_a0.020/windowed_cnn_best.pt@da4243c7ddca
matrix-20260918-025538-98a873,0.02,16,LL,0888,39.8514,0.997472,6.728872,0.125,0.875,0.375,0.625,0,2.15,3.28,3.07,models/windowed_cnn_grid/16bit_a0.020/windowed_cnn_best.pt@da4243c7ddca
matrix-20260918-025538-98a873,0.02,16,LL,0889,39.3044,0.998848,7.631994,0.0,1.0,0.1875,0.8125,0,2.23,3.28,3.08,models/windowed_cnn_grid/16bit_a0.020/windowed_cnn_best.pt@da4243c7ddca
matrix-20260918-025538-98a873,0.02,16,LL,0890,40.1818,0.997591,6.235881,0.0,1.0,0.3125,0.6875,0,2.15,3.29,3.13,models/windowed_cnn_grid/16bit_a0.020/windowed_cnn_best.pt@da4243c7ddca
matrix-20260918-025538-98a873,0.02,16,LL,0891,39.4104,0.99793,7.448069,0.0,1.0,0.25,0.75,0,2.25,3.27,3.13,models/windowed_cnn_grid/16bit_a0.020/windowed_cnn_best.pt@da4243c7ddca
matrix-20260918-025538-98a873,0.02,16,LL,0892,38.4731,0.999212,9.242177,0.125,0.875,0.3125,0.6875,0,2.18,3.44,3.12,models/windowed_cnn_grid/16bit_a0.020/windowed_cnn_best.pt@da4243c7ddca
matrix-20260918-025538-98a873,0.02,16,LL,0893,42.5032,0.99694,3.65389,0.0,1.0,0.25,0.75,0,2.21,3.3,3.1,models/windowed_cnn_grid/16bit_a0.020/windowed_cnn_best.pt@da4243c7ddca
matrix-20260918-025538-98a873,0.02,16,LL,0894,37.0616,0.997034,12.791601,0.0,1.0,0.375,0.625,0,2.16,3.3,3.07,models/windowed_cnn_grid/16bit_a0.020/windowed_cnn_best.pt@da4243c7ddca
matrix-20260918-025538-98a873,0.02,16,LL,0895,41.1271,0.998295,5.016113,0.0,1.0,0.25,0.75,0,2.18,3.3,3.09,models/windowed_cnn_grid/16bit_a0.020/windowed_cnn_best.pt@da4243c7ddca
matrix-20260918-025538-98a873,0.02,16,LL,0896,35.6001,0.992884,17.908758,0.0,1.0,0.375,0.625,0,2.16,3.34,3.08,models/windowed_cnn_grid/16bit_a0.020/windowed_cnn_best.pt@da4243c7ddca
matrix-20260918-025538-98a873,0.02,16,LL,0897,42.4362,0.999237,3.710759,0.0625,0.9375,0.3125,0.6875,0,2.23,3.32,3.16,models/windowed_cnn_grid/16bit_a0.020/windowed_cnn_best.pt@da4243c7ddca
matrix-20260918-025538-98a873,0.02,16,LL,0898,39.4137,0.99539,7.442296,0.0,1.0,0.3125,0.6875,0,2.12,3.3,3.06,models/windowed_cnn_grid/16bit_a0.020/windowed_cnn_best.pt@da4243c7ddca
matrix-20260918-025538-98a873,0.02,16,LL,0899,41.9176,0.997252,4.181371,0.0,1.0,0.25,0.75,0,2.18,3.35,3.17,models/windowed_cnn_grid/16bit_a0.020/windowed_cnn_best.pt@da4243c7ddca
matrix-20260918-025538-98a873,0.02,16,LL,0900,43.3297,0.98929,3.020716,0.0,1.0,0.4375,0.5625,0,2.17,3.39,3.1,models/windowed_cnn_grid/16bit_a0.020/windowed_cnn_best.pt@da4243c7ddca
matrix-20260918-025538-98a873,0.02,32,LL,0801,39.3103,0.998587,7.621638,0.0625,0.9375,0.1875,0.8125,0,2.18,3.28,3.64,models/windowed_cnn_grid/32bit_a0.020/windowed_cnn_best.pt@1282bdd944b2
matrix-20260918-025538-98a873,0.02,32,LL,0802,41.2301,0.988941,4.89861,0.0,1.0,0.28125,0.71875,0,2.18,3.25,3.57,models/windowed_cnn_grid/32bit_a0.020/windowed_cnn_best.pt@1282bdd944b2
matrix-20260918-025538-98a873,0.02,32,LL,0803,38.9192,0.996857,8.339834,0.0625,0.9375,0.1875,0.8125,0,2.16,3.25,3.61,models/windowed_cnn_grid/32bit_a0.020/windowed_cnn_best.pt@1282bdd944b2
matrix-20260918-025538-98a873,0.02,32,LL,0804,38.5255,0.99835,9.131165,0.15625,0.84375,0.34375,0.65625,0,2.19,3.27,3.66,models/windowed_cnn_grid/32bit_a0.020/windowed_cnn_best.pt@1282bdd944b2
matrix-20260918-025538-98a873,0.02,32,LL,0805,38.1108,0.997462,10.046193,0.0625,0.9375,0.3125,0.6875,0,2.18,3.43,3.61,models/windowed_cnn_grid/32bit_a0.020/windowed_cnn_best.pt@1282bdd944b2
matrix-20260918-025538-98a873,0.02,32,LL,0806,39.5538,0.989588,7.206029,0.0,1.0,0.28125,0.71875,0,2.14,3.38,3.6,models/windowed_cnn_grid/32bit_a0.020/windowed_cnn_best.pt@1282bdd944b2
matrix-20260918-025538-98a873,0.02,32,LL,0807,41.6126,0.995759,4.485626,0.0625,0.9375,0.15625,0.84375,0,2.17,3.3,3.54,models/windowed_cnn_grid/32bit_a0.020/windowed_cnn_best.pt@1282bdd944b2
matrix-20260918-025538-98a873,0.02,32,LL,0808,42.0121,0.99486,4.09137,0.0625,0.9375,0.28125,0.71875,0,2.16,3.24,3.6,models/windowed_cnn_grid/32bit_a0.020/windowed_cnn_best.pt@1282bdd944b2
matrix-20260918-025538-98a873,0.02,32,LL,0809,39.6753,0.997987,7.007248,0.125,0.875,0.21875,0.78125,0,2.18,3.37,3.61,models/windowed_cnn_grid/32bit_a0.020/windowed_cnn_best.pt@1282bdd944b2
matrix-20260918-025538-98a873,0.02,32,LL,0810,39.983,0.997879,6.528,0.0,1.0,0.15625,0.84375,0,2.17,3.41,3.58,models/windowed_cnn_grid/32bit_a0.020/windowed_cnn_best.pt@1282bdd944b2
matrix-20260918-025538-98a873,0.02,32,LL,0811,42.517,0.9965,3.642303,0.09375,0.90625,0.34375,0.65625,0,2.15,3.28,3.64,models/windowed_cnn_grid/32bit_a0.020/windowed_cnn_best.pt@1282bdd944b2
matrix-20260918-025538-98a873,0.02,32,LL,0812,39.8664,0.997191,6.705592,0.0625,0.9375,0.34375,0.65625,0,2.15,3.26,3.54,models/windowed_cnn_grid/32bit_a0.020/windowed_cnn_best.pt@1282bdd944b2
matrix-20260918-025538-98a873,0.02,32,LL,0813,39.0876,0.994918,8.02269,0.0,1.0,0.28125,0.71875,0,2.17,3.24,3.55,models/windowed_cnn_grid/32bit_a0.020/windowed_cnn_best.pt@1282bdd944b2
matrix-20260918-025538-98a873,0.02,32,LL,0814,42.6703,0.99747,3.516017,0.0625,0.9375,0.28125,0.71875,0,2.16,3.24,3.52,models/windowed_cnn_grid/32bit_a0.020/windowed_cnn_best.pt@1282bdd944b2
matrix-20260918-025538-98a873,0.02,32,LL,0815,41.4356,0.998373,4.67215,0.0625,0.9375,0.28125,0.71875,0,2.18,3.38,3.54,models/windowed_cnn_grid/32bit_a0.020/windowed_cnn_best.pt@1282bdd944b2
matrix-20260918-025538-98a873,0.02,32,LL,0816,38.6771,0.997674,8.818064,0.125,0.875,0.1875,0.8125,0,2.16,3.33,3.66,models/windowed_cnn_grid/32bit_a0.020/windowed_cnn_best.pt@1282bdd944b2
matrix-20260918-025538-98a873,0.02,32,LL,0817,39.4378,0.997265,7.401138,0.0625,0.9375,0.28125,0.71875,0,2.14,3.27,3.64,models/windowed_cnn_grid/32bit_a0.020/windowed_cnn_best.pt@1282bdd944b2
matrix-20260918-025538-98a873,0.02,32,LL,0818,37.7882,0.996309,10.820745,0.125,0.875,0.28125,0.71875,0,2.17,3.25,3.56,models/windowed_cnn_grid/32bit_a0.020/windowed_cnn_best.pt@1282bdd944b2
matrix-20260918-025538-98a873,0.02,32,LL,0819,40.0999,0.998317,6.354594,0.0625,0.9375,0.21875,0.78125,0,2.16,3.27,3.53,models/windowed_cnn_grid/32bit_a0.020/windowed_cnn_best.pt@1282bdd944b2
matrix-20260918-025538-98a873,0.02,32,LL,0820,38.3924,0.99865,9.415441,0.09375,0.90625,0.1875,0.8125,0,2.19,3.36,3.57,models/windowed_cnn_grid/32bit_a0.020/windowed_cnn_best.pt@1282bdd944b2
matrix-20260918-025538-98a873,0.02,32,LL,0821,41.1036,0.997136,5.043355,0.0625,0.9375,0.15625,0.84375,0,2.23,3.28,3.56,models/windowed_cnn_grid/32bit_a0.020/windowed_cnn_best.pt@1282bdd944b2
matrix-20260918-025538-98a873,0.02,32,LL,0822,42.7442,0.998239,3.456701,0.125,0.875,0.1875,0.8125,0,2.18,3.28,3.57,models/windowed_cnn_grid/32bit_a0.020/windowed_cnn_best.pt@1282bdd944b2
matrix-20260918-025538-98a873,0.02,32,LL,0823,38.3995,0.991239,9.40007,0.0,1.0,0.28125,0.71875,0,2.19,3.32,3.59,models/windowed_cnn_grid/32bit_a0.020/windowed_cnn_best.pt@1282bdd944b2
matrix-20260918-025538-98a873,0.02,32,LL,0824,38.9439,0.997722,8.292511,0.0625,0.9375,0.21875,0.78125,0,2.19,3.25,3.61,models/windowed_cnn_grid/32bit_a0.020/windowed_cnn_best.pt@1282bdd944b2
matrix-20260918-025538-98a873,0.02,32,LL,0825,39.4219,0.998129,7.428345,0.0,1.0,0.21875,0.78125,0,2.16,3.27,3.58,models/windowed_cnn_grid/32bit_a0.020/windowed_cnn_best.pt@1282bdd944b2
matrix-20260918-025538-98a873,0.02,32,LL,0826,38.9155,0.995711,8.346949,0.0625,0.9375,0.28125,0.71875,0,2.21,3.26,3.54,models/windowed_cnn_grid/32bit_a0.020/windowed_cnn_best.pt@1282bdd944b2
matrix-20260918-025538-98a873,0.02,32,LL,0827,47.6715,0.996669,1.111562,0.09375,0.90625,0.09375,0.90625,0,2.14,3.28,3.54,models/windowed_cnn_grid/32bit_a0.020/windowed_cnn_best.pt@1282bdd944b2
matrix-20260918-025538-98a873,0.02,32,LL,0828,46.1309,0.995189,1.584869,0.09375,0.90625,0.21875,0.78125,0,2.2,3.44,3.57,models/windowed_cnn_grid/32bit_a0.020/windowed_cnn_best.pt@1282bdd944b2
matrix-20260918-025538-98a873,0.02,32,LL,0829,41.3621,0.996649,4.751973,0.0625,0.9375,0.28125,0.71875,0,2.21,3.29,3.53,models/windowed_cnn_grid/32bit_a0.020/windowed_cnn_best.pt@1282bdd944b2
matrix-20260918-025538-98a873,0.02,32,LL,0830,39.0804,0.997017,8.035929,0.0,1.0,0.25,0.75,0,2.12,3.26,3.59,models/windowed_cnn_grid/32bit_a0.020/windowed_cnn_best.pt@1282bdd944b2
matrix-20260918-025538-98a873,0.02,32,LL,0831,42.0848,0.997957,4.023432,0.15625,0.84375,0.1875,0.8125,0,2.16,3.3,3.69,models/windowed_cnn_grid/32bit_a0.020/windowed_cnn_best.pt@1282bdd944b2
matrix-20260918-025538-98a873,0.02,32,LL,0832,40.7889,0.997309,5.422389,0.0625,0.9375,0.28125,0.71875,0,2.17,3.29,3.5,models/windowed_cnn_grid/32bit_a0.020/windowed_cnn_best.pt@1282bdd944b2
matrix-20260918-025538-98a873,0.02,32,LL,0833,36.6058,0.997866,14.207041,0.0,1.0,0.3125,0.6875,0,2.12,3.33,3.56,models/windowed_cnn_grid/32bit_a0.020/windowed_cnn_best.pt@1282bdd944b2
matrix-20260918-025538-98a873,0.02,32,LL,0834,38.5489,0.996607,9.082158,0.0,1.0,0.28125,0.71875,0,2.14,3.24,3.54,models/windowed_cnn_grid/32bit_a0.020/windowed_cnn_best.pt@1282bdd944b2
matrix-20260918-025538-98a873,0.02,32,LL,0835,41.3841,0.996916,4.727895,0.0,1.0,0.25,0.75,0,2.17,3.33,3.58,models/windowed_cnn_grid/32bit_a0.020/windowed_cnn_best.pt@1282bdd944b2
matrix-20260918-025538-98a873,0.02,32,LL,0836,37.7709,0.99826,10.864075,0.0,1.0,0.28125,0.71875,0,2.16,3.31,3.56,models/windowed_cnn_grid/32bit_a0.020/windowed_cnn_best.pt@1282bdd944b2
matrix-20260918-025538-98a873,0.02,32,LL,0837,41.7937,0.998312,4.302394,0.0,1.0,0.1875,0.8125,0,2.17,3.28,3.6,models/windowed_cnn_grid/32bit_a0.020/windowed_cnn_best.pt@1282bdd944b2
matrix-20260918-025538-98a873,0.02,32,LL,0838,41.3616,0.995828,4.752426,0.0,1.0,0.21875,0.78125,0,2.16,3.34,3.51,models/windowed_cnn_grid/32bit_a0.020/windowed_cnn_best.pt@1282bdd944b2
matrix-20260918-025538-98a873,0.02,32,LL,0839,42.6749,0.951875,3.512288,0.0,1.0,0.25,0.75,0,2.11,3.13,3.51,models/windowed_cnn_grid/32bit_a0.020/windowed_cnn_best.pt@1282bdd944b2
matrix-20260918-025538-98a873,0.02,32,LL,0840,43.3353,0.998576,3.016795,0.0,1.0,0.3125,0.6875,0,2.18,3.34,3.57,models/windowed_cnn_grid/32bit_a0.020/windowed_cnn_best.pt@1282bdd944b2
matrix-20260918-025538-98a873,0.02,32,LL,0841,43.5658,0.997248,2.860916,0.09375,0.90625,0.09375,0.90625,0,2.17,3.26,3.66,models/windowed_cnn_grid/32bit_a0.020/windowed_cnn_best.pt@1282bdd944b2
matrix-20260918-025538-98a873,0.02,32,LL,0842,37.2218,0.997337,12.328196,0.0,1.0,0.28125,0.71875,0,2.16,3.29,3.6,models/windowed_cnn_grid/32bit_a0.020/windowed_cnn_best.pt@1282bdd944b2
matrix-20260918-025538-98a873,0.02,32,LL,0843,47.3,0.99881,1.210836,0.0625,0.9375,0.25,0.75,0,1.82,2.67,3.27,models/windowed_cnn_grid/32bit_a0.020/windowed_cnn_best.pt@1282bdd944b2
matrix-20260918-025538-98a873,0.02,32,LL,0844,36.1185,0.996093,15.893773,0.0,1.0,0.21875,0.78125,0,2.13,3.23,3.47,models/windowed_cnn_grid/32bit_a0.020/windowed_cnn_best.pt@1282bdd944b2
matrix-20260918-025538-98a873,0.02,32,LL,0845,37.6842,0.997757,11.083165,0.0,1.0,0.21875,0.78125,0,2.17,3.36,3.59,models/windowed_cnn_grid/32bit_a0.020/windowed_cnn_best.pt@1282bdd944b2
matrix-20260918-025538-98a873,0.02,32,LL,0846,37.8792,0.998696,10.596481,0.09375,0.90625,0.4375,0.5625,0,2.2,3.23,3.59,models/windowed_cnn_grid/32bit_a0.020/windowed_cnn_best.pt@1282bdd944b2
matrix-20260918-025538-98a873,0.02,32,LL,0847,39.705,0.996996,6.959488,0.0,1.0,0.3125,0.6875,0,2.15,3.27,3.53,models/windowed_cnn_grid/32bit_a0.020/windowed_cnn_best.pt@1282bdd944b2
matrix-20260918-025538-98a873,0.02,32,LL,0848,40.195,0.994063,6.217031,0.0625,0.9375,0.21875,0.78125,0,2.17,3.25,3.56,models/windowed_cnn_grid/32bit_a0.020/windowed_cnn_best.pt@1282bdd944b2
matrix-20260918-025538-98a873,0.02,32,LL,0849,40.2578,0.998755,6.127726,0.0625,0.9375,0.1875,0.8125,0,2.18,3.31,3.65,models/windowed_cnn_grid/32bit_a0.020/windowed_cnn_best.pt@1282bdd944b2
matrix-20260918-025538-98a873,0.02,32,LL,0850,40.013,0.997529,6.483002,0.0,1.0,0.3125,0.6875,0,2.15,3.3,3.61,models/windowed_cnn_grid/32bit_a0.020/windowed_cnn_best.pt@1282bdd944b2
matrix-20260918-025538-98a873,0.02,32,LL,0851,43.583,0.975275,2.849594,0.0625,0.9375,0.21875,0.78125,0,2.15,3.26,3.51,models/windowed_cnn_grid/32bit_a0.020/windowed_cnn_best.pt@1282bdd944b2
matrix-20260918-025538-98a873,0.02,32,LL,0852,50.4897,0.992216,0.580912,0.03125,0.96875,0.25,0.75,0,2.17,3.31,3.54,models/windowed_cnn_grid/32bit_a0.020/windowed_cnn_best.pt@1282bdd944b2
matrix-20260918-025538-98a873,0.02,32,LL,0853,42.8874,0.995429,3.344538,0.0625,0.9375,0.3125,0.6875,0,2.22,3.34,3.54,models/windowed_cnn_grid/32bit_a0.020/windowed_cnn_best.pt@1282bdd944b2
matrix-20260918-025538-98a873,0.02,32,LL,0854,38.7365,0.998031,8.698283,0.0,1.0,0.25,0.75,0,2.15,3.34,3.61,models/windowed_cnn_grid/32bit_a0.020/windowed_cnn_best.pt@1282bdd944b2
matrix-20260918-025538-98a873,0.02,32,LL,0855,39.6028,0.996595,7.125244,0.03125,0.96875,0.28125,0.71875,0,2.21,3.26,3.56,models/windowed_cnn_grid/32bit_a0.020/windowed_cnn_best.pt@1282bdd944b2
matrix-20260918-025538-98a873,0.02,32,LL,0856,45.2881,0.997835,1.924276,0.0,1.0,0.25,0.75,0,2.2,3.43,3.59,models/windowed_cnn_grid/32bit_a0.020/windowed_cnn_best.pt@1282bdd944b2
matrix-20260918-025538-98a873,0.02,32,LL,0857,39.5386,0.996938,7.231344,0.0625,0.9375,0.34375,0.65625,0,2.2,3.23,3.54,models/windowed_cnn_grid/32bit_a0.020/windowed_cnn_best.pt@1282bdd944b2
matrix-20260918-025538-98a873,0.02,32,LL,0858,44.9974,0.995099,2.057485,0.0,1.0,0.34375,0.65625,0,2.15,3.28,3.56,models/windowed_cnn_grid/32bit_a0.020/windowed_cnn_best.pt@1282bdd944b2
matrix-20260918-025538-98a873,0.02,32,LL,0859,38.0317,0.998173,10.230927,0.0,1.0,0.4375,0.5625,0,2.14,3.38,3.71,models/windowed_cnn_grid/32bit_a0.020/windowed_cnn_best.pt@1282bdd944b2
matrix-20260918-025538-98a873,0.02,32,LL,0860,40.6223,0.998776,5.634471,0.125,0.875,0.28125,0.71875,0,2.27,3.28,3.67,models/windowed_cnn_grid/32bit_a0.020/windowed_cnn_best.pt@1282bdd944b2
matrix-20260918-025538-98a873,0.02,32,LL,0861,41.6725,0.997206,4.424205,0.125,0.875,0.15625,0.84375,0,2.16,3.26,3.6,models/windowed_cnn_grid/32bit_a0.020/windowed_cnn_best.pt@1282bdd944b2
matrix-20260918-025538-98a873,0.02,32,LL,0862,38.3688,0.997031,9.46671,0.125,0.875,0.40625,0.59375,0,2.16,3.3,3.62,models/windowed_cnn_grid/32bit_a0.020/windowed_cnn_best.pt@1282bdd944b2
matrix-20260918-025538-98a873,0.02,32,LL,0863,37.8965,0.996817,10.55425,0.09375,0.90625,0.15625,0.84375,0,2.15,3.28,3.57,models/windowed_cnn_grid/32bit_a0.020/windowed_cnn_best.pt@1282bdd944b2
matrix-20260918-025538-98a873,0.02,32,LL,0864,42.9794,0.99867,3.274439,0.03125,0.96875,0.375,0.625,0,2.18,3.34,3.6,models/windowed_cnn_grid/32bit_a0.020/windowed_cnn_best.pt@1282bdd944b2
matrix-20260918-025538-98a873,0.02,32,LL,0865,39.7748,0.998389,6.848511,0.0,1.0,0.21875,0.78125,0,2.18,3.27,3.59,models/windowed_cnn_grid/32bit_a0.020/windowed_cnn_best.pt@1282bdd944b2
matrix-20260918-025538-98a873,0.02,32,LL,0866,38.6632,0.998482,8.846212,0.125,0.875,0.25,0.75,0,2.17,3.26,3.55,models/windowed_cnn_grid/32bit_a0.020/windowed_cnn_best.pt@1282bdd944b2
matrix-20260918-025538-98a873,0.02,32,LL,0867,40.9643,0.998592,5.207728,0.0,1.0,0.21875,0.78125,0,2.19,3.24,3.49,models/windowed_cnn_grid/32bit_a0.020/windowed_cnn_best.pt@1282bdd944b2
matrix-20260918-025538-98a873,0.02,32,LL,0868,36.1994,0.998649,15.600733,0.0,1.0,0.21875,0.78125,0,2.12,3.21,3.49,models/windowed_cnn_grid/32bit_a0.020/windowed_cnn_best.pt@1282bdd944b2
matrix-20260918-025538-98a873,0.02,32,LL,0869,39.2649,0.997729,7.701691,0.0625,0.9375,0.25,0.75,0,2.2,3.31,3.56,models/windowed_cnn_grid/32bit_a0.020/windowed_cnn_best.pt@1282bdd944b2
matrix-20260918-025538-98a873,0.02,32,LL,0870,40.9167,0.998764,5.265121,0.125,0.875,0.1875,0.8125,0,2.19,3.43,3.61,models/windowed_cnn_grid/32bit_a0.020/windowed_cnn_best.pt@1282bdd944b2
matrix-20260918-025538-98a873,0.02,32,LL,0871,39.3405,0.998284,7.568939,0.0625,0.9375,0.25,0.75,0,2.17,3.28,3.58,models/windowed_cnn_grid/32bit_a0.020/windowed_cnn_best.pt@1282bdd944b2
matrix-20260918-025538-98a873,0.02,32,LL,0872,38.9356,0.998682,8.308482,0.0,1.0,0.3125,0.6875,0,2.16,3.28,3.63,models/windowed_cnn_grid/32bit_a0.020/windowed_cnn_best.pt@1282bdd944b2
matrix-20260918-025538-98a873,0.02,32,LL,0873,40.3565,0.998264,5.990107,0.1875,0.8125,0.28125,0.71875,0,2.18,3.38,3.55,models/windowed_cnn_grid/32bit_a0.020/windowed_cnn_best.pt@1282bdd944b2
matrix-20260918-025538-98a873,0.02,32,LL,0874,38.5497,0.997507,9.080546,0.03125,0.96875,0.34375,0.65625,0,2.16,3.36,3.6,models/windowed_cnn_grid/32bit_a0.020/windowed_cnn_best.pt@1282bdd944b2
matrix-20260918-025538-98a873,0.02,32,LL,0875,42.0377,0.998832,4.067301,0.1875,0.8125,0.25,0.75,0,2.17,3.31,3.57,models/windowed_cnn_grid/32bit_a0.020/windowed_cnn_best.pt@1282bdd944b2
matrix-20260918-025538-98a873,0.02,32,LL,0876,45.9013,0.996101,1.670883,0.0625,0.9375,0.125,0.875,0,2.17,3.32,3.56,models/windowed_cnn_grid/32bit_a0.020/windowed_cnn_best.pt@1282bdd944b2
matrix-20260918-025538-98a873,0.02,32,LL,0877,46.2071,0.997253,1.557276,0.03125,0.96875,0.1875,0.8125,0,2.14,3.27,3.67,models/windowed_cnn_grid/32bit_a0.020/windowed_cnn_best.pt@1282bdd944b2
matrix-20260918-025538-98a873,0.02,32,LL,0878,38.4609,0.998631,9.268194,0.0625,0.9375,0.3125,0.6875,0,2.17,3.29,3.64,models/windowed_cnn_grid/32bit_a0.020/windowed_cnn_best.pt@1282bdd944b2
matrix-20260918-025538-98a873,0.02,32,LL,0879,40.8775,0.99576,5.312846,0.0,1.0,0.375,0.625,0,2.13,3.28,3.56,models/windowed_cnn_grid/32bit_a0.020/windowed_cnn_best.pt@1282bdd944b2
matrix-20260918-025538-98a873,0.02,32,LL,0880,40.2872,0.997334,6.086411,0.03125,0.96875,0.125,0.875,0,2.24,3.33,3.53,models/windowed_cnn_grid/32bit_a0.020/windowed_cnn_best.pt@1282bdd944b2
matrix-20260918-025538-98a873,0.02,32,LL,0881,38.4717,0.997155,9.245173,0.0,1.0,0.34375,0.65625,0,2.19,3.22,3.49,models/windowed_cnn_grid/32bit_a0.020/windowed_cnn_best.pt@1282bdd944b2
matrix-20260918-025538-98a873,0.02,32,LL,0882,40.5997,0.997457,5.663788,0.0,1.0,0.1875,0.8125,0,2.18,3.26,3.5,models/windowed_cnn_grid/32bit_a0.020/windowed_cnn_best.pt@1282bdd944b2
matrix-20260918-025538-98a873,0.02,32,LL,0883,39.6508,0.997989,7.047012,0.0,1.0,0.28125,0.71875,0,2.17,3.33,3.51,models/windowed_cnn_grid/32bit_a0.020/windowed_cnn_best.pt@1282bdd944b2
matrix-20260918-025538-98a873,0.02,32,LL,0884,40.7992,0.997692,5.409602,0.0625,0.9375,0.15625,0.84375,0,2.15,3.28,3.6,models/windowed_cnn_grid/32bit_a0.020/windowed_cnn_best.pt@1282bdd944b2
matrix-20260918-025538-98a873,0.02,32,LL,0885,42.118,0.997995,3.992859,0.0625,0.9375,0.28125,0.71875,0,2.16,3.3,3.65,models/windowed_cnn_grid/32bit_a0.020/windowed_cnn_best.pt@1282bdd944b2
matrix-20260918-025538-98a873,0.02,32,LL,0886,40.7022,0.994582,5.531713,0.0625,0.9375,0.28125,0.71875,0,2.15,3.34,3.59,models/windowed_cnn_grid/32bit_a0.020/windowed_cnn_best.pt@1282bdd944b2
matrix-20260918-025538-98a873,0.02,32,LL,0887,39.2961,0.996068,7.646698,0.0625,0.9375,0.28125,0.71875,0,2.16,3.26,3.61,models/windowed_cnn_grid/32bit_a0.020/windowed_cnn_best.pt@1282bdd944b2
matrix-20260918-025538-98a873,0.02,32,LL,0888,39.7906,0.997999,6.823761,0.0625,0.9375,0.1875,0.8125,0,2.16,3.27,3.53,models/windowed_cnn_grid/32bit_a0.020/windowed_cnn_best.pt@1282bdd944b2
matrix-20260918-025538-98a873,0.02,32,LL,0889,39.2321,0.998617,7.760071,0.125,0.875,0.28125,0.71875,0,2.17,3.3,3.56,models/windowed_cnn_grid/32bit_a0.020/windowed_cnn_best.pt@1282bdd944b2
matrix-20260918-025538-98a873,0.02,32,LL,0890,40.1511,0.997482,6.280121,0.125,0.875,0.46875,0.53125,0,2.16,3.27,3.55,models/windowed_cnn_grid/32bit_a0.020/windowed_cnn_best.pt@1282bdd944b2
matrix-20260918-025538-98a873,0.02,32,LL,0891,39.3547,0.998196,7.544083,0.0,1.0,0.125,0.875,0,2.16,3.33,3.52,models/windowed_cnn_grid/32bit_a0.020/windowed_cnn_best.pt@1282bdd944b2
matrix-20260918-025538-98a873,0.02,32,LL,0892,38.4642,0.999079,9.260986,0.1875,0.8125,0.21875,0.78125,0,2.23,3.32,3.56,models/windowed_cnn_grid/32bit_a0.020/windowed_cnn_best.pt@1282bdd944b2
matrix-20260918-025538-98a873,0.02,32,LL,0893,42.3728,0.996592,3.765269,0.0,1.0,0.125,0.875,0,2.17,3.25,3.53,models/windowed_cnn_grid/32bit_a0.020/windowed_cnn_best.pt@1282bdd944b2
matrix-20260918-025538-98a873,0.02,32,LL,0894,37.1078,0.997181,12.656087,0.03125,0.96875,0.15625,0.84375,0,2.17,3.26,3.58,models/windowed_cnn_grid/32bit_a0.020/windowed_cnn_best.pt@1282bdd944b2
matrix-20260918-025538-98a873,0.02,32,LL,0895,41.1119,0.99832,5.033747,0.0625,0.9375,0.21875,0.78125,0,2.17,3.38,3.52,models/windowed_cnn_grid/32bit_a0.020/windowed_cnn_best.pt@1282bdd944b2
matrix-20260918-025538-98a873,0.02,32,LL,0896,35.6681,0.991825,17.630549,0.0625,0.9375,0.25,0.75,0,2.12,3.23,3.61,models/windowed_cnn_grid/32bit_a0.020/windowed_cnn_best.pt@1282bdd944b2
matrix-20260918-025538-98a873,0.02,32,LL,0897,42.0569,0.999109,4.049377,0.1875,0.8125,0.21875,0.78125,0,2.18,3.39,3.56,models/windowed_cnn_grid/32bit_a0.020/windowed_cnn_best.pt@1282bdd944b2
matrix-20260918-025538-98a873,0.02,32,LL,0898,39.7227,0.995404,6.931254,0.125,0.875,0.25,0.75,0,2.15,3.23,3.54,models/windowed_cnn_grid/32bit_a0.020/windowed_cnn_best.pt@1282bdd944b2
matrix-20260918-025538-98a873,0.02,32,LL,0899,41.6308,0.996633,4.466843,0.1875,0.8125,0.34375,0.65625,0,2.17,3.36,3.52,models/windowed_cnn_grid/32bit_a0.020/windowed_cnn_best.pt@1282bdd944b2
matrix-20260918-025538-98a873,0.02,32,LL,0900,43.2489,0.989227,3.077449,0.0,1.0,0.375,0.625,0,2.24,3.33,3.59,models/windowed_cnn_grid/32bit_a0.020/windowed_cnn_best.pt@1282bdd944b2
matrix-20260918-025538-98a873,0.02,64,LL,0801,39.2904,0.998672,7.656743,0.140625,0.859375,0.28125,0.71875,0,2.18,3.31,4.43,models/windowed_cnn_grid/64bit_a0.020/windowed_cnn_best.pt@ff2fedf06329
matrix-20260918-025538-98a873,0.02,64,LL,0802,41.1374,0.987074,5.004293,0.0,1.0,0.28125,0.71875,0,2.24,3.27,4.47,models/windowed_cnn_grid/64bit_a0.020/windowed_cnn_best.pt@ff2fedf06329
matrix-20260918-025538-98a873,0.02,64,LL,0803,38.9934,0.996954,8.198583,0.140625,0.859375,0.3125,0.6875,0,2.14,3.32,4.46,models/windowed_cnn_grid/64bit_a0.020/windowed_cnn_best.pt@ff2fedf06329
matrix-20260918-025538-98a873,0.02,64,LL,0804,38.4325,0.998172,9.328959,0.125,0.875,0.234375,0.765625,0,2.18,3.29,4.45,models/windowed_cnn_grid/64bit_a0.020/windowed_cnn_best.pt@ff2fedf06329
matrix-20260918-025538-98a873,0.02,64,LL,0805,38.0726,0.998106,10.134989,0.09375,0.90625,0.296875,0.703125,0,2.14,3.25,4.47,models/windowed_cnn_grid/64bit_a0.020/windowed_cnn_best.pt@ff2fedf06329
matrix-20260918-025538-98a873,0.02,64,LL,0806,39.5505,0.988884,7.211624,0.09375,0.90625,0.21875,0.78125,0,2.16,3.4,4.52,models/windowed_cnn_grid/64bit_a0.020/windowed_cnn_best.pt@ff2fedf06329
matrix-20260918-025538-98a873,0.02,64,LL,0807,41.484,0.994929,4.620443,0.109375,0.890625,0.15625,0.84375,0,2.22,3.33,4.45,models/windowed_cnn_grid/64bit_a0.020/windowed_cnn_best.pt@ff2fedf06329
matrix-20260918-025538-98a873,0.02,64,LL,0808,42.1164,0.995744,3.994334,0.03125,0.96875,0.203125,0.796875,0,2.15,3.24,4.44,models/windowed_cnn_grid/64bit_a0.020/windowed_cnn_best.pt@ff2fedf06329
matrix-20260918-025538-98a873,0.02,64,LL,0809,39.7595,0.998448,6.872691,0.09375,0.90625,0.328125,0.671875,0,2.24,3.31,4.46,models/windowed_cnn_grid/64bit_a0.020/windowed_cnn_best.pt@ff2fedf06329
matrix-20260918-025538-98a873,0.02,64,LL,0810,39.9962,0.997606,6.508184,0.015625,0.984375,0.21875,0.78125,0,2.17,3.43,4.44,models/windowed_cnn_grid/64bit_a0.020/windowed_cnn_best.pt@ff2fedf06329
matrix-20260918-025538-98a873,0.02,64,LL,0811,42.5106,0.996509,3.647705,0.171875,0.828125,0.34375,0.65625,0,2.24,3.3,4.46,models/windowed_cnn_grid/64bit_a0.020/windowed_cnn_best.pt@ff2fedf06329
matrix-20260918-025538-98a873,0.02,64,LL,0812,39.8492,0.997344,6.732203,0.15625,0.84375,0.25,0.75,0,2.15,3.33,4.48,models/windowed_cnn_grid/64bit_a0.020/windowed_cnn_best.pt@ff2fedf06329
matrix-20260918-025538-98a873,0.02,64,LL,0813,38.9783,0.995593,8.227234,0.078125,0.921875,0.234375,0.765625,0,2.21,3.27,4.53,models/windowed_cnn_grid/64bit_a0.020/windowed_cnn_best.pt@ff2fedf06329
matrix-20260918-025538-98a873,0.02,64,LL,0814,42.9788,0.997785,3.274938,0.09375,0.90625,0.28125,0.71875,0,2.15,3.22,4.44,models/windowed_cnn_grid/64bit_a0.020/windowed_cnn_best.pt@ff2fedf06329
matrix-20260918-025538-98a873,0.02,64,LL,0815,41.4042,0.998101,4.706106,0.046875,0.953125,0.21875,0.78125,0,2.16,3.34,4.51,models/windowed_cnn_grid/64bit_a0.020/windowed_cnn_best.pt@ff2fedf06329
matrix-20260918-025538-98a873,0.02,64,LL,0816,38.6841,0.997724,8.803899,0.078125,0.921875,0.265625,0.734375,0,2.23,3.27,4.43,models/windowed_cnn_grid/64bit_a0.020/windowed_cnn_best.pt@ff2fedf06329
matrix-20260918-025538-98a873,0.02,64,LL,0817,39.418,0.997449,7.434992,0.109375,0.890625,0.296875,0.703125,0,2.15,3.32,4.47,models/windowed_cnn_grid/64bit_a0.020/windowed_cnn_best.pt@ff2fedf06329
matrix-20260918-025538-98a873,0.02,64,LL,0818,37.7517,0.996632,10.912084,0.03125,0.96875,0.203125,0.796875,0,2.15,3.28,4.47,models/windowed_cnn_grid/64bit_a0.020/windowed_cnn_best.pt@ff2fedf06329
matrix-20260918-025538-98a873,0.02,64,LL,0819,39.947,0.998046,6.582291,0.15625,0.84375,0.28125,0.71875,0,2.15,3.27,4.44,models/windowed_cnn_grid/64bit_a0.020/windowed_cnn_best.pt@ff2fedf06329
matrix-20260918-025538-98a873,0.02,64,LL,0820,38.5412,0.998124,9.098206,0.09375,0.90625,0.234375,0.765625,0,2.2,3.45,4.47,models/windowed_cnn_grid/64bit_a0.020/windowed_cnn_best.pt@ff2fedf06329
matrix-20260918-025538-98a873,0.02,64,LL,0821,41.1274,0.997112,5.015849,0.21875,0.78125,0.296875,0.703125,0,2.25,3.29,4.46,models/windowed_cnn_grid/64bit_a0.020/windowed_cnn_best.pt@ff2fedf06329
matrix-20260918-025538-98a873,0.02,64,LL,0822,42.7082,0.998373,3.485433,0.15625,0.84375,0.328125,0.671875,0,2.18,3.32,4.51,models/windowed_cnn_grid/64bit_a0.020/windowed_cnn_best.pt@ff2fedf06329
matrix-20260918-025538-98a873,0.02,64,LL,0823,38.4155,0.986262,9.365382,0.03125,0.96875,0.1875,0.8125,0,2.17,3.34,4.48,models/windowed_cnn_grid/64bit_a0.020/windowed_cnn_best.pt@ff2fedf06329
matrix-20260918-025538-98a873,0.02,64,LL,0824,38.96,0.997434,8.261953,0.125,0.875,0.234375,0.765625,0,2.18,3.27,4.5,models/windowed_cnn_grid/64bit_a0.020/windowed_cnn_best.pt@ff2fedf06329
matrix-20260918-025538-98a873,0.02,64,LL,0825,39.4679,0.998103,7.349996,0.015625,0.984375,0.15625,0.84375,0,2.18,3.34,4.53,models/windowed_cnn_grid/64bit_a0.020/windowed_cnn_best.pt@ff2fedf06329
matrix-20260918-025538-98a873,0.02,64,LL,0826,38.9236,0.995576,8.331355,0.140625,0.859375,0.296875,0.703125,0,2.18,3.27,4.48,models/windowed_cnn_grid/64bit_a0.020/windowed_cnn_best.pt@ff2fedf06329
matrix-20260918-025538-98a873,0.02,64,LL,0827,47.7912,0.996536,1.08134,0.15625,0.84375,0.265625,0.734375,0,2.17,3.38,4.49,models/windowed_cnn_grid/64bit_a0.020/windowed_cnn_best.pt@ff2fedf06329
matrix-20260918-025538-98a873,0.02,64,LL,0828,45.9944,0.987666,1.635468,0.109375,0.890625,0.21875,0.78125,0,2.28,3.36,4.45,models/windowed_cnn_grid/64bit_a0.020/windowed_cnn_best.pt@ff2fedf06329
matrix-20260918-025538-98a873,0.02,64,LL,0829,41.2808,0.996427,4.841675,0.078125,0.921875,0.265625,0.734375,0,2.17,3.27,4.54,models/windowed_cnn_grid/64bit_a0.020/windowed_cnn_best.pt@ff2fedf06329
matrix-20260918-025538-98a873,0.02,64,LL,0830,39.1968,0.996558,7.823415,0.171875,0.828125,0.203125,0.796875,0,2.16,3.33,4.47,models/windowed_cnn_grid/64bit_a0.020/windowed_cnn_best.pt@ff2fedf06329
matrix-20260918-025538-98a873,0.02,64,LL,0831,41.9729,0.997537,4.12851,0.125,0.875,0.203125,0.796875,0,2.17,3.29,4.43,models/windowed_cnn_grid/64bit_a0.020/windowed_cnn_best.pt@ff2fedf06329
matrix-20260918-025538-98a873,0.02,64,LL,0832,40.4378,0.99738,5.879008,0.03125,0.96875,0.140625,0.859375,0,2.15,3.31,4.46,models/windowed_cnn_grid/64bit_a0.020/windowed_cnn_best.pt@ff2fedf06329
matrix-20260918-025538-98a873,0.02,64,LL,0833,36.6368,0.998094,14.106043,0.015625,0.984375,0.25,0.75,0,2.13,3.22,4.42,models/windowed_cnn_grid/64bit_a0.020/windowed_cnn_best.pt@ff2fedf06329
matrix-20260918-025538-98a873,0.02,64,LL,0834,38.4529,0.996392,9.285217,0.0625,0.9375,0.234375,0.765625,0,2.19,3.26,4.44,models/windowed_cnn_grid/64bit_a0.020/windowed_cnn_best.pt@ff2fedf06329
matrix-20260918-025538-98a873,0.02,64,LL,0835,41.4363,0.997511,4.671488,0.15625,0.84375,0.1875,0.8125,0,2.17,3.25,4.41,models/windowed_cnn_grid/64bit_a0.020/windowed_cnn_best.pt@ff2fedf06329
matrix-20260918-025538-98a873,0.02,64,LL,0836,37.8329,0.99782,10.70993,0.09375,0.90625,0.328125,0.671875,0,2.14,3.34,4.44,models/windowed_cnn_grid/64bit_a0.020/windowed_cnn_best.pt@ff2fedf06329
matrix-20260918-025538-98a873,0.02,64,LL,0837,41.7695,0.998161,4.326477,0.078125,0.921875,0.109375,0.890625,0,2.15,3.31,4.45,models/windowed_cnn_grid/64bit_a0.020/windowed_cnn_best.pt@ff2fedf06329
matrix-20260918-025538-98a873,0.02,64,LL,0838,40.9591,0.995887,5.213959,0.03125,0.96875,0.328125,0.671875,0,2.13,3.14,4.57,models/windowed_cnn_grid/64bit_a0.020/windowed_cnn_best.pt@ff2fedf06329
matrix-20260918-025538-98a873,0.02,64,LL,0839,42.6776,0.976774,3.510142,0.03125,0.96875,0.28125,0.71875,0,2.13,3.15,4.45,models/windowed_cnn_grid/64bit_a0.020/windowed_cnn_best.pt@ff2fedf06329
matrix-20260918-025538-98a873,0.02,64,LL,0840,43.1371,0.99834,3.15773,0.0625,0.9375,0.15625,0.84375,0,2.24,3.27,4.49,models/windowed_cnn_grid/64bit_a0.020/windowed_cnn_best.pt@ff2fedf06329
matrix-20260918-025538-98a873,0.02,64,LL,0841,43.5477,0.997194,2.872849,0.1875,0.8125,0.234375,0.765625,0,2.17,3.28,4.48,models/windowed_cnn_grid/64bit_a0.020/windowed_cnn_best.pt@ff2fedf06329
matrix-20260918-025538-98a873,0.02,64,LL,0842,37.1252,0.997144,12.605398,0.0625,0.9375,0.265625,0.734375,0,2.14,3.32,4.49,models/windowed_cnn_grid/64bit_a0.020/windowed_cnn_best.pt@ff2fedf06329
matrix-20260918-025538-98a873,0.02,64,LL,0843,47.2051,0.998755,1.237569,0.125,0.875,0.390625,0.609375,0,1.88,2.64,4.17,models/windowed_cnn_grid/64bit_a0.020/windowed_cnn_best.pt@ff2fedf06329
matrix-20260918-025538-98a873,0.02,64,LL,0844,36.0005,0.995661,16.331772,0.0625,0.9375,0.21875,0.78125,0,2.23,3.25,4.44,models/windowed_cnn_grid/64bit_a0.020/windowed_cnn_best.pt@ff2fedf06329
matrix-20260918-025538-98a873,0.02,64,LL,0845,37.3998,0.997734,11.833054,0.046875,0.953125,0.203125,0.796875,0,2.17,3.38,4.44,models/windowed_cnn_grid/64bit_a0.020/windowed_cnn_best.pt@ff2fedf06329
matrix-20260918-025538-98a873,0.02,64,LL,0846,40.1794,0.998158,6.23937,0.03125,0.96875,0.25,0.75,0,2.23,3.3,4.46,models/windowed_cnn_grid/64bit_a0.020/windowed_cnn_best.pt@ff2fedf06329
matrix-20260918-025538-98a873,0.02,64,LL,0847,38.874,0.996626,8.427048,0.015625,0.984375,0.171875,0.828125,0,2.17,3.35,4.5,models/windowed_cnn_grid/64bit_a0.020/windowed_cnn_best.pt@ff2fedf06329
matrix-20260918-025538-98a873,0.02,64,LL,0848,40.2208,0.991291,6.180166,0.078125,0.921875,0.15625,0.84375,0,2.14,3.28,4.46,models/windowed_cnn_grid/64bit_a0.020/windowed_cnn_best.pt@ff2fedf06329
matrix-20260918-025538-98a873,0.02,64,LL,0849,40.021,0.998768,6.471105,0.15625,0.84375,0.15625,0.84375,0,2.19,3.33,4.42,models/windowed_cnn_grid/64bit_a0.020/windowed_cnn_best.pt@ff2fedf06329
matrix-20260918-025538-98a873,0.02,64,LL,0850,40.2112,0.99758,6.193848,0.09375,0.90625,0.15625,0.84375,0,2.17,3.28,4.43,models/windowed_cnn_grid/64bit_a0.020/windowed_cnn_best.pt@ff2fedf06329
matrix-20260918-025538-98a873,0.02,64,LL,0851,43.6408,0.975189,2.81191,0.078125,0.921875,0.21875,0.78125,0,2.17,3.33,4.44,models/windowed_cnn_grid/64bit_a0.020/windowed_cnn_best.pt@ff2fedf06329
matrix-20260918-025538-98a873,0.02,64,LL,0852,50.4959,0.993401,0.580088,0.046875,0.953125,0.15625,0.84375,0,2.23,3.31,4.44,models/windowed_cnn_grid/64bit_a0.020/windowed_cnn_best.pt@ff2fedf06329
matrix-20260918-025538-98a873,0.02,64,LL,0853,42.9122,0.995719,3.32549,0.0625,0.9375,0.21875,0.78125,0,2.14,3.31,4.45,models/windowed_cnn_grid/64bit_a0.020/windowed_cnn_best.pt@ff2fedf06329
matrix-20260918-025538-98a873,0.02,64,LL,0854,38.7556,0.997296,8.659988,0.140625,0.859375,0.28125,0.71875,0,2.18,3.3,4.49,models/windowed_cnn_grid/64bit_a0.020/windowed_cnn_best.pt@ff2fedf06329
matrix-20260918-025538-98a873,0.02,64,LL,0855,39.5839,0.995637,7.156291,0.078125,0.921875,0.25,0.75,0,2.19,3.27,4.45,models/windowed_cnn_grid/64bit_a0.020/windowed_cnn_best.pt@ff2fedf06329
matrix-20260918-025538-98a873,0.02,64,LL,0856,45.295,0.997791,1.921234,0.09375,0.90625,0.25,0.75,0,2.19,3.32,4.51,models/windowed_cnn_grid/64bit_a0.020/windowed_cnn_best.pt@ff2fedf06329
matrix-20260918-025538-98a873,0.02,64,LL,0857,39.5813,0.996931,7.160594,0.0625,0.9375,0.203125,0.796875,0,2.13,3.23,4.5,models/windowed_cnn_grid/64bit_a0.020/windowed_cnn_best.pt@ff2fedf06329
matrix-20260918-025538-98a873,0.02,64,LL,0858,44.9912,0.996657,2.06044,0.25,0.75,0.296875,0.703125,0,2.2,3.37,4.4,models/windowed_cnn_grid/64bit_a0.020/windowed_cnn_best.pt@ff2fedf06329
matrix-20260918-025538-98a873,0.02,64,LL,0859,37.9411,0.997954,10.446574,0.140625,0.859375,0.203125,0.796875,0,2.16,3.27,4.45,models/windowed_cnn_grid/64bit_a0.020/windowed_cnn_best.pt@ff2fedf06329
matrix-20260918-025538-98a873,0.02,64,LL,0860,40.5903,0.998368,5.676158,0.109375,0.890625,0.21875,0.78125,0,2.18,3.28,4.46,models/windowed_cnn_grid/64bit_a0.020/windowed_cnn_best.pt@ff2fedf06329
matrix-20260918-025538-98a873,0.02,64,LL,0861,41.8805,0.996722,4.217295,0.09375,0.90625,0.265625,0.734375,0,2.19,3.28,4.52,models/windowed_cnn_grid/64bit_a0.020/windowed_cnn_best.pt@ff2fedf06329
matrix-20260918-025538-98a873,0.02,64,LL,0862,38.3495,0.997135,9.508937,0.09375,0.90625,0.25,0.75,0,2.14,3.27,4.43,models/windowed_cnn_grid/64bit_a0.020/windowed_cnn_best.pt@ff2fedf06329
matrix-20260918-025538-98a873,0.02,64,LL,0863,37.8322,0.996705,10.711634,0.140625,0.859375,0.234375,0.765625,0,2.22,3.3,4.4,models/windowed_cnn_grid/64bit_a0.020/windowed_cnn_best.pt@ff2fedf06329
matrix-20260918-025538-98a873,0.02,64,LL,0864,42.86,0.998381,3.365768,0.125,0.875,0.296875,0.703125,0,2.16,3.3,4.47,models/windowed_cnn_grid/64bit_a0.020/windowed_cnn_best.pt@ff2fedf06329
matrix-20260918-025538-98a873,0.02,64,LL,0865,39.7548,0.998398,6.880137,0.109375,0.890625,0.203125,0.796875,0,2.15,3.24,4.52,models/windowed_cnn_grid/64bit_a0.020/windowed_cnn_best.pt@ff2fedf06329
matrix-20260918-025538-98a873,0.02,64,LL,0866,38.7797,0.998531,8.612055,0.125,0.875,0.171875,0.828125,0,2.17,3.25,4.51,models/windowed_cnn_grid/64bit_a0.020/windowed_cnn_best.pt@ff2fedf06329
matrix-20260918-025538-98a873,0.02,64,LL,0867,40.9674,0.99859,5.204056,0.125,0.875,0.296875,0.703125,0,2.18,3.25,4.45,models/windowed_cnn_grid/64bit_a0.020/windowed_cnn_best.pt@ff2fedf06329
matrix-20260918-025538-98a873,0.02,64,LL,0868,35.5805,0.998456,17.989777,0.078125,0.921875,0.375,0.625,0,2.12,3.17,4.43,models/windowed_cnn_grid/64bit_a0.020/windowed_cnn_best.pt@ff2fedf06329
matrix-20260918-025538-98a873,0.02,64,LL,0869,39.2837,0.997489,7.668437,0.125,0.875,0.1875,0.8125,0,2.17,3.3,4.46,models/windowed_cnn_grid/64bit_a0.020/windowed_cnn_best.pt@ff2fedf06329
matrix-20260918-025538-98a873,0.02,64,LL,0870,40.8893,0.998536,5.298503,0.046875,0.953125,0.265625,0.734375,0,2.19,3.44,4.41,models/windowed_cnn_grid/64bit_a0.020/windowed_cnn_best.pt@ff2fedf06329
matrix-20260918-025538-98a873,0.02,64,LL,0871,39.3155,0.998187,7.612559,0.125,0.875,0.234375,0.765625,0,2.19,3.27,4.49,models/windowed_cnn_grid/64bit_a0.020/windowed_cnn_best.pt@ff2fedf06329
matrix-20260918-025538-98a873,0.02,64,LL,0872,38.9276,0.998587,8.323705,0.03125,0.96875,0.203125,0.796875,0,2.18,3.34,4.47,models/windowed_cnn_grid/64bit_a0.020/windowed_cnn_best.pt@ff2fedf06329
matrix-20260918-025538-98a873,0.02,64,LL,0873,40.2698,0.998225,6.110891,0.125,0.875,0.21875,0.78125,0,2.17,3.29,4.48,models/windowed_cnn_grid/64bit_a0.020/windowed_cnn_best.pt@ff2fedf06329
matrix-20260918-025538-98a873,0.02,64,LL,0874,38.374,0.997675,9.455444,0.078125,0.921875,0.1875,0.8125,0,2.16,3.3,4.47,models/windowed_cnn_grid/64bit_a0.020/windowed_cnn_best.pt@ff2fedf06329
matrix-20260918-025538-98a873,0.02,64,LL,0875,42.0083,0.998811,4.095001,0.15625,0.84375,0.28125,0.71875,0,2.23,3.29,4.44,models/windowed_cnn_grid/64bit_a0.020/windowed_cnn_best.pt@ff2fedf06329
matrix-20260918-025538-98a873,0.02,64,LL,0876,45.6096,0.996849,1.787003,0.09375,0.90625,0.21875,0.78125,0,2.17,3.29,4.41,models/windowed_cnn_grid/64bit_a0.020/windowed_cnn_best.pt@ff2fedf06329
matrix-20260918-025538-98a873,0.02,64,LL,0877,46.2134,0.997372,1.555028,0.15625,0.84375,0.296875,0.703125,0,2.17,3.25,4.5,models/windowed_cnn_grid/64bit_a0.020/windowed_cnn_best.pt@ff2fedf06329
matrix-20260918-025538-98a873,0.02,64,LL,0878,38.4613,0.998578,9.267171,0.171875,0.828125,0.21875,0.78125,0,2.22,3.37,4.51,models/windowed_cnn_grid/64bit_a0.020/windowed_cnn_best.pt@ff2fedf06329
matrix-20260918-025538-98a873,0.02,64,LL,0879,40.9533,0.996186,5.220947,0.109375,0.890625,0.265625,0.734375,0,2.16,3.26,4.42,models/windowed_cnn_grid/64bit_a0.020/windowed_cnn_best.pt@ff2fedf06329
matrix-20260918-025538-98a873,0.02,64,LL,0880,40.2899,0.997547,6.082652,0.046875,0.953125,0.25,0.75,0,2.14,3.26,4.44,models/windowed_cnn_grid/64bit_a0.020/windowed_cnn_best.pt@ff2fedf06329
matrix-20260918-025538-98a873,0.02,64,LL,0881,38.372,0.997333,9.459681,0.140625,0.859375,0.140625,0.859375,0,2.17,3.26,4.45,models/windowed_cnn_grid/64bit_a0.020/windowed_cnn_best.pt@ff2fedf06329
matrix-20260918-025538-98a873,0.02,64,LL,0882,40.7141,0.997398,5.516612,0.15625,0.84375,0.125,0.875,0,2.19,3.26,4.5,models/windowed_cnn_grid/64bit_a0.020/windowed_cnn_best.pt@ff2fedf06329
matrix-20260918-025538-98a873,0.02,64,LL,0883,39.6409,0.997803,7.062963,0.171875,0.828125,0.125,0.875,0,2.18,3.3,4.5,models/windowed_cnn_grid/64bit_a0.020/windowed_cnn_best.pt@ff2fedf06329
matrix-20260918-025538-98a873,0.02,64,LL,0884,40.8611,0.998229,5.332932,0.078125,0.921875,0.265625,0.734375,0,2.16,3.28,4.45,models/windowed_cnn_grid/64bit_a0.020/windowed_cnn_best.pt@ff2fedf06329
matrix-20260918-025538-98a873,0.02,64,LL,0885,42.0397,0.997863,4.065511,0.0625,0.9375,0.234375,0.765625,0,2.18,3.28,4.43,models/windowed_cnn_grid/64bit_a0.020/windowed_cnn_best.pt@ff2fedf06329
matrix-20260918-025538-98a873,0.02,64,LL,0886,40.7323,0.993252,5.493556,0.140625,0.859375,0.125,0.875,0,2.14,3.25,4.47,models/windowed_cnn_grid/64bit_a0.020/windowed_cnn_best.pt@ff2fedf06329
matrix-20260918-025538-98a873,0.02,64,LL,0887,39.2801,0.995475,7.674901,0.109375,0.890625,0.1875,0.8125,0,2.24,3.28,4.39,models/windowed_cnn_grid/64bit_a0.020/windowed_cnn_best.pt@ff2fedf06329
matrix-20260918-025538-98a873,0.02,64,LL,0888,39.7465,0.997695,6.8933,0.125,0.875,0.203125,0.796875,0,2.17,3.28,4.41,models/windowed_cnn_grid/64bit_a0.020/windowed_cnn_best.pt@ff2fedf06329
matrix-20260918-025538-98a873,0.02,64,LL,0889,39.218,0.998157,7.785405,0.125,0.875,0.1875,0.8125,0,2.18,3.3,4.48,models/windowed_cnn_grid/64bit_a0.020/windowed_cnn_best.pt@ff2fedf06329
matrix-20260918-025538-98a873,0.02,64,LL,0890,40.1631,0.997475,6.262878,0.078125,0.921875,0.265625,0.734375,0,2.16,3.27,4.45,models/windowed_cnn_grid/64bit_a0.020/windowed_cnn_best.pt@ff2fedf06329
matrix-20260918-025538-98a873,0.02,64,LL,0891,39.3478,0.997633,7.556224,0.03125,0.96875,0.15625,0.84375,0,2.17,3.28,4.58,models/windowed_cnn_grid/64bit_a0.020/windowed_cnn_best.pt@ff2fedf06329
matrix-20260918-025538-98a873,0.02,64,LL,0892,38.425,0.99902,9.345123,0.109375,0.890625,0.25,0.75,0,2.25,3.39,4.45,models/windowed_cnn_grid/64bit_a0.020/windowed_cnn_best.pt@ff2fedf06329
matrix-20260918-025538-98a873,0.02,64,LL,0893,42.3527,0.996638,3.782786,0.078125,0.921875,0.203125,0.796875,0,2.15,3.31,4.46,models/windowed_cnn_grid/64bit_a0.020/windowed_cnn_best.pt@ff2fedf06329
matrix-20260918-025538-98a873,0.02,64,LL,0894,36.998,0.997095,12.980301,0.0625,0.9375,0.28125,0.71875,0,2.2,3.27,4.41,models/windowed_cnn_grid/64bit_a0.020/windowed_cnn_best.pt@ff2fedf06329
matrix-20260918-025538-98a873,0.02,64,LL,0895,41.0486,0.997852,5.107595,0.125,0.875,0.28125,0.71875,0,2.18,3.41,4.45,models/windowed_cnn_grid/64bit_a0.020/windowed_cnn_best.pt@ff2fedf06329
matrix-20260918-025538-98a873,0.02,64,LL,0896,35.5461,0.992695,18.133133,0.046875,0.953125,0.25,0.75,0,2.16,3.25,4.37,models/windowed_cnn_grid/64bit_a0.020/windowed_cnn_best.pt@ff2fedf06329
matrix-20260918-025538-98a873,0.02,64,LL,0897,41.9992,0.999153,4.103561,0.28125,0.71875,0.296875,0.703125,0,2.19,3.35,4.57,models/windowed_cnn_grid/64bit_a0.020/windowed_cnn_best.pt@ff2fedf06329
matrix-20260918-025538-98a873,0.02,64,LL,0898,39.4182,0.995131,7.434626,0.015625,0.984375,0.1875,0.8125,0,2.2,3.23,4.5,models/windowed_cnn_grid/64bit_a0.020/windowed_cnn_best.pt@ff2fedf06329
matrix-20260918-025538-98a873,0.02,64,LL,0899,41.5784,0.99673,4.521022,0.109375,0.890625,0.234375,0.765625,0,2.2,3.43,4.51,models/windowed_cnn_grid/64bit_a0.020/windowed_cnn_best.pt@ff2fedf06329
matrix-20260918-025538-98a873,0.02,64,LL,0900,43.0731,0.993325,3.20458,0.125,0.875,0.28125,0.71875,0,2.18,3.29,4.52,models/windowed_cnn_grid/64bit_a0.020/windowed_cnn_best.pt@ff2fedf06329
matrix-20260918-025538-98a873,0.02,128,LL,0801,39.281,0.998553,7.673279,0.101562,0.898438,0.25,0.75,0,2.19,3.36,6.24,models/windowed_cnn_grid/128bit_a0.020/windowed_cnn_best.pt@185094eaf75f
matrix-20260918-025538-98a873,0.02,128,LL,0802,41.1323,0.979516,5.010157,0.109375,0.890625,0.210938,0.789062,0,2.17,3.26,6.38,models/windowed_cnn_grid/128bit_a0.020/windowed_cnn_best.pt@185094eaf75f
matrix-20260918-025538-98a873,0.02,128,LL,0803,38.9995,0.997072,8.187134,0.148438,0.851562,0.375,0.625,0,2.14,3.31,6.24,models/windowed_cnn_grid/128bit_a0.020/windowed_cnn_best.pt@185094eaf75f
matrix-20260918-025538-98a873,0.02,128,LL,0804,38.4973,0.998273,9.190816,0.109375,0.890625,0.304688,0.695312,0,2.19,3.3,6.23,models/windowed_cnn_grid/128bit_a0.020/windowed_cnn_best.pt@185094eaf75f
matrix-20260918-025538-98a873,0.02,128,LL,0805,38.2093,0.995801,9.820918,0.203125,0.796875,0.289062,0.710938,0,2.17,3.29,6.2,models/windowed_cnn_grid/128bit_a0.020/windowed_cnn_best.pt@185094eaf75f
matrix-20260918-025538-98a873,0.02,128,LL,0806,39.5381,0.989742,7.232239,0.179688,0.820312,0.367188,0.632812,0,2.15,3.26,6.21,models/windowed_cnn_grid/128bit_a0.020/windowed_cnn_best.pt@185094eaf75f
matrix-20260918-025538-98a873,0.02,128,LL,0807,41.5872,0.995632,4.511861,0.179688,0.820312,0.304688,0.695312,0,2.15,3.28,6.28,models/windowed_cnn_grid/128bit_a0.020/windowed_cnn_best.pt@185094eaf75f
matrix-20260918-025538-98a873,0.02,128,LL,0808,41.5044,0.995309,4.598796,0.164062,0.835938,0.367188,0.632812,0,2.2,3.26,6.63,models/windowed_cnn_grid/128bit_a0.020/windowed_cnn_best.pt@185094eaf75f
matrix-20260918-025538-98a873,0.02,128,LL,0809,39.6596,0.99842,7.03271,0.179688,0.820312,0.25,0.75,0,2.19,3.37,6.25,models/windowed_cnn_grid/128bit_a0.020/windowed_cnn_best.pt@185094eaf75f
matrix-20260918-025538-98a873,0.02,128,LL,0810,39.9997,0.997434,6.502986,0.234375,0.765625,0.25,0.75,0,2.25,3.29,6.28,models/windowed_cnn_grid/128bit_a0.020/windowed_cnn_best.pt@185094eaf75f
matrix-20260918-025538-98a873,0.02,128,LL,0811,42.4436,0.997336,3.704447,0.140625,0.859375,0.226562,0.773438,0,2.19,3.3,6.23,models/windowed_cnn_grid/128bit_a0.020/windowed_cnn_best.pt@185094eaf75f
matrix-20260918-025538-98a873,0.02,128,LL,0812,39.8491,0.997018,6.732376,0.1875,0.8125,0.242188,0.757812,0,2.19,3.28,6.21,models/windowed_cnn_grid/128bit_a0.020/windowed_cnn_best.pt@185094eaf75f
matrix-20260918-025538-98a873,0.02,128,LL,0813,39.0497,0.995673,8.093007,0.09375,0.90625,0.210938,0.789062,0,2.19,3.42,6.32,models/windowed_cnn_grid/128bit_a0.020/windowed_cnn_best.pt@185094eaf75f
matrix-20260918-025538-98a873,0.02,128,LL,0814,43.0469,0.997623,3.223984,0.234375,0.765625,0.375,0.625,0,2.15,3.29,6.2,models/windowed_cnn_grid/128bit_a0.020/windowed_cnn_best.pt@185094eaf75f
matrix-20260918-025538-98a873,0.02,128,LL,0815,41.4087,0.998043,4.701269,0.117188,0.882812,0.265625,0.734375,0,2.19,3.36,6.31,models/windowed_cnn_grid/128bit_a0.020/windowed_cnn_best.pt@185094eaf75f
matrix-20260918-025538-98a873,0.02,128,LL,0816,38.6987,0.997755,8.774236,0.179688,0.820312,0.234375,0.765625,0,2.23,3.3,6.3,models/windowed_cnn_grid/128bit_a0.020/windowed_cnn_best.pt@185094eaf75f
matrix-20260918-025538-98a873,0.02,128,LL,0817,39.4203,0.997373,7.431107,0.140625,0.859375,0.28125,0.71875,0,2.2,3.28,6.18,models/windowed_cnn_grid/128bit_a0.020/windowed_cnn_best.pt@185094eaf75f
matrix-20260918-025538-98a873,0.02,128,LL,0818,37.7633,0.996349,10.883108,0.179688,0.820312,0.34375,0.65625,0,2.15,3.28,6.22,models/windowed_cnn_grid/128bit_a0.020/windowed_cnn_best.pt@185094eaf75f
matrix-20260918-025538-98a873,0.02,128,LL,0819,39.9267,0.998074,6.613118,0.140625,0.859375,0.304688,0.695312,0,2.15,3.32,6.23,models/windowed_cnn_grid/128bit_a0.020/windowed_cnn_best.pt@185094eaf75f
matrix-20260918-025538-98a873,0.02,128,LL,0820,38.3771,0.998257,9.448624,0.171875,0.828125,0.21875,0.78125,0,2.18,3.37,6.26,models/windowed_cnn_grid/128bit_a0.020/windowed_cnn_best.pt@185094eaf75f
matrix-20260918-025538-98a873,0.02,128,LL,0821,41.2497,0.994759,4.876485,0.203125,0.796875,0.257812,0.742188,0,2.21,3.35,6.27,models/windowed_cnn_grid/128bit_a0.020/windowed_cnn_best.pt@185094eaf75f
matrix-20260918-025538-98a873,0.02,128,LL,0822,42.6451,0.997454,3.536469,0.210938,0.789062,0.257812,0.742188,0,2.22,3.33,6.24,models/windowed_cnn_grid/128bit_a0.020/windowed_cnn_best.pt@185094eaf75f
matrix-20260918-025538-98a873,0.02,128,LL,0823,38.3793,0.991279,9.443822,0.226562,0.773438,0.296875,0.703125,0,2.15,3.25,6.28,models/windowed_cnn_grid/128bit_a0.020/windowed_cnn_best.pt@185094eaf75f
matrix-20260918-025538-98a873,0.02,128,LL,0824,38.9553,0.997702,8.270803,0.109375,0.890625,0.226562,0.773438,0,2.18,3.45,6.28,models/windowed_cnn_grid/128bit_a0.020/windowed_cnn_best.pt@185094eaf75f
matrix-20260918-025538-98a873,0.02,128,LL,0825,39.4067,0.998102,7.454341,0.117188,0.882812,0.273438,0.726562,0,2.17,3.27,6.34,models/windowed_cnn_grid/128bit_a0.020/windowed_cnn_best.pt@185094eaf75f
matrix-20260918-025538-98a873,0.02,128,LL,0826,38.9725,0.99726,8.23818,0.21875,0.78125,0.320312,0.679688,0,2.16,3.29,6.28,models/windowed_cnn_grid/128bit_a0.020/windowed_cnn_best.pt@185094eaf75f
matrix-20260918-025538-98a873,0.02,128,LL,0827,47.5418,0.996365,1.145243,0.25,0.75,0.34375,0.65625,0,2.26,3.29,6.3,models/windowed_cnn_grid/128bit_a0.020/windowed_cnn_best.pt@185094eaf75f
matrix-20260918-025538-98a873,0.02,128,LL,0828,45.9542,0.988735,1.650655,0.148438,0.851562,0.203125,0.796875,0,2.26,3.37,6.29,models/windowed_cnn_grid/128bit_a0.020/windowed_cnn_best.pt@185094eaf75f
matrix-20260918-025538-98a873,0.02,128,LL,0829,41.2831,0.996465,4.839142,0.125,0.875,0.296875,0.703125,0,2.19,3.3,6.22,models/windowed_cnn_grid/128bit_a0.020/windowed_cnn_best.pt@185094eaf75f
matrix-20260918-025538-98a873,0.02,128,LL,0830,39.1486,0.996932,7.910873,0.195312,0.804688,0.21875,0.78125,0,2.15,3.33,6.27,models/windowed_cnn_grid/128bit_a0.020/windowed_cnn_best.pt@185094eaf75f
matrix-20260918-025538-98a873,0.02,128,LL,0831,42.0183,0.998014,4.085576,0.148438,0.851562,0.21875,0.78125,0,2.18,3.31,6.25,models/windowed_cnn_grid/128bit_a0.020/windowed_cnn_best.pt@185094eaf75f
matrix-20260918-025538-98a873,0.02,128,LL,0832,40.4344,0.997502,5.883499,0.070312,0.929688,0.179688,0.820312,0,2.17,3.3,6.29,models/windowed_cnn_grid/128bit_a0.020/windowed_cnn_best.pt@185094eaf75f
matrix-20260918-025538-98a873,0.02,128,LL,0833,36.6724,0.998454,13.990702,0.25,0.75,0.390625,0.609375,0,2.15,3.27,6.25,models/windowed_cnn_grid/128bit_a0.020/windowed_cnn_best.pt@185094eaf75f
matrix-20260918-025538-98a873,0.02,128,LL,0834,37.1908,0.996445,12.416651,0.125,0.875,0.257812,0.742188,0,2.17,3.28,6.23,models/windowed_cnn_grid/128bit_a0.020/windowed_cnn_best.pt@185094eaf75f
matrix-20260918-025538-98a873,0.02,128,LL,0835,41.4207,0.997691,4.688222,0.25,0.75,0.296875,0.703125,0,2.18,3.29,6.26,models/windowed_cnn_grid/128bit_a0.020/windowed_cnn_best.pt@185094eaf75f
matrix-20260918-025538-98a873,0.02,128,LL,0836,37.7689,0.997675,10.868998,0.164062,0.835938,0.257812,0.742188,0,2.2,3.29,6.28,models/windowed_cnn_grid/128bit_a0.020/windowed_cnn_best.pt@185094eaf75f
matrix-20260918-025538-98a873,0.02,128,LL,0837,41.5563,0.99806,4.544083,0.171875,0.828125,0.273438,0.726562,0,2.16,3.35,6.16,models/windowed_cnn_grid/128bit_a0.020/windowed_cnn_best.pt@185094eaf75f
matrix-20260918-025538-98a873,0.02,128,LL,0838,41.4287,0.996038,4.679632,0.210938,0.789062,0.304688,0.695312,0,2.18,3.24,6.23,models/windowed_cnn_grid/128bit_a0.020/windowed_cnn_best.pt@185094eaf75f
matrix-20260918-025538-98a873,0.02,128,LL,0839,43.801,0.998781,2.710058,0.15625,0.84375,0.265625,0.734375,0,2.09,3.28,6.32,models/windowed_cnn_grid/128bit_a0.020/windowed_cnn_best.pt@185094eaf75f
matrix-20260918-025538-98a873,0.02,128,LL,0840,43.2769,0.998449,3.057683,0.21875,0.78125,0.25,0.75,0,2.23,3.33,6.26,models/windowed_cnn_grid/128bit_a0.020/windowed_cnn_best.pt@185094eaf75f
matrix-20260918-025538-98a873,0.02,128,LL,0841,43.4641,0.996923,2.928701,0.148438,0.851562,0.328125,0.671875,0,2.18,3.4,6.24,models/windowed_cnn_grid/128bit_a0.020/windowed_cnn_best.pt@185094eaf75f
matrix-20260918-025538-98a873,0.02,128,LL,0842,37.2057,0.99738,12.373871,0.179688,0.820312,0.296875,0.703125,0,2.17,3.26,6.21,models/windowed_cnn_grid/128bit_a0.020/windowed_cnn_best.pt@185094eaf75f
matrix-20260918-025538-98a873,0.02,128,LL,0843,47.2473,0.998916,1.225616,0.34375,0.65625,0.414062,0.585938,0,1.84,2.74,5.92,models/windowed_cnn_grid/128bit_a0.020/windowed_cnn_best.pt@185094eaf75f
matrix-20260918-025538-98a873,0.02,128,LL,0844,36.0341,0.995967,16.205694,0.203125,0.796875,0.320312,0.679688,0,2.23,3.3,6.16,models/windowed_cnn_grid/128bit_a0.020/windowed_cnn_best.pt@185094eaf75f
matrix-20260918-025538-98a873,0.02,128,LL,0845,37.6583,0.993919,11.149246,0.203125,0.796875,0.28125,0.71875,0,2.17,3.41,6.27,models/windowed_cnn_grid/128bit_a0.020/windowed_cnn_best.pt@185094eaf75f
matrix-20260918-025538-98a873,0.02,128,LL,0846,37.8308,0.998096,10.715139,0.125,0.875,0.234375,0.765625,0,2.17,3.3,6.23,models/windowed_cnn_grid/128bit_a0.020/windowed_cnn_best.pt@185094eaf75f
matrix-20260918-025538-98a873,0.02,128,LL,0847,39.7134,0.996922,6.946045,0.117188,0.882812,0.242188,0.757812,0,2.16,3.27,6.26,models/windowed_cnn_grid/128bit_a0.020/windowed_cnn_best.pt@185094eaf75f
matrix-20260918-025538-98a873,0.02,128,LL,0848,40.1268,0.989827,6.315348,0.132812,0.867188,0.3125,0.6875,0,2.17,3.38,6.27,models/windowed_cnn_grid/128bit_a0.020/windowed_cnn_best.pt@185094eaf75f
matrix-20260918-025538-98a873,0.02,128,LL,0849,40.1399,0.998487,6.296361,0.117188,0.882812,0.210938,0.789062,0,2.24,3.37,6.21,models/windowed_cnn_grid/128bit_a0.020/windowed_cnn_best.pt@185094eaf75f
matrix-20260918-025538-98a873,0.02,128,LL,0850,39.9635,0.997854,6.557449,0.085938,0.914062,0.25,0.75,0,2.22,3.27,6.17,models/windowed_cnn_grid/128bit_a0.020/windowed_cnn_best.pt@185094eaf75f
matrix-20260918-025538-98a873,0.02,128,LL,0851,44.0209,0.979312,2.576253,0.179688,0.820312,0.296875,0.703125,0,2.16,3.4,6.25,models/windowed_cnn_grid/128bit_a0.020/windowed_cnn_best.pt@185094eaf75f
matrix-20260918-025538-98a873,0.02,128,LL,0852,50.8035,0.995006,0.540415,0.179688,0.820312,0.320312,0.679688,0,2.22,3.29,6.18,models/windowed_cnn_grid/128bit_a0.020/windowed_cnn_best.pt@185094eaf75f
matrix-20260918-025538-98a873,0.02,128,LL,0853,42.9595,0.995612,3.289541,0.179688,0.820312,0.265625,0.734375,0,2.19,3.37,6.2,models/windowed_cnn_grid/128bit_a0.020/windowed_cnn_best.pt@185094eaf75f
matrix-20260918-025538-98a873,0.02,128,LL,0854,38.7309,0.997721,8.709376,0.273438,0.726562,0.226562,0.773438,0,2.17,3.32,6.21,models/windowed_cnn_grid/128bit_a0.020/windowed_cnn_best.pt@185094eaf75f
matrix-20260918-025538-98a873,0.02,128,LL,0855,39.6409,0.994812,7.063065,0.09375,0.90625,0.273438,0.726562,0,2.17,3.29,6.24,models/windowed_cnn_grid/128bit_a0.020/windowed_cnn_best.pt@185094eaf75f
matrix-20260918-025538-98a873,0.02,128,LL,0856,45.3953,0.997796,1.87737,0.210938,0.789062,0.226562,0.773438,0,2.19,3.31,6.32,models/windowed_cnn_grid/128bit_a0.020/windowed_cnn_best.pt@185094eaf75f
matrix-20260918-025538-98a873,0.02,128,LL,0857,39.5697,0.996832,7.179708,0.125,0.875,0.296875,0.703125,0,2.17,3.24,6.24,models/windowed_cnn_grid/128bit_a0.020/windowed_cnn_best.pt@185094eaf75f
matrix-20260918-025538-98a873,0.02,128,LL,0858,44.9997,0.995989,2.056402,0.179688,0.820312,0.25,0.75,0,2.25,3.32,6.19,models/windowed_cnn_grid/128bit_a0.020/windowed_cnn_best.pt@185094eaf75f
matrix-20260918-025538-98a873,0.02,128,LL,0859,37.9383,0.997891,10.453181,0.179688,0.820312,0.226562,0.773438,0,2.17,3.29,6.26,models/windowed_cnn_grid/128bit_a0.020/windowed_cnn_best.pt@185094eaf75f
matrix-20260918-025538-98a873,0.02,128,LL,0860,40.719,0.998649,5.510335,0.0625,0.9375,0.226562,0.773438,0,2.18,3.32,6.24,models/windowed_cnn_grid/128bit_a0.020/windowed_cnn_best.pt@185094eaf75f
matrix-20260918-025538-98a873,0.02,128,LL,0861,41.8411,0.99701,4.255727,0.15625,0.84375,0.203125,0.796875,0,2.23,3.3,6.27,models/windowed_cnn_grid/128bit_a0.020/windowed_cnn_best.pt@185094eaf75f
matrix-20260918-025538-98a873,0.02,128,LL,0862,38.292,0.997034,9.635707,0.28125,0.71875,0.320312,0.679688,0,2.17,3.26,6.21,models/windowed_cnn_grid/128bit_a0.020/windowed_cnn_best.pt@185094eaf75f
matrix-20260918-025538-98a873,0.02,128,LL,0863,37.9106,0.997046,10.520187,0.179688,0.820312,0.296875,0.703125,0,2.15,3.25,6.34,models/windowed_cnn_grid/128bit_a0.020/windowed_cnn_best.pt@185094eaf75f
matrix-20260918-025538-98a873,0.02,128,LL,0864,42.9295,0.998451,3.312291,0.179688,0.820312,0.320312,0.679688,0,2.21,3.29,6.26,models/windowed_cnn_grid/128bit_a0.020/windowed_cnn_best.pt@185094eaf75f
matrix-20260918-025538-98a873,0.02,128,LL,0865,39.7081,0.998313,6.954646,0.171875,0.828125,0.257812,0.742188,0,2.17,3.28,6.23,models/windowed_cnn_grid/128bit_a0.020/windowed_cnn_best.pt@185094eaf75f
matrix-20260918-025538-98a873,0.02,128,LL,0866,38.7879,0.998493,8.595851,0.15625,0.84375,0.226562,0.773438,0,2.19,3.29,6.25,models/windowed_cnn_grid/128bit_a0.020/windowed_cnn_best.pt@185094eaf75f
matrix-20260918-025538-98a873,0.02,128,LL,0867,40.9644,0.998568,5.207596,0.117188,0.882812,0.28125,0.71875,0,2.17,3.32,6.21,models/windowed_cnn_grid/128bit_a0.020/windowed_cnn_best.pt@185094eaf75f
matrix-20260918-025538-98a873,0.02,128,LL,0868,35.5818,0.998472,17.984594,0.296875,0.703125,0.421875,0.578125,0,2.12,3.27,6.16,models/windowed_cnn_grid/128bit_a0.020/windowed_cnn_best.pt@185094eaf75f
matrix-20260918-025538-98a873,0.02,128,LL,0869,39.2524,0.997762,7.723918,0.109375,0.890625,0.296875,0.703125,0,2.15,3.28,6.19,models/windowed_cnn_grid/128bit_a0.020/windowed_cnn_best.pt@185094eaf75f
matrix-20260918-025538-98a873,0.02,128,LL,0870,40.8701,0.998614,5.321955,0.179688,0.820312,0.273438,0.726562,0,2.19,3.35,6.29,models/windowed_cnn_grid/128bit_a0.020/windowed_cnn_best.pt@185094eaf75f
matrix-20260918-025538-98a873,0.02,128,LL,0871,39.3232,0.998189,7.599101,0.125,0.875,0.273438,0.726562,0,2.18,3.36,6.18,models/windowed_cnn_grid/128bit_a0.020/windowed_cnn_best.pt@185094eaf75f
matrix-20260918-025538-98a873,0.02,128,LL,0872,38.9097,0.998619,8.358093,0.125,0.875,0.179688,0.820312,0,2.18,3.36,6.28,models/windowed_cnn_grid/128bit_a0.020/windowed_cnn_best.pt@185094eaf75f
matrix-20260918-025538-98a873,0.02,128,LL,0873,40.3425,0.998157,6.009425,0.203125,0.796875,0.296875,0.703125,0,2.23,3.29,6.2,models/windowed_cnn_grid/128bit_a0.020/windowed_cnn_best.pt@185094eaf75f
matrix-20260918-025538-98a873,0.02,128,LL,0874,38.8348,0.997551,8.503484,0.15625,0.84375,0.304688,0.695312,0,2.22,3.3,6.29,models/windowed_cnn_grid/128bit_a0.020/windowed_cnn_best.pt@185094eaf75f
matrix-20260918-025538-98a873,0.02,128,LL,0875,41.9448,0.998794,4.155324,0.117188,0.882812,0.265625,0.734375,0,2.19,3.37,6.41,models/windowed_cnn_grid/128bit_a0.020/windowed_cnn_best.pt@185094eaf75f
matrix-20260918-025538-98a873,0.02,128,LL,0876,45.7527,0.998137,1.72908,0.195312,0.804688,0.304688,0.695312,0,2.26,3.36,6.24,models/windowed_cnn_grid/128bit_a0.020/windowed_cnn_best.pt@185094eaf75f
matrix-20260918-025538-98a873,0.02,128,LL,0877,46.1574,0.996954,1.575231,0.09375,0.90625,0.273438,0.726562,0,2.15,3.31,6.22,models/windowed_cnn_grid/128bit_a0.020/windowed_cnn_best.pt@185094eaf75f
matrix-20260918-025538-98a873,0.02,128,LL,0878,38.4904,0.998236,9.205317,0.164062,0.835938,0.3125,0.6875,0,2.19,3.3,6.26,models/windowed_cnn_grid/128bit_a0.020/windowed_cnn_best.pt@185094eaf75f
matrix-20260918-025538-98a873,0.02,128,LL,0879,40.8786,0.995801,5.3116,0.179688,0.820312,0.296875,0.703125,0,2.19,3.32,6.14,models/windowed_cnn_grid/128bit_a0.020/windowed_cnn_best.pt@185094eaf75f
matrix-20260918-025538-98a873,0.02,128,LL,0880,40.2779,0.997471,6.099386,0.179688,0.820312,0.296875,0.703125,0,2.17,3.3,6.18,models/windowed_cnn_grid/128bit_a0.020/windowed_cnn_best.pt@185094eaf75f
matrix-20260918-025538-98a873,0.02,128,LL,0881,38.4665,0.997057,9.256088,0.210938,0.789062,0.289062,0.710938,0,2.21,3.38,6.24,models/windowed_cnn_grid/128bit_a0.020/windowed_cnn_best.pt@185094eaf75f
matrix-20260918-025538-98a873,0.02,128,LL,0882,40.5612,0.997519,5.714264,0.101562,0.898438,0.203125,0.796875,0,2.18,3.34,6.17,models/windowed_cnn_grid/128bit_a0.020/windowed_cnn_best.pt@185094eaf75f
matrix-20260918-025538-98a873,0.02,128,LL,0883,39.6811,0.997988,6.997904,0.1875,0.8125,0.296875,0.703125,0,2.26,3.33,6.27,models/windowed_cnn_grid/128bit_a0.020/windowed_cnn_best.pt@185094eaf75f
matrix-20260918-025538-98a873,0.02,128,LL,0884,40.8953,0.998378,5.291112,0.179688,0.820312,0.289062,0.710938,0,2.17,3.27,6.28,models/windowed_cnn_grid/128bit_a0.020/windowed_cnn_best.pt@185094eaf75f
matrix-20260918-025538-98a873,0.02,128,LL,0885,42.1302,0.997903,3.981618,0.125,0.875,0.289062,0.710938,0,2.19,3.39,6.2,models/windowed_cnn_grid/128bit_a0.020/windowed_cnn_best.pt@185094eaf75f
matrix-20260918-025538-98a873,0.02,128,LL,0886,40.773,0.993633,5.442296,0.195312,0.804688,0.289062,0.710938,0,2.17,3.26,6.18,models/windowed_cnn_grid/128bit_a0.020/windowed_cnn_best.pt@185094eaf75f
matrix-20260918-025538-98a873,0.02,128,LL,0887,39.2819,0.995847,7.671626,0.140625,0.859375,0.289062,0.710938,0,2.16,3.32,6.28,models/windowed_cnn_grid/128bit_a0.020/windowed_cnn_best.pt@185094eaf75f
matrix-20260918-025538-98a873,0.02,128,LL,0888,39.7451,0.997666,6.89563,0.171875,0.828125,0.234375,0.765625,0,2.18,3.3,6.3,models/windowed_cnn_grid/128bit_a0.020/windowed_cnn_best.pt@185094eaf75f
matrix-20260918-025538-98a873,0.02,128,LL,0889,39.2019,0.998549,7.814224,0.09375,0.90625,0.125,0.875,0,2.17,3.31,6.26,models/windowed_cnn_grid/128bit_a0.020/windowed_cnn_best.pt@185094eaf75f
matrix-20260918-025538-98a873,0.02,128,LL,0890,40.1892,0.997422,6.22523,0.1875,0.8125,0.367188,0.632812,0,2.14,3.25,6.22,models/windowed_cnn_grid/128bit_a0.020/windowed_cnn_best.pt@185094eaf75f
matrix-20260918-025538-98a873,0.02,128,LL,0891,39.3505,0.998203,7.551437,0.070312,0.929688,0.203125,0.796875,0,2.17,3.29,6.2,models/windowed_cnn_grid/128bit_a0.020/windowed_cnn_best.pt@185094eaf75f
matrix-20260918-025538-98a873,0.02,128,LL,0892,38.4279,0.998895,9.338781,0.21875,0.78125,0.335938,0.664062,0,2.21,3.38,6.23,models/windowed_cnn_grid/128bit_a0.020/windowed_cnn_best.pt@185094eaf75f
matrix-20260918-025538-98a873,0.02,128,LL,0893,42.3609,0.996604,3.775675,0.179688,0.820312,0.1875,0.8125,0,2.15,3.32,6.2,models/windowed_cnn_grid/128bit_a0.020/windowed_cnn_best.pt@185094eaf75f
matrix-20260918-025538-98a873,0.02,128,LL,0894,37.0087,0.996922,12.948135,0.226562,0.773438,0.289062,0.710938,0,2.16,3.41,6.22,models/windowed_cnn_grid/128bit_a0.020/windowed_cnn_best.pt@185094eaf75f
matrix-20260918-025538-98a873,0.02,128,LL,0895,41.0688,0.998301,5.083969,0.15625,0.84375,0.335938,0.664062,0,2.19,3.39,6.25,models/windowed_cnn_grid/128bit_a0.020/windowed_cnn_best.pt@185094eaf75f
matrix-20260918-025538-98a873,0.02,128,LL,0896,35.6794,0.990869,17.585002,0.15625,0.84375,0.335938,0.664062,0,2.17,3.27,6.2,models/windowed_cnn_grid/128bit_a0.020/windowed_cnn_best.pt@185094eaf75f
matrix-20260918-025538-98a873,0.02,128,LL,0897,41.9905,0.999062,4.111755,0.179688,0.820312,0.25,0.75,0,2.22,3.33,6.32,models/windowed_cnn_grid/128bit_a0.020/windowed_cnn_best.pt@185094eaf75f
matrix-20260918-025538-98a873,0.02,128,LL,0898,39.6981,0.995207,6.970657,0.257812,0.742188,0.34375,0.65625,0,2.14,3.24,6.24,models/windowed_cnn_grid/128bit_a0.020/windowed_cnn_best.pt@185094eaf75f
matrix-20260918-025538-98a873,0.02,128,LL,0899,41.5491,0.996569,4.551661,0.117188,0.882812,0.1875,0.8125,0,2.19,3.4,6.31,models/windowed_cnn_grid/128bit_a0.020/windowed_cnn_best.pt@185094eaf75f
matrix-20260918-025538-98a873,0.02,128,LL,0900,43.217,0.988935,3.100098,0.148438,0.851562,0.289062,0.710938,0,2.16,3.27,6.28,models/windowed_cnn_grid/128bit_a0.020/windowed_cnn_best.pt@185094eaf75f
matrix-20260918-025538-98a873,0.02,256,LL+HL,0801,39.2527,0.998536,7.72347,0.136719,0.863281,,,,3.52,6.03,,
matrix-20260918-025538-98a873,0.02,256,LL+HL,0802,41.1145,0.981023,5.030706,0.1875,0.8125,,,,3.47,5.87,,
matrix-20260918-025538-98a873,0.02,256,LL+HL,0803,39.0094,0.997079,8.168427,0.15625,0.84375,,,,3.51,5.76,,
matrix-20260918-025538-98a873,0.02,256,LL+HL,0804,38.4673,0.998456,9.254425,0.183594,0.816406,,,,3.44,5.95,,
matrix-20260918-025538-98a873,0.02,256,LL+HL,0805,38.0292,0.998255,10.236598,0.15625,0.84375,,,,3.49,5.9,,
matrix-20260918-025538-98a873,0.02,256,LL+HL,0806,39.614,0.996339,7.106867,0.167969,0.832031,,,,3.47,5.97,,
matrix-20260918-025538-98a873,0.02,256,LL+HL,0807,41.4578,0.994461,4.648382,0.179688,0.820312,,,,3.56,5.88,,
matrix-20260918-025538-98a873,0.02,256,LL+HL,0808,42.0345,0.995582,4.070363,0.171875,0.828125,,,,3.41,5.85,,
matrix-20260918-025538-98a873,0.02,256,LL+HL,0809,39.6533,0.998243,7.042826,0.175781,0.824219,,,,3.56,5.93,,
matrix-20260918-025538-98a873,0.02,256,LL+HL,0810,39.8417,0.997674,6.743896,0.199219,0.800781,,,,3.5,5.83,,
matrix-20260918-025538-98a873,0.02,256,LL+HL,0811,42.4897,0.997174,3.665278,0.1875,0.8125,,,,3.57,5.87,,
matrix-20260918-025538-98a873,0.02,256,LL+HL,0812,39.8484,0.997194,6.733495,0.125,0.875,,,,3.43,5.93,,
matrix-20260918-025538-98a873,0.02,256,LL+HL,0813,38.9538,0.996182,8.273738,0.15625,0.84375,,,,3.5,5.82,,
matrix-20260918-025538-98a873,0.02,256,LL+HL,0814,42.6395,0.99747,3.541011,0.28125,0.71875,,,,3.4,5.85,,
matrix-20260918-025538-98a873,0.02,256,LL+HL,0815,41.3933,0.99819,4.717926,0.171875,0.828125,,,,3.54,5.99,,
matrix-20260918-025538-98a873,0.02,256,LL+HL,0816,38.6883,0.997616,8.795242,0.164062,0.835938,,,,3.52,5.94,,
matrix-20260918-025538-98a873,0.02,256,LL+HL,0817,39.408,0.997406,7.452062,0.21875,0.78125,,,,3.55,5.85,,
matrix-20260918-025538-98a873,0.02,256,LL+HL,0818,37.8475,0.995943,10.673976,0.140625,0.859375,,,,3.45,5.95,,
matrix-20260918-025538-98a873,0.02,256,LL+HL,0819,40.0644,0.998142,6.406804,0.164062,0.835938,,,,3.47,5.77,,
matrix-20260918-025538-98a873,0.02,256,LL+HL,0820,38.5332,0.998085,9.115056,0.140625,0.859375,,,,3.49,5.96,,
matrix-20260918-025538-98a873,0.02,256,LL+HL,0821,41.1234,0.994909,5.020426,0.183594,0.816406,,,,3.48,5.97,,
matrix-20260918-025538-98a873,0.02,256,LL+HL,0822,42.5923,0.997899,3.579697,0.167969,0.832031,,,,3.56,5.98,,
matrix-20260918-025538-98a873,0.02,256,LL+HL,0823,38.345,0.986759,9.518667,0.175781,0.824219,,,,3.42,5.79,,
matrix-20260918-025538-98a873,0.02,256,LL+HL,0824,38.9185,0.997529,8.341217,0.140625,0.859375,,,,3.45,6.02,,
matrix-20260918-025538-98a873,0.02,256,LL+HL,0825,39.4541,0.998056,7.373515,0.105469,0.894531,,,,3.45,5.79,,
matrix-20260918-025538-98a873,0.02,256,LL+HL,0826,38.9144,0.996919,8.349182,0.179688,0.820312,,,,3.44,5.79,,
matrix-20260918-025538-98a873,0.02,256,LL+HL,0827,47.6635,0.99623,1.113607,0.207031,0.792969,,,,3.43,5.93,,
matrix-20260918-025538-98a873,0.02,256,LL+HL,0828,45.8133,0.993157,1.705088,0.128906,0.871094,,,,3.57,5.97,,
matrix-20260918-025538-98a873,0.02,256,LL+HL,0829,41.257,0.996429,4.868317,0.183594,0.816406,,,,3.43,5.8,,
matrix-20260918-025538-98a873,0.02,256,LL+HL,0830,39.1162,0.996468,7.970052,0.136719,0.863281,,,,3.41,5.89,,
matrix-20260918-025538-98a873,0.02,256,LL+HL,0831,41.6913,0.997762,4.40509,0.1875,0.8125,,,,3.49,5.83,,
matrix-20260918-025538-98a873,0.02,256,LL+HL,0832,40.9739,0.997133,5.196203,0.164062,0.835938,,,,3.46,5.88,,
matrix-20260918-025538-98a873,0.02,256,LL+HL,0833,36.6262,0.997784,14.140198,0.230469,0.769531,,,,3.4,5.78,,
matrix-20260918-025538-98a873,0.02,256,LL+HL,0834,38.5556,0.996372,9.06811,0.160156,0.839844,,,,3.43,5.99,,
matrix-20260918-025538-98a873,0.02,256,LL+HL,0835,41.396,0.997523,4.714996,0.160156,0.839844,,,,3.51,5.88,,
matrix-20260918-025538-98a873,0.02,256,LL+HL,0836,37.7805,0.997503,10.840068,0.171875,0.828125,,,,3.41,5.8,,
matrix-20260918-025538-98a873,0.02,256,LL+HL,0837,41.495,0.998022,4.608765,0.1875,0.8125,,,,3.49,5.84,,
matrix-20260918-025538-98a873,0.02,256,LL+HL,0838,40.9698,0.995614,5.201121,0.1875,0.8125,,,,3.4,5.76,,
matrix-20260918-025538-98a873,0.02,256,LL+HL,0839,42.639,0.966343,3.541443,0.175781,0.824219,,,,3.42,5.64,,
matrix-20260918-025538-98a873,0.02,256,LL+HL,0840,43.068,0.998121,3.208338,0.125,0.875,,,,3.53,5.93,,
matrix-20260918-025538-98a873,0.02,256,LL+HL,0841,43.5271,0.996831,2.886464,0.183594,0.816406,,,,3.5,5.81,,
matrix-20260918-025538-98a873,0.02,256,LL+HL,0842,37.1033,0.997378,12.669134,0.128906,0.871094,,,,3.46,5.84,,
matrix-20260918-025538-98a873,0.02,256,LL+HL,0843,47.2811,0.998645,1.216105,0.285156,0.714844,,,,2.66,4.18,,
matrix-20260918-025538-98a873,0.02,256,LL+HL,0844,35.9865,0.996064,16.384293,0.21875,0.78125,,,,3.43,5.88,,
matrix-20260918-025538-98a873,0.02,256,LL+HL,0845,37.4522,0.997681,11.691345,0.148438,0.851562,,,,3.48,5.94,,
matrix-20260918-025538-98a873,0.02,256,LL+HL,0846,37.8231,0.998112,10.734258,0.183594,0.816406,,,,3.5,5.93,,
matrix-20260918-025538-98a873,0.02,256,LL+HL,0847,39.9484,0.996952,6.580236,0.132812,0.867188,,,,3.48,5.8,,
matrix-20260918-025538-98a873,0.02,256,LL+HL,0848,40.1277,0.995123,6.314031,0.148438,0.851562,,,,3.45,5.96,,
matrix-20260918-025538-98a873,0.02,256,LL+HL,0849,39.9243,0.99839,6.616908,0.128906,0.871094,,,,3.51,5.88,,
matrix-20260918-025538-98a873,0.02,256,LL+HL,0850,39.9707,0.997852,6.546585,0.15625,0.84375,,,,3.44,5.94,,
matrix-20260918-025538-98a873,0.02,256,LL+HL,0851,43.615,0.976149,2.828664,0.183594,0.816406,,,,3.45,5.78,,
matrix-20260918-025538-98a873,0.02,256,LL+HL,0852,50.6461,0.995029,0.560369,0.203125,0.796875,,,,3.52,5.94,,
matrix-20260918-025538-98a873,0.02,256,LL+HL,0853,42.9228,0.994904,3.317454,0.230469,0.769531,,,,3.39,5.7,,
matrix-20260918-025538-98a873,0.02,256,LL+HL,0854,38.7222,0.997792,8.726873,0.15625,0.84375,,,,3.46,5.82,,
matrix-20260918-025538-98a873,0.02,256,LL+HL,0855,39.617,0.99644,7.101954,0.179688,0.820312,,,,3.49,5.82,,
matrix-20260918-025538-98a873,0.02,256,LL+HL,0856,45.3996,0.997654,1.875529,0.179688,0.820312,,,,3.46,5.99,,
matrix-20260918-025538-98a873,0.02,256,LL+HL,0857,39.5165,0.996642,7.268199,0.1875,0.8125,,,,3.44,5.86,,
matrix-20260918-025538-98a873,0.02,256,LL+HL,0858,44.9236,0.996395,2.092763,0.183594,0.816406,,,,3.5,5.92,,
matrix-20260918-025538-98a873,0.02,256,LL+HL,0859,37.9242,0.997813,10.487127,0.175781,0.824219,,,,3.53,5.88,,
matrix-20260918-025538-98a873,0.02,256,LL+HL,0860,40.5205,0.997605,5.768117,0.167969,0.832031,,,,3.48,5.89,,
matrix-20260918-025538-98a873,0.02,256,LL+HL,0861,41.8908,0.996704,4.20723,0.136719,0.863281,,,,3.45,5.83,,
matrix-20260918-025538-98a873,0.02,256,LL+HL,0862,38.3754,0.996987,9.452469,0.222656,0.777344,,,,3.44,5.92,,
matrix-20260918-025538-98a873,0.02,256,LL+HL,0863,37.8233,0.996642,10.733648,0.195312,0.804688,,,,3.48,5.84,,
matrix-20260918-025538-98a873,0.02,256,LL+HL,0864,42.9191,0.998433,3.320277,0.207031,0.792969,,,,3.45,5.91,,
matrix-20260918-025538-98a873,0.02,256,LL+HL,0865,39.6666,0.998297,7.021398,0.203125,0.796875,,,,3.41,5.82,,
matrix-20260918-025538-98a873,0.02,256,LL+HL,0866,38.6338,0.998404,8.906408,0.15625,0.84375,,,,3.49,6.01,,
matrix-20260918-025538-98a873,0.02,256,LL+HL,0867,40.9186,0.998517,5.262833,0.152344,0.847656,,,,3.45,5.79,,
matrix-20260918-025538-98a873,0.02,256,LL+HL,0868,35.6255,0.998416,17.804408,0.308594,0.691406,,,,3.36,5.67,,
matrix-20260918-025538-98a873,0.02,256,LL+HL,0869,39.239,0.99756,7.747777,0.191406,0.808594,,,,3.45,5.96,,
matrix-20260918-025538-98a873,0.02,256,LL+HL,0870,40.9205,0.998692,5.260549,0.171875,0.828125,,,,3.55,5.98,,
matrix-20260918-025538-98a873,0.02,256,LL+HL,0871,39.3074,0.998124,7.62679,0.125,0.875,,,,3.51,5.89,,
matrix-20260918-025538-98a873,0.02,256,LL+HL,0872,38.8796,0.998588,8.4163,0.121094,0.878906,,,,3.46,6.0,,
matrix-20260918-025538-98a873,0.02,256,LL+HL,0873,40.2364,0.998272,6.158056,0.191406,0.808594,,,,3.43,5.83,,
matrix-20260918-025538-98a873,0.02,256,LL+HL,0874,38.3432,0.997449,9.522664,0.164062,0.835938,,,,3.47,5.94,,
matrix-20260918-025538-98a873,0.02,256,LL+HL,0875,41.9568,0.998692,4.143768,0.171875,0.828125,,,,3.48,5.92,,
matrix-20260918-025538-98a873,0.02,256,LL+HL,0876,45.7128,0.996359,1.745031,0.179688,0.820312,,,,3.5,5.94,,
matrix-20260918-025538-98a873,0.02,256,LL+HL,0877,45.9799,0.996791,1.640915,0.148438,0.851562,,,,3.46,5.84,,
matrix-20260918-025538-98a873,0.02,256,LL+HL,0878,38.4752,0.998118,9.23763,0.167969,0.832031,,,,3.51,5.95,,
matrix-20260918-025538-98a873,0.02,256,LL+HL,0879,40.6919,0.99575,5.544902,0.179688,0.820312,,,,3.48,5.74,,
matrix-20260918-025538-98a873,0.02,256,LL+HL,0880,40.2148,0.997357,6.188695,0.207031,0.792969,,,,3.45,5.85,,
matrix-20260918-025538-98a873,0.02,256,LL+HL,0881,38.3778,0.996953,9.4472,0.1875,0.8125,,,,3.45,5.87,,
matrix-20260918-025538-98a873,0.02,256,LL+HL,0882,40.5327,0.997295,5.751918,0.160156,0.839844,,,,3.5,5.76,,
matrix-20260918-025538-98a873,0.02,256,LL+HL,0883,39.6697,0.997974,7.016403,0.164062,0.835938,,,,3.53,5.85,,
matrix-20260918-025538-98a873,0.02,256,LL+HL,0884,40.7928,0.99807,5.417496,0.195312,0.804688,,,,3.48,5.91,,
matrix-20260918-025538-98a873,0.02,256,LL+HL,0885,42.0601,0.997848,4.046427,0.140625,0.859375,,,,3.46,5.8,,
matrix-20260918-025538-98a873,0.02,256,LL+HL,0886,40.739,0.993101,5.485057,0.21875,0.78125,,,,3.45,5.95,,
matrix-20260918-025538-98a873,0.02,256,LL+HL,0887,39.2656,0.995993,7.700439,0.148438,0.851562,,,,3.5,5.85,,
matrix-20260918-025538-98a873,0.02,256,LL+HL,0888,39.7108,0.997916,6.950267,0.128906,0.871094,,,,3.47,5.94,,
matrix-20260918-025538-98a873,0.02,256,LL+HL,0889,39.156,0.998509,7.8974,0.132812,0.867188,,,,3.47,5.83,,
matrix-20260918-025538-98a873,0.02,256,LL+HL,0890,40.1746,0.997296,6.246287,0.230469,0.769531,,,,3.43,5.89,,
matrix-20260918-025538-98a873,0.02,256,LL+HL,0891,39.3067,0.996848,7.628057,0.152344,0.847656,,,,3.48,5.81,,
matrix-20260918-025538-98a873,0.02,256,LL+HL,0892,38.3971,0.998889,9.405177,0.210938,0.789062,,,,3.47,6.11,,
matrix-20260918-025538-98a873,0.02,256,LL+HL,0893,42.3462,0.996438,3.788432,0.140625,0.859375,,,,3.51,5.81,,
matrix-20260918-025538-98a873,0.02,256,LL+HL,0894,37.0638,0.996362,12.785039,0.152344,0.847656,,,,3.61,5.88,,
matrix-20260918-025538-98a873,0.02,256,LL+HL,0895,41.0251,0.998051,5.135325,0.1875,0.8125,,,,3.54,5.72,,
matrix-20260918-025538-98a873,0.02,256,LL+HL,0896,35.6772,0.992042,17.594004,0.171875,0.828125,,,,3.5,5.86,,
matrix-20260918-025538-98a873,0.02,256,LL+HL,0897,41.5924,0.998867,4.50649,0.160156,0.839844,,,,3.48,5.82,,
matrix-20260918-025538-98a873,0.02,256,LL+HL,0898,39.414,0.99506,7.441905,0.246094,0.753906,,,,3.39,5.84,,
matrix-20260918-025538-98a873,0.02,256,LL+HL,0899,41.6228,0.996586,4.475082,0.164062,0.835938,,,,3.54,6.03,,
matrix-20260918-025538-98a873,0.02,256,LL+HL,0900,43.187,0.990446,3.121628,0.164062,0.835938,,,,3.51,5.93,,
